OrderID,OrderDate,CustomerID,CustomerSegment,Region,ProductName,Category,UnitPrice,Quantity,DiscountPct,GrossAmount,NetSales,Cost,Profit
100001,2023-01-01,CUST0001,Consumer,North,USB-C Hub,Electronics,1299,2,0.0,2598,2598.0,1766.64,831.36
100002,2023-01-01,CUST0349,Consumer,Central,Photo Frame Set,Home Decor,549,1,5.0,549,521.55,274.5,247.05
100003,2023-01-01,CUST0316,Small Business,North,Water Bottle,Accessories,349,1,0.0,349,349.0,191.95,157.05
100004,2023-01-01,CUST0339,Consumer,West,Bluetooth Speaker,Electronics,1999,1,0.0,1999,1999.0,1359.32,639.68
100005,2023-01-01,CUST0089,Corporate,Central,27in Monitor,Electronics,12999,2,0.0,25998,25998.0,17678.64,8319.36
100006,2023-01-01,CUST0328,Small Business,North,Bookshelf,Furniture,3499,1,0.0,3499,3499.0,2169.38,1329.62
100007,2023-01-01,CUST0125,Consumer,South,USB-C Hub,Electronics,1299,1,5.0,1299,1234.05,883.32,350.73
100008,2023-01-01,CUST0153,Consumer,South,Wall Clock,Home Decor,749,1,0.0,749,749.0,374.5,374.5
100009,2023-01-01,CUST0309,Corporate,South,Mechanical Keyboard,Electronics,2499,2,0.0,4998,4998.0,3398.64,1599.36
100010,2023-01-01,CUST0198,Corporate,North,USB-C Hub,Electronics,1299,3,0.0,3897,3897.0,2649.96,1247.04
100011,2023-01-01,CUST0042,Consumer,South,Bookshelf,Furniture,3499,1,5.0,3499,3324.05,2169.38,1154.67
100012,2023-01-02,CUST0196,Consumer,West,Water Bottle,Accessories,349,1,5.0,349,331.55,191.95,139.6
100013,2023-01-02,CUST0330,Consumer,South,Whiteboard,Stationery,1499,1,10.0,1499,1349.1,674.55,674.55
100014,2023-01-02,CUST0303,Small Business,East,Wall Clock,Home Decor,749,2,0.0,1498,1498.0,749.0,749.0
100015,2023-01-02,CUST0015,Consumer,West,Bookshelf,Furniture,3499,2,0.0,6998,6998.0,4338.76,2659.24
100016,2023-01-02,CUST0324,Consumer,North,Wall Clock,Home Decor,749,2,5.0,1498,1423.1,749.0,674.1
100017,2023-01-02,CUST0115,Small Business,North,Wall Clock,Home Decor,749,1,0.0,749,749.0,374.5,374.5
100018,2023-01-02,CUST0283,Consumer,North,Whiteboard,Stationery,1499,1,0.0,1499,1499.0,674.55,824.45
100019,2023-01-03,CUST0171,Small Business,North,Sticky Notes Pack,Stationery,99,3,0.0,297,297.0,133.65,163.35
100020,2023-01-03,CUST0133,Consumer,West,27in Monitor,Electronics,12999,2,5.0,25998,24698.1,17678.64,7019.46
100021,2023-01-03,CUST0092,Small Business,West,Notebook Set,Stationery,199,1,0.0,199,199.0,89.55,109.45
100022,2023-01-03,CUST0029,Small Business,West,USB-C Hub,Electronics,1299,1,10.0,1299,1169.1,883.32,285.78
100023,2023-01-03,CUST0257,Enterprise,East,Whiteboard,Stationery,1499,1,20.0,1499,1199.2,674.55,524.65
100024,2023-01-03,CUST0182,Consumer,Central,Water Bottle,Accessories,349,2,0.0,698,698.0,383.9,314.1
100025,2023-01-03,CUST0055,Small Business,South,Office Chair,Furniture,6499,1,0.0,6499,6499.0,4029.38,2469.62
100026,2023-01-03,CUST0309,Corporate,South,Wall Clock,Home Decor,749,1,10.0,749,674.1,374.5,299.6
100027,2023-01-03,CUST0154,Consumer,South,Bluetooth Speaker,Electronics,1999,1,0.0,1999,1999.0,1359.32,639.68
100028,2023-01-04,CUST0182,Consumer,Central,USB-C Hub,Electronics,1299,1,0.0,1299,1299.0,883.32,415.68
100029,2023-01-04,CUST0344,Consumer,Central,Office Chair,Furniture,6499,1,5.0,6499,6174.05,4029.38,2144.67
100030,2023-01-04,CUST0150,Consumer,East,Whiteboard,Stationery,1499,1,0.0,1499,1499.0,674.55,824.45
100031,2023-01-04,CUST0337,Corporate,North,Wireless Mouse,Electronics,599,3,0.0,1797,1797.0,1221.96,575.04
100032,2023-01-04,CUST0342,Consumer,East,Office Chair,Furniture,6499,1,20.0,6499,5199.2,4029.38,1169.82
100033,2023-01-04,CUST0327,Small Business,East,Wireless Mouse,Electronics,599,1,0.0,599,599.0,407.32,191.68
100034,2023-01-04,CUST0379,Corporate,West,Standing Desk,Furniture,14999,2,0.0,29998,29998.0,18598.76,11399.24
100035,2023-01-05,CUST0166,Corporate,North,Water Bottle,Accessories,349,2,0.0,698,698.0,383.9,314.1
100036,2023-01-05,CUST0055,Small Business,South,Bookshelf,Furniture,3499,3,0.0,10497,10497.0,6508.14,3988.86
100037,2023-01-05,CUST0366,Consumer,East,Notebook Set,Stationery,199,1,10.0,199,179.1,89.55,89.55
100038,2023-01-05,CUST0288,Small Business,Central,Standing Desk,Furniture,14999,2,5.0,29998,28498.1,18598.76,9899.34
100039,2023-01-05,CUST0313,Consumer,Central,Wireless Mouse,Electronics,599,1,0.0,599,599.0,407.32,191.68
100040,2023-01-05,CUST0255,Consumer,West,Whiteboard,Stationery,1499,1,0.0,1499,1499.0,674.55,824.45
100041,2023-01-05,CUST0229,Corporate,North,Wall Clock,Home Decor,749,1,5.0,749,711.55,374.5,337.05
100042,2023-01-05,CUST0264,Small Business,East,Wall Clock,Home Decor,749,1,0.0,749,749.0,374.5,374.5
100043,2023-01-05,CUST0288,Small Business,Central,Water Bottle,Accessories,349,2,10.0,698,628.2,383.9,244.3
100044,2023-01-06,CUST0161,Consumer,South,Standing Desk,Furniture,14999,1,0.0,14999,14999.0,9299.38,5699.62
100045,2023-01-06,CUST0036,Corporate,South,Backpack,Accessories,1799,1,5.0,1799,1709.05,989.45,719.6
100046,2023-01-06,CUST0303,Small Business,East,Wireless Mouse,Electronics,599,1,0.0,599,599.0,407.32,191.68
100047,2023-01-06,CUST0386,Corporate,East,Wall Clock,Home Decor,749,1,0.0,749,749.0,374.5,374.5
100048,2023-01-06,CUST0261,Small Business,South,27in Monitor,Electronics,12999,1,5.0,12999,12349.05,8839.32,3509.73
100049,2023-01-07,CUST0115,Small Business,North,Mechanical Keyboard,Electronics,2499,1,5.0,2499,2374.05,1699.32,674.73
100050,2023-01-07,CUST0237,Consumer,South,Mechanical Keyboard,Electronics,2499,1,0.0,2499,2499.0,1699.32,799.68
100051,2023-01-07,CUST0235,Consumer,Central,Office Chair,Furniture,6499,1,0.0,6499,6499.0,4029.38,2469.62
100052,2023-01-07,CUST0109,Consumer,East,Backpack,Accessories,1799,1,5.0,1799,1709.05,989.45,719.6
100053,2023-01-07,CUST0146,Consumer,Central,Office Chair,Furniture,6499,1,10.0,6499,5849.1,4029.38,1819.72
100054,2023-01-07,CUST0034,Enterprise,South,Table Lamp,Furniture,899,1,5.0,899,854.05,557.38,296.67
100055,2023-01-07,CUST0076,Small Business,East,Notebook Set,Stationery,199,1,0.0,199,199.0,89.55,109.45
100056,2023-01-07,CUST0027,Consumer,East,Bluetooth Speaker,Electronics,1999,2,10.0,3998,3598.2,2718.64,879.56
100057,2023-01-07,CUST0098,Consumer,West,Bookshelf,Furniture,3499,1,5.0,3499,3324.05,2169.38,1154.67
100058,2023-01-08,CUST0193,Corporate,East,Whiteboard,Stationery,1499,1,0.0,1499,1499.0,674.55,824.45
100059,2023-01-08,CUST0029,Small Business,West,Notebook Set,Stationery,199,1,0.0,199,199.0,89.55,109.45
100060,2023-01-08,CUST0164,Small Business,Central,Photo Frame Set,Home Decor,549,2,0.0,1098,1098.0,549.0,549.0
100061,2023-01-08,CUST0310,Consumer,East,USB-C Hub,Electronics,1299,1,5.0,1299,1234.05,883.32,350.73
100062,2023-01-08,CUST0069,Consumer,West,Office Chair,Furniture,6499,1,0.0,6499,6499.0,4029.38,2469.62
100063,2023-01-08,CUST0148,Small Business,Central,Wall Clock,Home Decor,749,1,10.0,749,674.1,374.5,299.6
100064,2023-01-09,CUST0104,Small Business,East,Backpack,Accessories,1799,1,0.0,1799,1799.0,989.45,809.55
100065,2023-01-09,CUST0229,Corporate,North,USB-C Hub,Electronics,1299,1,20.0,1299,1039.2,883.32,155.88
100066,2023-01-09,CUST0354,Consumer,East,Office Chair,Furniture,6499,1,0.0,6499,6499.0,4029.38,2469.62
100067,2023-01-09,CUST0305,Small Business,East,Whiteboard,Stationery,1499,1,15.0,1499,1274.15,674.55,599.6
100068,2023-01-09,CUST0303,Small Business,East,Standing Desk,Furniture,14999,1,15.0,14999,12749.15,9299.38,3449.77
100069,2023-01-09,CUST0264,Small Business,East,USB-C Hub,Electronics,1299,1,5.0,1299,1234.05,883.32,350.73
100070,2023-01-09,CUST0374,Small Business,East,Bluetooth Speaker,Electronics,1999,1,20.0,1999,1599.2,1359.32,239.88
100071,2023-01-10,CUST0199,Corporate,South,Photo Frame Set,Home Decor,549,4,0.0,2196,2196.0,1098.0,1098.0
100072,2023-01-10,CUST0250,Corporate,East,Office Chair,Furniture,6499,1,0.0,6499,6499.0,4029.38,2469.62
100073,2023-01-10,CUST0137,Small Business,East,Standing Desk,Furniture,14999,1,0.0,14999,14999.0,9299.38,5699.62
100074,2023-01-10,CUST0215,Small Business,Central,Whiteboard,Stationery,1499,2,5.0,2998,2848.1,1349.1,1499.0
100075,2023-01-10,CUST0103,Consumer,Central,27in Monitor,Electronics,12999,1,0.0,12999,12999.0,8839.32,4159.68
100076,2023-01-11,CUST0171,Small Business,North,Bluetooth Speaker,Electronics,1999,1,5.0,1999,1899.05,1359.32,539.73
100077,2023-01-11,CUST0039,Small Business,Central,Sticky Notes Pack,Stationery,99,1,0.0,99,99.0,44.55,54.45
100078,2023-01-12,CUST0034,Enterprise,South,Notebook Set,Stationery,199,1,10.0,199,179.1,89.55,89.55
100079,2023-01-12,CUST0274,Corporate,Central,Backpack,Accessories,1799,3,5.0,5397,5127.15,2968.35,2158.8
100080,2023-01-12,CUST0302,Small Business,East,Standing Desk,Furniture,14999,1,5.0,14999,14249.05,9299.38,4949.67
100081,2023-01-12,CUST0318,Consumer,South,Backpack,Accessories,1799,1,0.0,1799,1799.0,989.45,809.55
100082,2023-01-12,CUST0236,Small Business,West,Bookshelf,Furniture,3499,4,5.0,13996,13296.2,8677.52,4618.68
100083,2023-01-12,CUST0359,Enterprise,West,Table Lamp,Furniture,899,1,5.0,899,854.05,557.38,296.67
100084,2023-01-13,CUST0158,Corporate,Central,Bookshelf,Furniture,3499,2,5.0,6998,6648.1,4338.76,2309.34
100085,2023-01-14,CUST0140,Enterprise,North,27in Monitor,Electronics,12999,3,5.0,38997,37047.15,26517.96,10529.19
100086,2023-01-14,CUST0380,Consumer,North,Bluetooth Speaker,Electronics,1999,1,10.0,1999,1799.1,1359.32,439.78
100087,2023-01-14,CUST0344,Consumer,Central,Water Bottle,Accessories,349,1,0.0,349,349.0,191.95,157.05
100088,2023-01-14,CUST0199,Corporate,South,Table Lamp,Furniture,899,4,0.0,3596,3596.0,2229.52,1366.48
100089,2023-01-14,CUST0349,Consumer,Central,27in Monitor,Electronics,12999,1,0.0,12999,12999.0,8839.32,4159.68
100090,2023-01-15,CUST0054,Corporate,East,Bluetooth Speaker,Electronics,1999,3,10.0,5997,5397.3,4077.96,1319.34
100091,2023-01-15,CUST0020,Consumer,South,USB-C Hub,Electronics,1299,4,0.0,5196,5196.0,3533.28,1662.72
100092,2023-01-15,CUST0178,Consumer,North,Notebook Set,Stationery,199,1,20.0,199,159.2,89.55,69.65
100093,2023-01-15,CUST0160,Small Business,North,USB-C Hub,Electronics,1299,1,0.0,1299,1299.0,883.32,415.68
100094,2023-01-15,CUST0089,Corporate,Central,Backpack,Accessories,1799,1,0.0,1799,1799.0,989.45,809.55
100095,2023-01-15,CUST0267,Small Business,Central,Mechanical Keyboard,Electronics,2499,2,0.0,4998,4998.0,3398.64,1599.36
100096,2023-01-16,CUST0124,Consumer,Central,Bookshelf,Furniture,3499,1,0.0,3499,3499.0,2169.38,1329.62
100097,2023-01-16,CUST0176,Consumer,Central,Bluetooth Speaker,Electronics,1999,1,0.0,1999,1999.0,1359.32,639.68
100098,2023-01-16,CUST0176,Consumer,Central,Sticky Notes Pack,Stationery,99,1,0.0,99,99.0,44.55,54.45
100099,2023-01-16,CUST0114,Corporate,North,Wireless Mouse,Electronics,599,1,0.0,599,599.0,407.32,191.68
100100,2023-01-16,CUST0115,Small Business,North,Backpack,Accessories,1799,2,0.0,3598,3598.0,1978.9,1619.1
100101,2023-01-16,CUST0040,Consumer,East,Mechanical Keyboard,Electronics,2499,1,0.0,2499,2499.0,1699.32,799.68
100102,2023-01-16,CUST0216,Consumer,South,Office Chair,Furniture,6499,2,5.0,12998,12348.1,8058.76,4289.34
100103,2023-01-17,CUST0394,Corporate,South,Standing Desk,Furniture,14999,2,0.0,29998,29998.0,18598.76,11399.24
100104,2023-01-17,CUST0082,Small Business,South,Standing Desk,Furniture,14999,2,10.0,29998,26998.2,18598.76,8399.44
100105,2023-01-17,CUST0012,Enterprise,Central,Backpack,Accessories,1799,1,0.0,1799,1799.0,989.45,809.55
100106,2023-01-17,CUST0155,Enterprise,South,Water Bottle,Accessories,349,4,0.0,1396,1396.0,767.8,628.2
100107,2023-01-17,CUST0354,Consumer,East,Wall Clock,Home Decor,749,1,0.0,749,749.0,374.5,374.5
100108,2023-01-17,CUST0326,Small Business,South,USB-C Hub,Electronics,1299,1,0.0,1299,1299.0,883.32,415.68
100109,2023-01-17,CUST0224,Consumer,East,Table Lamp,Furniture,899,2,0.0,1798,1798.0,1114.76,683.24
100110,2023-01-17,CUST0222,Small Business,South,Wall Clock,Home Decor,749,2,5.0,1498,1423.1,749.0,674.1
100111,2023-01-17,CUST0352,Corporate,North,27in Monitor,Electronics,12999,2,15.0,25998,22098.3,17678.64,4419.66
100112,2023-01-17,CUST0017,Consumer,West,Photo Frame Set,Home Decor,549,2,5.0,1098,1043.1,549.0,494.1
100113,2023-01-17,CUST0193,Corporate,East,Office Chair,Furniture,6499,1,0.0,6499,6499.0,4029.38,2469.62
100114,2023-01-18,CUST0134,Consumer,Central,Wireless Mouse,Electronics,599,1,10.0,599,539.1,407.32,131.78
100115,2023-01-18,CUST0058,Consumer,Central,Whiteboard,Stationery,1499,1,0.0,1499,1499.0,674.55,824.45
100116,2023-01-18,CUST0285,Small Business,North,Mechanical Keyboard,Electronics,2499,3,0.0,7497,7497.0,5097.96,2399.04
100117,2023-01-18,CUST0039,Small Business,Central,Table Lamp,Furniture,899,1,10.0,899,809.1,557.38,251.72
100118,2023-01-18,CUST0372,Consumer,South,Whiteboard,Stationery,1499,2,5.0,2998,2848.1,1349.1,1499.0
100119,2023-01-18,CUST0022,Consumer,Central,27in Monitor,Electronics,12999,1,10.0,12999,11699.1,8839.32,2859.78
100120,2023-01-18,CUST0236,Small Business,West,Water Bottle,Accessories,349,1,5.0,349,331.55,191.95,139.6
100121,2023-01-19,CUST0012,Enterprise,Central,Bookshelf,Furniture,3499,1,0.0,3499,3499.0,2169.38,1329.62
100122,2023-01-19,CUST0072,Consumer,West,Whiteboard,Stationery,1499,1,0.0,1499,1499.0,674.55,824.45
100123,2023-01-19,CUST0309,Corporate,South,Backpack,Accessories,1799,1,0.0,1799,1799.0,989.45,809.55
100124,2023-01-19,CUST0199,Corporate,South,Mechanical Keyboard,Electronics,2499,1,0.0,2499,2499.0,1699.32,799.68
100125,2023-01-19,CUST0024,Consumer,West,Bluetooth Speaker,Electronics,1999,2,0.0,3998,3998.0,2718.64,1279.36
100126,2023-01-19,CUST0015,Consumer,West,Water Bottle,Accessories,349,1,0.0,349,349.0,191.95,157.05
100127,2023-01-19,CUST0382,Small Business,Central,Wireless Mouse,Electronics,599,1,0.0,599,599.0,407.32,191.68
100128,2023-01-19,CUST0319,Consumer,West,Office Chair,Furniture,6499,1,0.0,6499,6499.0,4029.38,2469.62
100129,2023-01-19,CUST0344,Consumer,Central,Mechanical Keyboard,Electronics,2499,1,20.0,2499,1999.2,1699.32,299.88
100130,2023-01-19,CUST0072,Consumer,West,Wireless Mouse,Electronics,599,1,5.0,599,569.05,407.32,161.73
100131,2023-01-20,CUST0160,Small Business,North,Water Bottle,Accessories,349,1,0.0,349,349.0,191.95,157.05
100132,2023-01-20,CUST0148,Small Business,Central,Sticky Notes Pack,Stationery,99,1,5.0,99,94.05,44.55,49.5
100133,2023-01-20,CUST0353,Small Business,East,Mechanical Keyboard,Electronics,2499,1,0.0,2499,2499.0,1699.32,799.68
100134,2023-01-20,CUST0077,Corporate,East,Backpack,Accessories,1799,1,0.0,1799,1799.0,989.45,809.55
100135,2023-01-20,CUST0166,Corporate,North,Mechanical Keyboard,Electronics,2499,1,5.0,2499,2374.05,1699.32,674.73
100136,2023-01-20,CUST0143,Consumer,Central,Mechanical Keyboard,Electronics,2499,1,0.0,2499,2499.0,1699.32,799.68
100137,2023-01-20,CUST0360,Small Business,East,Wireless Mouse,Electronics,599,1,5.0,599,569.05,407.32,161.73
100138,2023-01-20,CUST0009,Small Business,North,Office Chair,Furniture,6499,3,0.0,19497,19497.0,12088.14,7408.86
100139,2023-01-20,CUST0041,Consumer,East,Photo Frame Set,Home Decor,549,2,10.0,1098,988.2,549.0,439.2
100140,2023-01-20,CUST0348,Consumer,Central,Mechanical Keyboard,Electronics,2499,2,0.0,4998,4998.0,3398.64,1599.36
100141,2023-01-21,CUST0012,Enterprise,Central,Office Chair,Furniture,6499,1,0.0,6499,6499.0,4029.38,2469.62
100142,2023-01-21,CUST0243,Corporate,Central,Backpack,Accessories,1799,1,20.0,1799,1439.2,989.45,449.75
100143,2023-01-21,CUST0173,Small Business,North,27in Monitor,Electronics,12999,1,5.0,12999,12349.05,8839.32,3509.73
100144,2023-01-21,CUST0288,Small Business,Central,Standing Desk,Furniture,14999,1,0.0,14999,14999.0,9299.38,5699.62
100145,2023-01-21,CUST0211,Small Business,East,Mechanical Keyboard,Electronics,2499,1,20.0,2499,1999.2,1699.32,299.88
100146,2023-01-21,CUST0059,Consumer,Central,Table Lamp,Furniture,899,1,0.0,899,899.0,557.38,341.62
100147,2023-01-21,CUST0093,Corporate,North,USB-C Hub,Electronics,1299,1,0.0,1299,1299.0,883.32,415.68
100148,2023-01-21,CUST0332,Corporate,South,Standing Desk,Furniture,14999,1,20.0,14999,11999.2,9299.38,2699.82
100149,2023-01-21,CUST0024,Consumer,West,Notebook Set,Stationery,199,1,0.0,199,199.0,89.55,109.45
100150,2023-01-22,CUST0243,Corporate,Central,Notebook Set,Stationery,199,1,15.0,199,169.15,89.55,79.6
100151,2023-01-22,CUST0131,Consumer,South,Sticky Notes Pack,Stationery,99,1,0.0,99,99.0,44.55,54.45
100152,2023-01-22,CUST0225,Consumer,East,Wall Clock,Home Decor,749,1,5.0,749,711.55,374.5,337.05
100153,2023-01-22,CUST0087,Small Business,North,Photo Frame Set,Home Decor,549,1,0.0,549,549.0,274.5,274.5
100154,2023-01-22,CUST0375,Consumer,West,Mechanical Keyboard,Electronics,2499,1,0.0,2499,2499.0,1699.32,799.68
100155,2023-01-22,CUST0318,Consumer,South,Table Lamp,Furniture,899,1,0.0,899,899.0,557.38,341.62
100156,2023-01-22,CUST0231,Corporate,South,Water Bottle,Accessories,349,1,0.0,349,349.0,191.95,157.05
100157,2023-01-22,CUST0145,Consumer,Central,Office Chair,Furniture,6499,1,20.0,6499,5199.2,4029.38,1169.82
100158,2023-01-22,CUST0163,Small Business,East,Mechanical Keyboard,Electronics,2499,1,0.0,2499,2499.0,1699.32,799.68
100159,2023-01-22,CUST0164,Small Business,Central,Bookshelf,Furniture,3499,3,0.0,10497,10497.0,6508.14,3988.86
100160,2023-01-23,CUST0332,Corporate,South,Notebook Set,Stationery,199,2,0.0,398,398.0,179.1,218.9
100161,2023-01-23,CUST0264,Small Business,East,27in Monitor,Electronics,12999,1,5.0,12999,12349.05,8839.32,3509.73
100162,2023-01-23,CUST0374,Small Business,East,Photo Frame Set,Home Decor,549,1,0.0,549,549.0,274.5,274.5
100163,2023-01-24,CUST0334,Consumer,West,Mechanical Keyboard,Electronics,2499,1,0.0,2499,2499.0,1699.32,799.68
100164,2023-01-24,CUST0282,Consumer,East,27in Monitor,Electronics,12999,1,0.0,12999,12999.0,8839.32,4159.68
100165,2023-01-24,CUST0245,Consumer,Central,Office Chair,Furniture,6499,1,0.0,6499,6499.0,4029.38,2469.62
100166,2023-01-24,CUST0206,Consumer,South,USB-C Hub,Electronics,1299,1,0.0,1299,1299.0,883.32,415.68
100167,2023-01-24,CUST0216,Consumer,South,Mechanical Keyboard,Electronics,2499,1,0.0,2499,2499.0,1699.32,799.68
100168,2023-01-24,CUST0306,Enterprise,West,Table Lamp,Furniture,899,4,0.0,3596,3596.0,2229.52,1366.48
100169,2023-01-24,CUST0178,Consumer,North,Bookshelf,Furniture,3499,1,0.0,3499,3499.0,2169.38,1329.62
100170,2023-01-24,CUST0384,Corporate,West,Standing Desk,Furniture,14999,1,0.0,14999,14999.0,9299.38,5699.62
100171,2023-01-25,CUST0005,Consumer,North,Office Chair,Furniture,6499,3,0.0,19497,19497.0,12088.14,7408.86
100172,2023-01-25,CUST0311,Consumer,East,Wireless Mouse,Electronics,599,4,0.0,2396,2396.0,1629.28,766.72
100173,2023-01-25,CUST0114,Corporate,North,Water Bottle,Accessories,349,1,10.0,349,314.1,191.95,122.15
100174,2023-01-25,CUST0232,Small Business,East,Wall Clock,Home Decor,749,2,0.0,1498,1498.0,749.0,749.0
100175,2023-01-25,CUST0302,Small Business,East,Table Lamp,Furniture,899,2,0.0,1798,1798.0,1114.76,683.24
100176,2023-01-26,CUST0077,Corporate,East,Bluetooth Speaker,Electronics,1999,1,0.0,1999,1999.0,1359.32,639.68
100177,2023-01-26,CUST0381,Consumer,South,Mechanical Keyboard,Electronics,2499,2,15.0,4998,4248.3,3398.64,849.66
100178,2023-01-26,CUST0082,Small Business,South,USB-C Hub,Electronics,1299,2,0.0,2598,2598.0,1766.64,831.36
100179,2023-01-26,CUST0331,Consumer,West,Backpack,Accessories,1799,1,0.0,1799,1799.0,989.45,809.55
100180,2023-01-26,CUST0089,Corporate,Central,Standing Desk,Furniture,14999,1,0.0,14999,14999.0,9299.38,5699.62
100181,2023-01-26,CUST0199,Corporate,South,Notebook Set,Stationery,199,1,0.0,199,199.0,89.55,109.45
100182,2023-01-26,CUST0305,Small Business,East,Backpack,Accessories,1799,1,0.0,1799,1799.0,989.45,809.55
100183,2023-01-26,CUST0267,Small Business,Central,Office Chair,Furniture,6499,1,5.0,6499,6174.05,4029.38,2144.67
100184,2023-01-26,CUST0265,Corporate,East,Notebook Set,Stationery,199,1,10.0,199,179.1,89.55,89.55
100185,2023-01-26,CUST0117,Corporate,East,Photo Frame Set,Home Decor,549,2,0.0,1098,1098.0,549.0,549.0
100186,2023-01-27,CUST0364,Small Business,North,Water Bottle,Accessories,349,3,0.0,1047,1047.0,575.85,471.15
100187,2023-01-27,CUST0107,Consumer,West,Standing Desk,Furniture,14999,1,0.0,14999,14999.0,9299.38,5699.62
100188,2023-01-27,CUST0399,Corporate,Central,Sticky Notes Pack,Stationery,99,1,15.0,99,84.15,44.55,39.6
100189,2023-01-27,CUST0324,Consumer,North,Wall Clock,Home Decor,749,3,0.0,2247,2247.0,1123.5,1123.5
100190,2023-01-27,CUST0334,Consumer,West,Mechanical Keyboard,Electronics,2499,1,0.0,2499,2499.0,1699.32,799.68
100191,2023-01-28,CUST0263,Consumer,South,Whiteboard,Stationery,1499,1,0.0,1499,1499.0,674.55,824.45
100192,2023-01-28,CUST0159,Consumer,North,Backpack,Accessories,1799,2,0.0,3598,3598.0,1978.9,1619.1
100193,2023-01-28,CUST0298,Consumer,West,Notebook Set,Stationery,199,2,0.0,398,398.0,179.1,218.9
100194,2023-01-28,CUST0263,Consumer,South,Office Chair,Furniture,6499,2,0.0,12998,12998.0,8058.76,4939.24
100195,2023-01-28,CUST0362,Small Business,North,Backpack,Accessories,1799,1,0.0,1799,1799.0,989.45,809.55
100196,2023-01-28,CUST0118,Consumer,North,Office Chair,Furniture,6499,1,0.0,6499,6499.0,4029.38,2469.62
100197,2023-01-28,CUST0009,Small Business,North,Notebook Set,Stationery,199,1,0.0,199,199.0,89.55,109.45
100198,2023-01-28,CUST0125,Consumer,South,Table Lamp,Furniture,899,2,5.0,1798,1708.1,1114.76,593.34
100199,2023-01-28,CUST0154,Consumer,South,Wireless Mouse,Electronics,599,1,0.0,599,599.0,407.32,191.68
100200,2023-01-29,CUST0150,Consumer,East,Bluetooth Speaker,Electronics,1999,1,0.0,1999,1999.0,1359.32,639.68
100201,2023-01-29,CUST0160,Small Business,North,Sticky Notes Pack,Stationery,99,1,0.0,99,99.0,44.55,54.45
100202,2023-01-29,CUST0254,Consumer,West,Backpack,Accessories,1799,1,0.0,1799,1799.0,989.45,809.55
100203,2023-01-29,CUST0085,Consumer,Central,Standing Desk,Furniture,14999,1,0.0,14999,14999.0,9299.38,5699.62
100204,2023-01-29,CUST0167,Consumer,East,Backpack,Accessories,1799,2,0.0,3598,3598.0,1978.9,1619.1
100205,2023-01-29,CUST0188,Small Business,East,Bookshelf,Furniture,3499,2,0.0,6998,6998.0,4338.76,2659.24
100206,2023-01-29,CUST0042,Consumer,South,Office Chair,Furniture,6499,2,5.0,12998,12348.1,8058.76,4289.34
100207,2023-01-29,CUST0232,Small Business,East,27in Monitor,Electronics,12999,1,0.0,12999,12999.0,8839.32,4159.68
100208,2023-01-29,CUST0136,Consumer,West,Table Lamp,Furniture,899,1,0.0,899,899.0,557.38,341.62
100209,2023-01-29,CUST0196,Consumer,West,Standing Desk,Furniture,14999,1,10.0,14999,13499.1,9299.38,4199.72
100210,2023-01-30,CUST0259,Small Business,East,Notebook Set,Stationery,199,1,0.0,199,199.0,89.55,109.45
100211,2023-01-30,CUST0258,Small Business,East,Sticky Notes Pack,Stationery,99,1,20.0,99,79.2,44.55,34.65
100212,2023-01-30,CUST0286,Consumer,North,Standing Desk,Furniture,14999,1,0.0,14999,14999.0,9299.38,5699.62
100213,2023-01-30,CUST0036,Corporate,South,Notebook Set,Stationery,199,3,0.0,597,597.0,268.65,328.35
100214,2023-01-30,CUST0311,Consumer,East,Wall Clock,Home Decor,749,1,0.0,749,749.0,374.5,374.5
100215,2023-01-30,CUST0055,Small Business,South,Table Lamp,Furniture,899,2,0.0,1798,1798.0,1114.76,683.24
100216,2023-01-31,CUST0231,Corporate,South,Office Chair,Furniture,6499,2,0.0,12998,12998.0,8058.76,4939.24
100217,2023-01-31,CUST0038,Consumer,East,Sticky Notes Pack,Stationery,99,1,0.0,99,99.0,44.55,54.45
100218,2023-01-31,CUST0151,Corporate,Central,27in Monitor,Electronics,12999,1,0.0,12999,12999.0,8839.32,4159.68
100219,2023-01-31,CUST0258,Small Business,East,Bluetooth Speaker,Electronics,1999,3,0.0,5997,5997.0,4077.96,1919.04
100220,2023-01-31,CUST0323,Small Business,West,Whiteboard,Stationery,1499,1,0.0,1499,1499.0,674.55,824.45
100221,2023-01-31,CUST0311,Consumer,East,27in Monitor,Electronics,12999,1,5.0,12999,12349.05,8839.32,3509.73
100222,2023-01-31,CUST0342,Consumer,East,Wall Clock,Home Decor,749,1,0.0,749,749.0,374.5,374.5
100223,2023-01-31,CUST0239,Small Business,South,Sticky Notes Pack,Stationery,99,1,0.0,99,99.0,44.55,54.45
100224,2023-01-31,CUST0291,Consumer,West,Backpack,Accessories,1799,1,0.0,1799,1799.0,989.45,809.55
100225,2023-01-31,CUST0134,Consumer,Central,Water Bottle,Accessories,349,1,0.0,349,349.0,191.95,157.05
100226,2023-02-01,CUST0130,Small Business,West,Whiteboard,Stationery,1499,1,15.0,1499,1274.15,674.55,599.6
100227,2023-02-01,CUST0256,Small Business,North,Mechanical Keyboard,Electronics,2499,3,0.0,7497,7497.0,5097.96,2399.04
100228,2023-02-02,CUST0387,Consumer,East,27in Monitor,Electronics,12999,3,10.0,38997,35097.3,26517.96,8579.34
100229,2023-02-02,CUST0117,Corporate,East,Backpack,Accessories,1799,1,0.0,1799,1799.0,989.45,809.55
100230,2023-02-02,CUST0025,Consumer,North,27in Monitor,Electronics,12999,1,0.0,12999,12999.0,8839.32,4159.68
100231,2023-02-02,CUST0288,Small Business,Central,Sticky Notes Pack,Stationery,99,1,0.0,99,99.0,44.55,54.45
100232,2023-02-02,CUST0334,Consumer,West,Wall Clock,Home Decor,749,2,0.0,1498,1498.0,749.0,749.0
100233,2023-02-03,CUST0254,Consumer,West,Whiteboard,Stationery,1499,1,0.0,1499,1499.0,674.55,824.45
100234,2023-02-04,CUST0083,Consumer,West,Wall Clock,Home Decor,749,1,0.0,749,749.0,374.5,374.5
100235,2023-02-04,CUST0190,Consumer,Central,Sticky Notes Pack,Stationery,99,1,0.0,99,99.0,44.55,54.45
100236,2023-02-04,CUST0252,Consumer,North,Photo Frame Set,Home Decor,549,1,0.0,549,549.0,274.5,274.5
100237,2023-02-04,CUST0273,Corporate,North,Bookshelf,Furniture,3499,1,0.0,3499,3499.0,2169.38,1329.62
100238,2023-02-04,CUST0308,Consumer,South,Backpack,Accessories,1799,1,10.0,1799,1619.1,989.45,629.65
100239,2023-02-04,CUST0063,Corporate,West,Mechanical Keyboard,Electronics,2499,2,0.0,4998,4998.0,3398.64,1599.36
100240,2023-02-05,CUST0219,Small Business,West,Water Bottle,Accessories,349,1,5.0,349,331.55,191.95,139.6
100241,2023-02-05,CUST0138,Small Business,North,Bluetooth Speaker,Electronics,1999,1,0.0,1999,1999.0,1359.32,639.68
100242,2023-02-05,CUST0065,Consumer,North,Bluetooth Speaker,Electronics,1999,1,10.0,1999,1799.1,1359.32,439.78
100243,2023-02-05,CUST0213,Small Business,North,Backpack,Accessories,1799,1,0.0,1799,1799.0,989.45,809.55
100244,2023-02-05,CUST0164,Small Business,Central,Photo Frame Set,Home Decor,549,1,0.0,549,549.0,274.5,274.5
100245,2023-02-05,CUST0191,Consumer,North,Whiteboard,Stationery,1499,1,0.0,1499,1499.0,674.55,824.45
100246,2023-02-05,CUST0282,Consumer,East,Bluetooth Speaker,Electronics,1999,1,10.0,1999,1799.1,1359.32,439.78
100247,2023-02-06,CUST0017,Consumer,West,Photo Frame Set,Home Decor,549,1,15.0,549,466.65,274.5,192.15
100248,2023-02-06,CUST0060,Consumer,East,Mechanical Keyboard,Electronics,2499,1,0.0,2499,2499.0,1699.32,799.68
100249,2023-02-06,CUST0314,Enterprise,West,Mechanical Keyboard,Electronics,2499,1,5.0,2499,2374.05,1699.32,674.73
100250,2023-02-06,CUST0203,Consumer,South,Sticky Notes Pack,Stationery,99,1,0.0,99,99.0,44.55,54.45
100251,2023-02-06,CUST0200,Corporate,West,Office Chair,Furniture,6499,1,10.0,6499,5849.1,4029.38,1819.72
100252,2023-02-06,CUST0344,Consumer,Central,Standing Desk,Furniture,14999,2,0.0,29998,29998.0,18598.76,11399.24
100253,2023-02-06,CUST0087,Small Business,North,Sticky Notes Pack,Stationery,99,1,0.0,99,99.0,44.55,54.45
100254,2023-02-07,CUST0152,Consumer,North,Bookshelf,Furniture,3499,1,0.0,3499,3499.0,2169.38,1329.62
100255,2023-02-07,CUST0314,Enterprise,West,Bookshelf,Furniture,3499,1,20.0,3499,2799.2,2169.38,629.82
100256,2023-02-08,CUST0038,Consumer,East,Notebook Set,Stationery,199,1,0.0,199,199.0,89.55,109.45
100257,2023-02-08,CUST0223,Consumer,South,Wireless Mouse,Electronics,599,2,0.0,1198,1198.0,814.64,383.36
100258,2023-02-08,CUST0049,Small Business,Central,Table Lamp,Furniture,899,1,0.0,899,899.0,557.38,341.62
100259,2023-02-08,CUST0169,Consumer,North,Table Lamp,Furniture,899,3,0.0,2697,2697.0,1672.14,1024.86
100260,2023-02-08,CUST0370,Consumer,West,Wall Clock,Home Decor,749,1,0.0,749,749.0,374.5,374.5
100261,2023-02-08,CUST0258,Small Business,East,Whiteboard,Stationery,1499,1,0.0,1499,1499.0,674.55,824.45
100262,2023-02-08,CUST0400,Corporate,North,Wall Clock,Home Decor,749,2,5.0,1498,1423.1,749.0,674.1
100263,2023-02-09,CUST0315,Corporate,South,Table Lamp,Furniture,899,1,0.0,899,899.0,557.38,341.62
100264,2023-02-09,CUST0278,Small Business,South,Mechanical Keyboard,Electronics,2499,1,15.0,2499,2124.15,1699.32,424.83
100265,2023-02-09,CUST0288,Small Business,Central,Sticky Notes Pack,Stationery,99,1,0.0,99,99.0,44.55,54.45
100266,2023-02-10,CUST0392,Consumer,South,Water Bottle,Accessories,349,2,0.0,698,698.0,383.9,314.1
100267,2023-02-10,CUST0236,Small Business,West,Standing Desk,Furniture,14999,1,0.0,14999,14999.0,9299.38,5699.62
100268,2023-02-10,CUST0235,Consumer,Central,Office Chair,Furniture,6499,1,0.0,6499,6499.0,4029.38,2469.62
100269,2023-02-10,CUST0258,Small Business,East,Backpack,Accessories,1799,1,5.0,1799,1709.05,989.45,719.6
100270,2023-02-10,CUST0050,Consumer,Central,Whiteboard,Stationery,1499,1,0.0,1499,1499.0,674.55,824.45
100271,2023-02-10,CUST0044,Corporate,North,Bookshelf,Furniture,3499,2,0.0,6998,6998.0,4338.76,2659.24
100272,2023-02-10,CUST0353,Small Business,East,Backpack,Accessories,1799,1,0.0,1799,1799.0,989.45,809.55
100273,2023-02-11,CUST0364,Small Business,North,Wireless Mouse,Electronics,599,2,20.0,1198,958.4,814.64,143.76
100274,2023-02-11,CUST0224,Consumer,East,Bookshelf,Furniture,3499,2,5.0,6998,6648.1,4338.76,2309.34
100275,2023-02-11,CUST0010,Small Business,West,Table Lamp,Furniture,899,2,10.0,1798,1618.2,1114.76,503.44
100276,2023-02-11,CUST0066,Small Business,Central,Whiteboard,Stationery,1499,1,5.0,1499,1424.05,674.55,749.5
100277,2023-02-11,CUST0086,Consumer,North,27in Monitor,Electronics,12999,2,10.0,25998,23398.2,17678.64,5719.56
100278,2023-02-11,CUST0209,Consumer,West,Sticky Notes Pack,Stationery,99,1,,99,94.05,44.55,49.5
100279,2023-02-11,CUST0377,Corporate,West,Bluetooth Speaker,Electronics,1999,1,5.0,1999,1899.05,1359.32,539.73
100280,2023-02-12,CUST0293,Corporate,North,Notebook Set,Stationery,199,1,0.0,199,199.0,89.55,109.45
100281,2023-02-12,CUST0202,Consumer,South,Standing Desk,Furniture,14999,1,0.0,14999,14999.0,9299.38,5699.62
100282,2023-02-12,CUST0020,Consumer,South,Table Lamp,Furniture,899,1,10.0,899,809.1,557.38,251.72
100283,2023-02-12,CUST0014,Consumer,East,Backpack,Accessories,1799,2,0.0,3598,3598.0,1978.9,1619.1
100284,2023-02-12,CUST0055,Small Business,South,Notebook Set,Stationery,199,2,0.0,398,398.0,179.1,218.9
100285,2023-02-12,CUST0162,Small Business,North,Bookshelf,Furniture,3499,1,0.0,3499,3499.0,2169.38,1329.62
100286,2023-02-12,CUST0060,Consumer,East,Sticky Notes Pack,Stationery,99,1,0.0,99,99.0,44.55,54.45
100287,2023-02-13,CUST0228,Consumer,North,Backpack,Accessories,1799,1,5.0,1799,1709.05,989.45,719.6
100288,2023-02-13,CUST0146,Consumer,Central,Wireless Mouse,Electronics,599,1,0.0,599,599.0,407.32,191.68
100289,2023-02-13,CUST0251,Consumer,East,Sticky Notes Pack,Stationery,99,2,5.0,198,188.1,89.1,99.0
100290,2023-02-13,CUST0301,Consumer,South,Office Chair,Furniture,6499,1,0.0,6499,6499.0,4029.38,2469.62
100291,2023-02-13,CUST0240,Consumer,North,27in Monitor,Electronics,12999,1,5.0,12999,12349.05,8839.32,3509.73
100292,2023-02-13,CUST0078,Consumer,Central,Wall Clock,Home Decor,749,2,5.0,1498,1423.1,749.0,674.1
100293,2023-02-14,CUST0198,Corporate,North,Office Chair,Furniture,6499,1,0.0,6499,6499.0,4029.38,2469.62
100294,2023-02-14,CUST0035,Enterprise,South,Bluetooth Speaker,Electronics,1999,1,10.0,1999,1799.1,1359.32,439.78
100295,2023-02-14,CUST0320,Consumer,North,Backpack,Accessories,1799,1,10.0,1799,1619.1,989.45,629.65
100296,2023-02-14,CUST0192,Corporate,North,Notebook Set,Stationery,199,1,0.0,199,199.0,89.55,109.45
100297,2023-02-14,CUST0126,Consumer,West,27in Monitor,Electronics,12999,2,0.0,25998,25998.0,17678.64,8319.36
100298,2023-02-14,CUST0280,Corporate,South,Wireless Mouse,Electronics,599,2,5.0,1198,1138.1,814.64,323.46
100299,2023-02-15,CUST0036,Corporate,South,Bookshelf,Furniture,3499,1,0.0,3499,3499.0,2169.38,1329.62
100300,2023-02-15,CUST0342,Consumer,East,Notebook Set,Stationery,199,1,0.0,199,199.0,89.55,109.45
100301,2023-02-15,CUST0270,Consumer,South,Sticky Notes Pack,Stationery,99,1,0.0,99,99.0,44.55,54.45
100302,2023-02-16,CUST0107,Consumer,West,Bookshelf,Furniture,3499,1,15.0,3499,2974.15,2169.38,804.77
100303,2023-02-16,CUST0021,Small Business,Central,Table Lamp,Furniture,899,1,0.0,899,899.0,557.38,341.62
100304,2023-02-16,CUST0070,Enterprise,East,Standing Desk,Furniture,14999,2,0.0,29998,29998.0,18598.76,11399.24
100305,2023-02-16,CUST0203,Consumer,South,Bookshelf,Furniture,3499,3,0.0,10497,10497.0,6508.14,3988.86
100306,2023-02-17,CUST0165,Consumer,South,Table Lamp,Furniture,899,4,0.0,3596,3596.0,2229.52,1366.48
100307,2023-02-17,CUST0087,Small Business,North,USB-C Hub,Electronics,1299,1,0.0,1299,1299.0,883.32,415.68
100308,2023-02-17,CUST0371,Consumer,Central,USB-C Hub,Electronics,1299,4,0.0,5196,5196.0,3533.28,1662.72
100309,2023-02-18,CUST0327,Small Business,East,Notebook Set,Stationery,199,1,0.0,199,199.0,89.55,109.45
100310,2023-02-18,CUST0061,Consumer,Central,Bookshelf,Furniture,3499,1,0.0,3499,3499.0,2169.38,1329.62
100311,2023-02-18,CUST0169,Consumer,North,Whiteboard,Stationery,1499,2,0.0,2998,2998.0,1349.1,1648.9
100312,2023-02-19,CUST0098,Consumer,West,Notebook Set,Stationery,199,2,0.0,398,398.0,179.1,218.9
100313,2023-02-19,CUST0086,Consumer,North,Standing Desk,Furniture,14999,1,5.0,14999,14249.05,9299.38,4949.67
100314,2023-02-19,CUST0059,Consumer,Central,Office Chair,Furniture,6499,1,0.0,6499,6499.0,4029.38,2469.62
100315,2023-02-19,CUST0049,Small Business,Central,Wall Clock,Home Decor,749,1,0.0,749,749.0,374.5,374.5
100316,2023-02-19,CUST0154,Consumer,South,27in Monitor,Electronics,12999,1,5.0,12999,12349.05,8839.32,3509.73
100317,2023-02-19,CUST0143,Consumer,Central,Office Chair,Furniture,6499,1,10.0,6499,5849.1,4029.38,1819.72
100318,2023-02-20,CUST0248,Enterprise,East,Table Lamp,Furniture,899,1,15.0,899,764.15,557.38,206.77
100319,2023-02-20,CUST0042,Consumer,South,Wireless Mouse,Electronics,599,1,0.0,599,599.0,407.32,191.68
100320,2023-02-20,CUST0279,Small Business,North,27in Monitor,Electronics,12999,2,0.0,25998,25998.0,17678.64,8319.36
100321,2023-02-20,CUST0197,Small Business,North,USB-C Hub,Electronics,1299,3,0.0,3897,3897.0,2649.96,1247.04
100322,2023-02-20,CUST0008,Corporate,East,Notebook Set,Stationery,199,1,5.0,199,189.05,89.55,99.5
100323,2023-02-20,CUST0085,Consumer,Central,27in Monitor,Electronics,12999,1,0.0,12999,12999.0,8839.32,4159.68
100324,2023-02-21,CUST0387,Consumer,East,Photo Frame Set,Home Decor,549,1,10.0,549,494.1,274.5,219.6
100325,2023-02-21,CUST0040,Consumer,East,Whiteboard,Stationery,1499,1,0.0,1499,1499.0,674.55,824.45
100326,2023-02-21,CUST0008,Corporate,East,Standing Desk,Furniture,14999,2,5.0,29998,28498.1,18598.76,9899.34
100327,2023-02-21,CUST0101,Consumer,Central,Whiteboard,Stationery,1499,1,0.0,1499,1499.0,674.55,824.45
100328,2023-02-21,CUST0275,Small Business,North,Office Chair,Furniture,6499,2,10.0,12998,11698.2,8058.76,3639.44
100329,2023-02-22,CUST0128,Corporate,South,Standing Desk,Furniture,14999,1,0.0,14999,14999.0,9299.38,5699.62
100330,2023-02-22,CUST0196,Consumer,West,Wireless Mouse,Electronics,599,2,10.0,1198,1078.2,814.64,263.56
100331,2023-02-22,CUST0133,Consumer,West,Water Bottle,Accessories,349,4,0.0,1396,1396.0,767.8,628.2
100332,2023-02-22,CUST0372,Consumer,South,Table Lamp,Furniture,899,2,0.0,1798,1798.0,1114.76,683.24
100333,2023-02-22,CUST0377,Corporate,West,Sticky Notes Pack,Stationery,99,1,10.0,99,89.1,44.55,44.55
100334,2023-02-22,CUST0213,Small Business,North,Sticky Notes Pack,Stationery,99,1,10.0,99,89.1,44.55,44.55
100335,2023-02-22,CUST0286,Consumer,North,Sticky Notes Pack,Stationery,99,1,5.0,99,94.05,44.55,49.5
100336,2023-02-22,CUST0218,Small Business,East,Bookshelf,Furniture,3499,1,0.0,3499,3499.0,2169.38,1329.62
100337,2023-02-23,CUST0384,Corporate,West,Photo Frame Set,Home Decor,549,1,10.0,549,494.1,274.5,219.6
100338,2023-02-23,CUST0350,Small Business,West,Whiteboard,Stationery,1499,4,0.0,5996,5996.0,2698.2,3297.8
100339,2023-02-23,CUST0381,Consumer,South,27in Monitor,Electronics,12999,1,0.0,12999,12999.0,8839.32,4159.68
100340,2023-02-23,CUST0248,Enterprise,East,Bookshelf,Furniture,3499,1,0.0,3499,3499.0,2169.38,1329.62
100341,2023-02-24,CUST0143,Consumer,Central,Office Chair,Furniture,6499,1,0.0,6499,6499.0,4029.38,2469.62
100342,2023-02-24,CUST0302,Small Business,East,Bluetooth Speaker,Electronics,1999,2,15.0,3998,3398.3,2718.64,679.66
100343,2023-02-24,CUST0039,Small Business,Central,Wireless Mouse,Electronics,599,2,0.0,1198,1198.0,814.64,383.36
100344,2023-02-24,CUST0210,Consumer,Central,Wall Clock,Home Decor,749,1,10.0,749,674.1,374.5,299.6
100345,2023-02-24,CUST0091,Consumer,North,Whiteboard,Stationery,1499,1,0.0,1499,1499.0,674.55,824.45
100346,2023-02-24,CUST0100,Consumer,Central,Water Bottle,Accessories,349,1,0.0,349,349.0,191.95,157.05
100347,2023-02-25,CUST0344,Consumer,Central,Bookshelf,Furniture,3499,1,20.0,3499,2799.2,2169.38,629.82
100348,2023-02-25,CUST0083,Consumer,West,Office Chair,Furniture,6499,4,10.0,25996,23396.4,16117.52,7278.88
100349,2023-02-25,CUST0201,Small Business,South,USB-C Hub,Electronics,1299,2,20.0,2598,2078.4,1766.64,311.76
100350,2023-02-26,CUST0286,Consumer,North,27in Monitor,Electronics,12999,1,0.0,12999,12999.0,8839.32,4159.68
100351,2023-02-26,CUST0089,Corporate,Central,27in Monitor,Electronics,12999,2,0.0,25998,25998.0,17678.64,8319.36
100352,2023-02-26,CUST0334,Consumer,West,Table Lamp,Furniture,899,2,0.0,1798,1798.0,1114.76,683.24
100353,2023-02-26,CUST0264,Small Business,East,27in Monitor,Electronics,12999,2,0.0,25998,25998.0,17678.64,8319.36
100354,2023-02-26,CUST0120,Small Business,West,Office Chair,Furniture,6499,1,0.0,6499,6499.0,4029.38,2469.62
100355,2023-02-26,CUST0062,Consumer,North,Backpack,Accessories,1799,2,0.0,3598,3598.0,1978.9,1619.1
100356,2023-02-26,CUST0267,Small Business,Central,USB-C Hub,Electronics,1299,4,10.0,5196,4676.4,3533.28,1143.12
100357,2023-02-27,CUST0201,Small Business,South,Backpack,Accessories,1799,2,5.0,3598,3418.1,1978.9,1439.2
100358,2023-02-27,CUST0216,Consumer,South,Wireless Mouse,Electronics,599,3,0.0,1797,1797.0,1221.96,575.04
100359,2023-02-27,CUST0332,Corporate,South,Standing Desk,Furniture,14999,2,0.0,29998,29998.0,18598.76,11399.24
100360,2023-02-27,CUST0361,Consumer,West,Wall Clock,Home Decor,749,1,0.0,749,749.0,374.5,374.5
100361,2023-02-28,CUST0076,Small Business,East,27in Monitor,Electronics,12999,1,5.0,12999,12349.05,8839.32,3509.73
100362,2023-02-28,CUST0162,Small Business,North,Mechanical Keyboard,Electronics,2499,1,20.0,2499,1999.2,1699.32,299.88
100363,2023-02-28,CUST0087,Small Business,North,Bookshelf,Furniture,3499,1,10.0,3499,3149.1,2169.38,979.72
100364,2023-02-28,CUST0061,Consumer,Central,Mechanical Keyboard,Electronics,2499,1,0.0,2499,2499.0,1699.32,799.68
100365,2023-02-28,CUST0380,Consumer,North,Bookshelf,Furniture,3499,1,0.0,3499,3499.0,2169.38,1329.62
100366,2023-02-28,CUST0241,Enterprise,West,Backpack,Accessories,1799,1,0.0,1799,1799.0,989.45,809.55
100367,2023-03-01,CUST0380,Consumer,North,27in Monitor,Electronics,12999,1,0.0,12999,12999.0,8839.32,4159.68
100368,2023-03-01,CUST0192,Corporate,North,Bluetooth Speaker,Electronics,1999,1,0.0,1999,1999.0,1359.32,639.68
100369,2023-03-01,CUST0233,Small Business,North,Water Bottle,Accessories,349,1,0.0,349,349.0,191.95,157.05
100370,2023-03-01,CUST0017,Consumer,West,Table Lamp,Furniture,899,1,0.0,899,899.0,557.38,341.62
100371,2023-03-01,CUST0183,Corporate,Central,Standing Desk,Furniture,14999,2,0.0,29998,29998.0,18598.76,11399.24
100372,2023-03-01,CUST0147,Small Business,East,Whiteboard,Stationery,1499,1,15.0,1499,1274.15,674.55,599.6
100373,2023-03-02,CUST0103,Consumer,Central,Notebook Set,Stationery,199,3,5.0,597,567.15,268.65,298.5
100374,2023-03-02,CUST0347,Small Business,North,Table Lamp,Furniture,899,1,5.0,899,854.05,557.38,296.67
100375,2023-03-02,CUST0215,Small Business,Central,Wall Clock,Home Decor,749,1,10.0,749,674.1,374.5,299.6
100376,2023-03-02,CUST0324,Consumer,North,Mechanical Keyboard,Electronics,2499,1,0.0,2499,2499.0,1699.32,799.68
100377,2023-03-02,CUST0147,Small Business,East,Mechanical Keyboard,Electronics,2499,1,0.0,2499,2499.0,1699.32,799.68
100378,2023-03-02,CUST0225,Consumer,East,Wireless Mouse,Electronics,599,1,0.0,599,599.0,407.32,191.68
100379,2023-03-02,CUST0258,Small Business,East,Table Lamp,Furniture,899,1,5.0,899,854.05,557.38,296.67
100380,2023-03-03,CUST0051,Enterprise,South,Mechanical Keyboard,Electronics,2499,2,0.0,4998,4998.0,3398.64,1599.36
100381,2023-03-03,CUST0259,Small Business,East,Sticky Notes Pack,Stationery,99,2,0.0,198,198.0,89.1,108.9
100382,2023-03-04,CUST0268,Small Business,South,Water Bottle,Accessories,349,1,0.0,349,349.0,191.95,157.05
100383,2023-03-04,CUST0357,Consumer,South,Backpack,Accessories,1799,1,0.0,1799,1799.0,989.45,809.55
100384,2023-03-04,CUST0279,Small Business,North,Wall Clock,Home Decor,749,2,0.0,1498,1498.0,749.0,749.0
100385,2023-03-04,CUST0107,Consumer,West,Bluetooth Speaker,Electronics,1999,1,5.0,1999,1899.05,1359.32,539.73
100386,2023-03-05,CUST0380,Consumer,North,27in Monitor,Electronics,12999,1,0.0,12999,12999.0,8839.32,4159.68
100387,2023-03-05,CUST0156,Consumer,East,Bookshelf,Furniture,3499,1,0.0,3499,3499.0,2169.38,1329.62
100388,2023-03-05,CUST0321,Small Business,North,Bookshelf,Furniture,3499,1,0.0,3499,3499.0,2169.38,1329.62
100389,2023-03-05,CUST0202,Consumer,South,Backpack,Accessories,1799,1,0.0,1799,1799.0,989.45,809.55
100390,2023-03-05,CUST0126,Consumer,West,Whiteboard,Stationery,1499,1,0.0,1499,1499.0,674.55,824.45
100391,2023-03-05,CUST0325,Enterprise,West,Photo Frame Set,Home Decor,549,1,10.0,549,494.1,274.5,219.6
100392,2023-03-05,CUST0204,Corporate,East,Bookshelf,Furniture,3499,1,0.0,3499,3499.0,2169.38,1329.62
100393,2023-03-05,CUST0365,Enterprise,South,Wireless Mouse,Electronics,599,4,0.0,2396,2396.0,1629.28,766.72
100394,2023-03-05,CUST0067,Consumer,West,Bookshelf,Furniture,3499,3,0.0,10497,10497.0,6508.14,3988.86
100395,2023-03-05,CUST0363,Consumer,East,Whiteboard,Stationery,1499,1,0.0,1499,1499.0,674.55,824.45
100396,2023-03-05,CUST0262,Enterprise,Central,Mechanical Keyboard,Electronics,2499,2,0.0,4998,4998.0,3398.64,1599.36
100397,2023-03-05,CUST0122,Corporate,West,Water Bottle,Accessories,349,1,15.0,349,296.65,191.95,104.7
100398,2023-03-06,CUST0069,Consumer,West,27in Monitor,Electronics,12999,1,0.0,12999,12999.0,8839.32,4159.68
100399,2023-03-06,CUST0365,Enterprise,South,Mechanical Keyboard,Electronics,2499,2,10.0,4998,4498.2,3398.64,1099.56
100400,2023-03-06,CUST0387,Consumer,East,USB-C Hub,Electronics,1299,1,0.0,1299,1299.0,883.32,415.68
100401,2023-03-06,CUST0250,Corporate,East,USB-C Hub,Electronics,1299,1,0.0,1299,1299.0,883.32,415.68
100402,2023-03-06,CUST0021,Small Business,Central,Sticky Notes Pack,Stationery,99,3,0.0,297,297.0,133.65,163.35
100403,2023-03-06,CUST0385,Small Business,Central,USB-C Hub,Electronics,1299,1,0.0,1299,1299.0,883.32,415.68
100404,2023-03-06,CUST0397,Corporate,West,USB-C Hub,Electronics,1299,1,0.0,1299,1299.0,883.32,415.68
100405,2023-03-06,CUST0273,Corporate,North,USB-C Hub,Electronics,1299,2,0.0,2598,2598.0,1766.64,831.36
100406,2023-03-06,CUST0249,Enterprise,East,Office Chair,Furniture,6499,2,0.0,12998,12998.0,8058.76,4939.24
100407,2023-03-07,CUST0140,Enterprise,North,Wall Clock,Home Decor,749,1,5.0,749,711.55,374.5,337.05
100408,2023-03-07,CUST0005,Consumer,North,Standing Desk,Furniture,14999,2,0.0,29998,29998.0,18598.76,11399.24
100409,2023-03-07,CUST0012,Enterprise,Central,Water Bottle,Accessories,349,3,15.0,1047,889.95,575.85,314.1
100410,2023-03-07,CUST0304,Small Business,East,Notebook Set,Stationery,199,1,5.0,199,189.05,89.55,99.5
100411,2023-03-07,CUST0183,Corporate,Central,Office Chair,Furniture,6499,1,0.0,6499,6499.0,4029.38,2469.62
100412,2023-03-07,CUST0216,Consumer,South,Wireless Mouse,Electronics,599,1,0.0,599,599.0,407.32,191.68
100413,2023-03-07,CUST0249,Enterprise,East,Photo Frame Set,Home Decor,549,1,5.0,549,521.55,274.5,247.05
100414,2023-03-07,CUST0219,Small Business,West,Bluetooth Speaker,Electronics,1999,1,10.0,1999,1799.1,1359.32,439.78
100415,2023-03-08,CUST0323,Small Business,West,Office Chair,Furniture,6499,1,0.0,6499,6499.0,4029.38,2469.62
100416,2023-03-08,CUST0189,Small Business,North,Water Bottle,Accessories,349,2,0.0,698,698.0,383.9,314.1
100417,2023-03-08,CUST0022,Consumer,Central,Photo Frame Set,Home Decor,549,1,5.0,549,521.55,274.5,247.05
100418,2023-03-08,CUST0394,Corporate,South,Office Chair,Furniture,6499,1,0.0,6499,6499.0,4029.38,2469.62
100419,2023-03-08,CUST0204,Corporate,East,Photo Frame Set,Home Decor,549,2,0.0,1098,1098.0,549.0,549.0
100420,2023-03-08,CUST0286,Consumer,North,Bookshelf,Furniture,3499,3,0.0,10497,10497.0,6508.14,3988.86
100421,2023-03-08,CUST0370,Consumer,West,USB-C Hub,Electronics,1299,1,10.0,1299,1169.1,883.32,285.78
100422,2023-03-08,CUST0030,Consumer,Central,Standing Desk,Furniture,14999,1,5.0,14999,14249.05,9299.38,4949.67
100423,2023-03-08,CUST0037,Consumer,Central,Table Lamp,Furniture,899,2,0.0,1798,1798.0,1114.76,683.24
100424,2023-03-09,CUST0260,Consumer,Central,Photo Frame Set,Home Decor,549,1,0.0,549,549.0,274.5,274.5
100425,2023-03-09,CUST0072,Consumer,West,USB-C Hub,Electronics,1299,1,10.0,1299,1169.1,883.32,285.78
100426,2023-03-09,CUST0290,Small Business,South,Backpack,Accessories,1799,1,0.0,1799,1799.0,989.45,809.55
100427,2023-03-09,CUST0016,Consumer,North,Office Chair,Furniture,6499,1,0.0,6499,6499.0,4029.38,2469.62
100428,2023-03-09,CUST0234,Consumer,Central,Mechanical Keyboard,Electronics,2499,1,0.0,2499,2499.0,1699.32,799.68
100429,2023-03-09,CUST0013,Corporate,North,Mechanical Keyboard,Electronics,2499,1,0.0,2499,2499.0,1699.32,799.68
100430,2023-03-09,CUST0295,Consumer,Central,Mechanical Keyboard,Electronics,2499,1,0.0,2499,2499.0,1699.32,799.68
100431,2023-03-09,CUST0382,Small Business,Central,Bookshelf,Furniture,3499,1,0.0,3499,3499.0,2169.38,1329.62
100432,2023-03-10,CUST0053,Enterprise,South,USB-C Hub,Electronics,1299,1,5.0,1299,1234.05,883.32,350.73
100433,2023-03-10,CUST0337,Corporate,North,Wall Clock,Home Decor,749,2,10.0,1498,1348.2,749.0,599.2
100434,2023-03-10,CUST0010,Small Business,West,Notebook Set,Stationery,199,2,0.0,398,398.0,179.1,218.9
100435,2023-03-10,CUST0160,Small Business,North,27in Monitor,Electronics,12999,1,0.0,12999,12999.0,8839.32,4159.68
100436,2023-03-11,CUST0290,Small Business,South,Wall Clock,Home Decor,749,1,0.0,749,749.0,374.5,374.5
100437,2023-03-11,CUST0361,Consumer,West,Whiteboard,Stationery,1499,2,0.0,2998,2998.0,1349.1,1648.9
100438,2023-03-11,CUST0241,Enterprise,West,Wall Clock,Home Decor,749,1,0.0,749,749.0,374.5,374.5
100439,2023-03-11,CUST0214,Consumer,Central,Photo Frame Set,Home Decor,549,2,0.0,1098,1098.0,549.0,549.0
100440,2023-03-11,CUST0264,Small Business,East,Mechanical Keyboard,Electronics,2499,1,0.0,2499,2499.0,1699.32,799.68
100441,2023-03-11,CUST0320,Consumer,North,Table Lamp,Furniture,899,1,0.0,899,899.0,557.38,341.62
100442,2023-03-11,CUST0107,Consumer,West,Wireless Mouse,Electronics,599,1,10.0,599,539.1,407.32,131.78
100443,2023-03-12,CUST0217,Consumer,East,Whiteboard,Stationery,1499,2,0.0,2998,2998.0,1349.1,1648.9
100444,2023-03-12,CUST0213,Small Business,North,Standing Desk,Furniture,14999,2,5.0,29998,28498.1,18598.76,9899.34
100445,2023-03-12,CUST0024,Consumer,West,Wireless Mouse,Electronics,599,2,15.0,1198,1018.3,814.64,203.66
100446,2023-03-12,CUST0281,Corporate,Central,Wall Clock,Home Decor,749,1,0.0,749,749.0,374.5,374.5
100447,2023-03-12,CUST0211,Small Business,East,USB-C Hub,Electronics,1299,1,0.0,1299,1299.0,883.32,415.68
100448,2023-03-12,CUST0304,Small Business,East,Bluetooth Speaker,Electronics,1999,1,10.0,1999,1799.1,1359.32,439.78
100449,2023-03-12,CUST0303,Small Business,East,USB-C Hub,Electronics,1299,1,0.0,1299,1299.0,883.32,415.68
100450,2023-03-12,CUST0236,Small Business,West,USB-C Hub,Electronics,1299,1,10.0,1299,1169.1,883.32,285.78
100451,2023-03-12,CUST0210,Consumer,Central,Backpack,Accessories,1799,1,0.0,1799,1799.0,989.45,809.55
100452,2023-03-12,CUST0016,Consumer,North,Mechanical Keyboard,Electronics,2499,1,10.0,2499,2249.1,1699.32,549.78
100453,2023-03-13,CUST0028,Small Business,Central,USB-C Hub,Electronics,1299,4,0.0,5196,5196.0,3533.28,1662.72
100454,2023-03-13,CUST0310,Consumer,East,Sticky Notes Pack,Stationery,99,1,10.0,99,89.1,44.55,44.55
100455,2023-03-13,CUST0235,Consumer,Central,Sticky Notes Pack,Stationery,99,1,0.0,99,99.0,44.55,54.45
100456,2023-03-13,CUST0054,Corporate,East,Office Chair,Furniture,6499,1,0.0,6499,6499.0,4029.38,2469.62
100457,2023-03-13,CUST0074,Corporate,South,Bluetooth Speaker,Electronics,1999,1,0.0,1999,1999.0,1359.32,639.68
100458,2023-03-13,CUST0258,Small Business,East,Bookshelf,Furniture,3499,1,0.0,3499,3499.0,2169.38,1329.62
100459,2023-03-13,CUST0163,Small Business,East,Notebook Set,Stationery,199,1,0.0,199,199.0,89.55,109.45
100460,2023-03-14,CUST0378,Consumer,North,27in Monitor,Electronics,12999,1,5.0,12999,12349.05,8839.32,3509.73
100461,2023-03-14,CUST0119,Corporate,East,27in Monitor,Electronics,12999,2,5.0,25998,24698.1,17678.64,7019.46
100462,2023-03-14,CUST0092,Small Business,West,Bookshelf,Furniture,3499,4,0.0,13996,13996.0,8677.52,5318.48
100463,2023-03-15,CUST0391,Enterprise,Central,Office Chair,Furniture,6499,1,0.0,6499,6499.0,4029.38,2469.62
100464,2023-03-15,CUST0055,Small Business,South,Wireless Mouse,Electronics,599,1,0.0,599,599.0,407.32,191.68
100465,2023-03-15,CUST0012,Enterprise,Central,Water Bottle,Accessories,349,1,0.0,349,349.0,191.95,157.05
100466,2023-03-16,CUST0104,Small Business,East,27in Monitor,Electronics,12999,1,0.0,12999,12999.0,8839.32,4159.68
100467,2023-03-16,CUST0226,Consumer,South,Mechanical Keyboard,Electronics,2499,1,5.0,2499,2374.05,1699.32,674.73
100468,2023-03-16,CUST0218,Small Business,East,Standing Desk,Furniture,14999,1,20.0,14999,11999.2,9299.38,2699.82
100469,2023-03-16,CUST0133,Consumer,West,Standing Desk,Furniture,14999,1,5.0,14999,14249.05,9299.38,4949.67
100470,2023-03-16,CUST0143,Consumer,Central,Whiteboard,Stationery,1499,1,5.0,1499,1424.05,674.55,749.5
100471,2023-03-16,CUST0059,Consumer,Central,Wireless Mouse,Electronics,599,2,0.0,1198,1198.0,814.64,383.36
100472,2023-03-16,CUST0026,Corporate,West,Table Lamp,Furniture,899,2,0.0,1798,1798.0,1114.76,683.24
100473,2023-03-16,CUST0267,Small Business,Central,USB-C Hub,Electronics,1299,4,0.0,5196,5196.0,3533.28,1662.72
100474,2023-03-17,CUST0242,Enterprise,West,Water Bottle,Accessories,349,1,15.0,349,296.65,191.95,104.7
100475,2023-03-17,CUST0308,Consumer,South,27in Monitor,Electronics,12999,1,0.0,12999,12999.0,8839.32,4159.68
100476,2023-03-17,CUST0226,Consumer,South,Wireless Mouse,Electronics,599,1,0.0,599,599.0,407.32,191.68
100477,2023-03-17,CUST0046,Small Business,South,Bluetooth Speaker,Electronics,1999,1,0.0,1999,1999.0,1359.32,639.68
100478,2023-03-17,CUST0210,Consumer,Central,Office Chair,Furniture,6499,1,0.0,6499,6499.0,4029.38,2469.62
100479,2023-03-17,CUST0222,Small Business,South,Wall Clock,Home Decor,749,1,10.0,749,674.1,374.5,299.6
100480,2023-03-17,CUST0235,Consumer,Central,Bookshelf,Furniture,3499,1,0.0,3499,3499.0,2169.38,1329.62
100481,2023-03-17,CUST0333,Consumer,North,Whiteboard,Stationery,1499,1,0.0,1499,1499.0,674.55,824.45
100482,2023-03-18,CUST0374,Small Business,East,Office Chair,Furniture,6499,1,0.0,6499,6499.0,4029.38,2469.62
100483,2023-03-18,CUST0371,Consumer,Central,Sticky Notes Pack,Stationery,99,2,0.0,198,198.0,89.1,108.9
100484,2023-03-18,CUST0107,Consumer,West,Wireless Mouse,Electronics,599,1,15.0,599,509.15,407.32,101.83
100485,2023-03-18,CUST0247,Consumer,Central,Mechanical Keyboard,Electronics,2499,1,10.0,2499,2249.1,1699.32,549.78
100486,2023-03-18,CUST0352,Corporate,North,Water Bottle,Accessories,349,1,0.0,349,349.0,191.95,157.05
100487,2023-03-18,CUST0039,Small Business,Central,Whiteboard,Stationery,1499,2,20.0,2998,2398.4,1349.1,1049.3
100488,2023-03-18,CUST0342,Consumer,East,Mechanical Keyboard,Electronics,2499,2,0.0,4998,4998.0,3398.64,1599.36
100489,2023-03-18,CUST0074,Corporate,South,Bluetooth Speaker,Electronics,1999,2,0.0,3998,3998.0,2718.64,1279.36
100490,2023-03-18,CUST0255,Consumer,West,Sticky Notes Pack,Stationery,99,1,0.0,99,99.0,44.55,54.45
100491,2023-03-18,CUST0360,Small Business,East,Sticky Notes Pack,Stationery,99,2,5.0,198,188.1,89.1,99.0
100492,2023-03-19,CUST0228,Consumer,North,Notebook Set,Stationery,199,1,0.0,199,199.0,89.55,109.45
100493,2023-03-19,CUST0034,Enterprise,South,Whiteboard,Stationery,1499,4,0.0,5996,5996.0,2698.2,3297.8
100494,2023-03-19,CUST0327,Small Business,East,Backpack,Accessories,1799,1,0.0,1799,1799.0,989.45,809.55
100495,2023-03-19,CUST0094,Small Business,North,Bluetooth Speaker,Electronics,1999,2,15.0,3998,3398.3,2718.64,679.66
100496,2023-03-20,CUST0154,Consumer,South,Notebook Set,Stationery,199,2,0.0,398,398.0,179.1,218.9
100497,2023-03-20,CUST0315,Corporate,South,Notebook Set,Stationery,199,1,0.0,199,199.0,89.55,109.45
100498,2023-03-20,CUST0193,Corporate,East,Notebook Set,Stationery,199,1,10.0,199,179.1,89.55,89.55
100499,2023-03-20,CUST0221,Small Business,South,Backpack,Accessories,1799,1,5.0,1799,1709.05,989.45,719.6
100500,2023-03-20,CUST0149,Consumer,South,Bookshelf,Furniture,3499,1,5.0,3499,3324.05,2169.38,1154.67
100501,2023-03-20,CUST0109,Consumer,East,USB-C Hub,Electronics,1299,1,10.0,1299,1169.1,883.32,285.78
100502,2023-03-20,CUST0154,Consumer,South,Standing Desk,Furniture,14999,2,0.0,29998,29998.0,18598.76,11399.24
100503,2023-03-21,CUST0046,Small Business,South,Standing Desk,Furniture,14999,1,0.0,14999,14999.0,9299.38,5699.62
100504,2023-03-21,CUST0378,Consumer,North,27in Monitor,Electronics,12999,3,0.0,38997,38997.0,26517.96,12479.04
100505,2023-03-21,CUST0367,Enterprise,South,USB-C Hub,Electronics,1299,2,10.0,2598,2338.2,1766.64,571.56
100506,2023-03-21,CUST0164,Small Business,Central,Backpack,Accessories,1799,1,5.0,1799,1709.05,989.45,719.6
100507,2023-03-21,CUST0004,Small Business,West,Notebook Set,Stationery,199,1,10.0,199,179.1,89.55,89.55
100508,2023-03-21,CUST0181,Consumer,East,Standing Desk,Furniture,14999,1,0.0,14999,14999.0,9299.38,5699.62
100509,2023-03-22,CUST0188,Small Business,East,Table Lamp,Furniture,899,1,0.0,899,899.0,557.38,341.62
100510,2023-03-22,CUST0168,Consumer,East,Notebook Set,Stationery,199,1,0.0,199,199.0,89.55,109.45
100511,2023-03-22,CUST0212,Small Business,North,Backpack,Accessories,1799,1,0.0,1799,1799.0,989.45,809.55
100512,2023-03-23,CUST0206,Consumer,South,Whiteboard,Stationery,1499,1,0.0,1499,1499.0,674.55,824.45
100513,2023-03-23,CUST0374,Small Business,East,Wall Clock,Home Decor,749,1,0.0,749,749.0,374.5,374.5
100514,2023-03-23,CUST0213,Small Business,North,Office Chair,Furniture,6499,1,0.0,6499,6499.0,4029.38,2469.62
100515,2023-03-23,CUST0059,Consumer,Central,Photo Frame Set,Home Decor,549,1,5.0,549,521.55,274.5,247.05
100516,2023-03-23,CUST0162,Small Business,North,Photo Frame Set,Home Decor,549,2,0.0,1098,1098.0,549.0,549.0
100517,2023-03-23,CUST0010,Small Business,West,Whiteboard,Stationery,1499,1,0.0,1499,1499.0,674.55,824.45
100518,2023-03-23,CUST0111,Consumer,North,Photo Frame Set,Home Decor,549,2,5.0,1098,1043.1,549.0,494.1
100519,2023-03-23,CUST0241,Enterprise,West,Office Chair,Furniture,6499,1,0.0,6499,6499.0,4029.38,2469.62
100520,2023-03-23,CUST0081,Corporate,West,27in Monitor,Electronics,12999,3,10.0,38997,35097.3,26517.96,8579.34
100521,2023-03-24,CUST0340,Consumer,South,Office Chair,Furniture,6499,4,10.0,25996,23396.4,16117.52,7278.88
100522,2023-03-24,CUST0049,Small Business,Central,Wall Clock,Home Decor,749,2,,1498,1498.0,749.0,749.0
100523,2023-03-24,CUST0192,Corporate,North,Standing Desk,Furniture,14999,1,0.0,14999,14999.0,9299.38,5699.62
100524,2023-03-24,CUST0100,Consumer,Central,Wall Clock,Home Decor,749,2,5.0,1498,1423.1,749.0,674.1
100525,2023-03-24,CUST0369,Consumer,Central,Mechanical Keyboard,Electronics,2499,1,10.0,2499,2249.1,1699.32,549.78
100526,2023-03-24,CUST0078,Consumer,Central,Bookshelf,Furniture,3499,2,20.0,6998,5598.4,4338.76,1259.64
100527,2023-03-24,CUST0247,Consumer,Central,Backpack,Accessories,1799,1,5.0,1799,1709.05,989.45,719.6
100528,2023-03-24,CUST0390,Corporate,South,USB-C Hub,Electronics,1299,1,20.0,1299,1039.2,883.32,155.88
100529,2023-03-24,CUST0193,Corporate,East,USB-C Hub,Electronics,1299,1,0.0,1299,1299.0,883.32,415.68
100530,2023-03-24,CUST0013,Corporate,North,Bookshelf,Furniture,3499,3,5.0,10497,9972.15,6508.14,3464.01
100531,2023-03-25,CUST0114,Corporate,North,Standing Desk,Furniture,14999,2,15.0,29998,25498.3,18598.76,6899.54
100532,2023-03-25,CUST0328,Small Business,North,Mechanical Keyboard,Electronics,2499,1,0.0,2499,2499.0,1699.32,799.68
100533,2023-03-25,CUST0053,Enterprise,South,Water Bottle,Accessories,349,1,0.0,349,349.0,191.95,157.05
100534,2023-03-25,CUST0390,Corporate,South,Wireless Mouse,Electronics,599,1,5.0,599,569.05,407.32,161.73
100535,2023-03-25,CUST0069,Consumer,West,Water Bottle,Accessories,349,1,5.0,349,331.55,191.95,139.6
100536,2023-03-25,CUST0050,Consumer,Central,Water Bottle,Accessories,349,1,5.0,349,331.55,191.95,139.6
100537,2023-03-25,CUST0379,Corporate,West,Bluetooth Speaker,Electronics,1999,1,0.0,1999,1999.0,1359.32,639.68
100538,2023-03-25,CUST0289,Consumer,North,27in Monitor,Electronics,12999,1,5.0,12999,12349.05,8839.32,3509.73
100539,2023-03-25,CUST0215,Small Business,Central,Wall Clock,Home Decor,749,1,0.0,749,749.0,374.5,374.5
100540,2023-03-25,CUST0248,Enterprise,East,Office Chair,Furniture,6499,4,0.0,25996,25996.0,16117.52,9878.48
100541,2023-03-26,CUST0318,Consumer,South,Sticky Notes Pack,Stationery,99,1,0.0,99,99.0,44.55,54.45
100542,2023-03-26,CUST0219,Small Business,West,27in Monitor,Electronics,12999,1,0.0,12999,12999.0,8839.32,4159.68
100543,2023-03-26,CUST0266,Small Business,Central,USB-C Hub,Electronics,1299,1,5.0,1299,1234.05,883.32,350.73
100544,2023-03-26,CUST0124,Consumer,Central,Mechanical Keyboard,Electronics,2499,1,5.0,2499,2374.05,1699.32,674.73
100545,2023-03-26,CUST0295,Consumer,Central,Notebook Set,Stationery,199,1,15.0,199,169.15,89.55,79.6
100546,2023-03-26,CUST0041,Consumer,East,27in Monitor,Electronics,12999,1,0.0,12999,12999.0,8839.32,4159.68
100547,2023-03-27,CUST0134,Consumer,Central,USB-C Hub,Electronics,1299,1,5.0,1299,1234.05,883.32,350.73
100548,2023-03-27,CUST0352,Corporate,North,Wireless Mouse,Electronics,599,1,0.0,599,599.0,407.32,191.68
100549,2023-03-27,CUST0059,Consumer,Central,27in Monitor,Electronics,12999,1,10.0,12999,11699.1,8839.32,2859.78
100550,2023-03-28,CUST0356,Small Business,West,Office Chair,Furniture,6499,2,5.0,12998,12348.1,8058.76,4289.34
100551,2023-03-28,CUST0369,Consumer,Central,Sticky Notes Pack,Stationery,99,1,15.0,99,84.15,44.55,39.6
100552,2023-03-28,CUST0164,Small Business,Central,Table Lamp,Furniture,899,3,0.0,2697,2697.0,1672.14,1024.86
100553,2023-03-28,CUST0237,Consumer,South,Table Lamp,Furniture,899,1,5.0,899,854.05,557.38,296.67
100554,2023-03-28,CUST0176,Consumer,Central,Office Chair,Furniture,6499,1,0.0,6499,6499.0,4029.38,2469.62
100555,2023-03-28,CUST0054,Corporate,East,Whiteboard,Stationery,1499,1,10.0,1499,1349.1,674.55,674.55
100556,2023-03-29,CUST0377,Corporate,West,Whiteboard,Stationery,1499,1,5.0,1499,1424.05,674.55,749.5
100557,2023-03-29,CUST0168,Consumer,East,Backpack,Accessories,1799,1,10.0,1799,1619.1,989.45,629.65
100558,2023-03-29,CUST0047,Consumer,West,Wall Clock,Home Decor,749,1,0.0,749,749.0,374.5,374.5
100559,2023-03-29,CUST0069,Consumer,West,Water Bottle,Accessories,349,1,15.0,349,296.65,191.95,104.7
100560,2023-03-29,CUST0061,Consumer,Central,Whiteboard,Stationery,1499,1,0.0,1499,1499.0,674.55,824.45
100561,2023-03-29,CUST0331,Consumer,West,Wireless Mouse,Electronics,599,1,0.0,599,599.0,407.32,191.68
100562,2023-03-29,CUST0138,Small Business,North,Standing Desk,Furniture,14999,2,0.0,29998,29998.0,18598.76,11399.24
100563,2023-03-30,CUST0209,Consumer,West,Water Bottle,Accessories,349,2,0.0,698,698.0,383.9,314.1
100564,2023-03-30,CUST0295,Consumer,Central,Table Lamp,Furniture,899,1,0.0,899,899.0,557.38,341.62
100565,2023-03-30,CUST0037,Consumer,Central,Office Chair,Furniture,6499,1,5.0,6499,6174.05,4029.38,2144.67
100566,2023-03-30,CUST0258,Small Business,East,Bluetooth Speaker,Electronics,1999,1,0.0,1999,1999.0,1359.32,639.68
100567,2023-03-30,CUST0230,Small Business,West,Sticky Notes Pack,Stationery,99,1,0.0,99,99.0,44.55,54.45
100568,2023-03-30,CUST0107,Consumer,West,Sticky Notes Pack,Stationery,99,3,0.0,297,297.0,133.65,163.35
100569,2023-03-30,CUST0063,Corporate,West,Mechanical Keyboard,Electronics,2499,1,0.0,2499,2499.0,1699.32,799.68
100570,2023-03-31,CUST0088,Small Business,East,Office Chair,Furniture,6499,2,0.0,12998,12998.0,8058.76,4939.24
100571,2023-03-31,CUST0003,Small Business,North,Standing Desk,Furniture,14999,1,5.0,14999,14249.05,9299.38,4949.67
100572,2023-03-31,CUST0102,Small Business,Central,Wireless Mouse,Electronics,599,1,0.0,599,599.0,407.32,191.68
100573,2023-04-01,CUST0140,Enterprise,North,27in Monitor,Electronics,12999,1,0.0,12999,12999.0,8839.32,4159.68
100574,2023-04-01,CUST0153,Consumer,South,Standing Desk,Furniture,14999,1,0.0,14999,14999.0,9299.38,5699.62
100575,2023-04-01,CUST0344,Consumer,Central,27in Monitor,Electronics,12999,2,0.0,25998,25998.0,17678.64,8319.36
100576,2023-04-01,CUST0055,Small Business,South,Photo Frame Set,Home Decor,549,3,0.0,1647,1647.0,823.5,823.5
100577,2023-04-01,CUST0177,Small Business,West,Notebook Set,Stationery,199,1,15.0,199,169.15,89.55,79.6
100578,2023-04-01,CUST0369,Consumer,Central,Wireless Mouse,Electronics,599,1,0.0,599,599.0,407.32,191.68
100579,2023-04-01,CUST0109,Consumer,East,USB-C Hub,Electronics,1299,1,0.0,1299,1299.0,883.32,415.68
100580,2023-04-02,CUST0045,Consumer,South,Standing Desk,Furniture,14999,1,0.0,14999,14999.0,9299.38,5699.62
100581,2023-04-02,CUST0134,Consumer,Central,Mechanical Keyboard,Electronics,2499,2,0.0,4998,4998.0,3398.64,1599.36
100582,2023-04-02,CUST0289,Consumer,North,Office Chair,Furniture,6499,1,0.0,6499,6499.0,4029.38,2469.62
100583,2023-04-02,CUST0122,Corporate,West,Photo Frame Set,Home Decor,549,1,0.0,549,549.0,274.5,274.5
100584,2023-04-02,CUST0162,Small Business,North,27in Monitor,Electronics,12999,1,0.0,12999,12999.0,8839.32,4159.68
100585,2023-04-02,CUST0167,Consumer,East,Water Bottle,Accessories,349,1,0.0,349,349.0,191.95,157.05
100586,2023-04-02,CUST0118,Consumer,North,USB-C Hub,Electronics,1299,1,15.0,1299,1104.15,883.32,220.83
100587,2023-04-02,CUST0363,Consumer,East,Bookshelf,Furniture,3499,1,0.0,3499,3499.0,2169.38,1329.62
100588,2023-04-02,CUST0019,Consumer,East,Water Bottle,Accessories,349,1,0.0,349,349.0,191.95,157.05
100589,2023-04-02,CUST0354,Consumer,East,Notebook Set,Stationery,199,1,10.0,199,179.1,89.55,89.55
100590,2023-04-02,CUST0093,Corporate,North,Mechanical Keyboard,Electronics,2499,1,0.0,2499,2499.0,1699.32,799.68
100591,2023-04-03,CUST0269,Consumer,West,Standing Desk,Furniture,14999,1,10.0,14999,13499.1,9299.38,4199.72
100592,2023-04-03,CUST0314,Enterprise,West,Standing Desk,Furniture,14999,1,0.0,14999,14999.0,9299.38,5699.62
100593,2023-04-03,CUST0062,Consumer,North,Wireless Mouse,Electronics,599,2,0.0,1198,1198.0,814.64,383.36
100594,2023-04-03,CUST0387,Consumer,East,Backpack,Accessories,1799,1,0.0,1799,1799.0,989.45,809.55
100595,2023-04-04,CUST0073,Consumer,East,Sticky Notes Pack,Stationery,99,1,10.0,99,89.1,44.55,44.55
100596,2023-04-04,CUST0086,Consumer,North,Table Lamp,Furniture,899,2,0.0,1798,1798.0,1114.76,683.24
100597,2023-04-05,CUST0057,Consumer,Central,Water Bottle,Accessories,349,2,15.0,698,593.3,383.9,209.4
100598,2023-04-05,CUST0194,Small Business,Central,Photo Frame Set,Home Decor,549,1,10.0,549,494.1,274.5,219.6
100599,2023-04-05,CUST0239,Small Business,South,Sticky Notes Pack,Stationery,99,1,20.0,99,79.2,44.55,34.65
100600,2023-04-05,CUST0116,Corporate,Central,Sticky Notes Pack,Stationery,99,1,0.0,99,99.0,44.55,54.45
100601,2023-04-05,CUST0333,Consumer,North,Mechanical Keyboard,Electronics,2499,2,0.0,4998,4998.0,3398.64,1599.36
100602,2023-04-05,CUST0221,Small Business,South,Photo Frame Set,Home Decor,549,1,0.0,549,549.0,274.5,274.5
100603,2023-04-05,CUST0003,Small Business,North,USB-C Hub,Electronics,1299,1,0.0,1299,1299.0,883.32,415.68
100604,2023-04-06,CUST0386,Corporate,East,Whiteboard,Stationery,1499,1,0.0,1499,1499.0,674.55,824.45
100605,2023-04-06,CUST0159,Consumer,North,Sticky Notes Pack,Stationery,99,2,5.0,198,188.1,89.1,99.0
100606,2023-04-06,CUST0048,Small Business,North,Wall Clock,Home Decor,749,1,5.0,749,711.55,374.5,337.05
100607,2023-04-06,CUST0314,Enterprise,West,Notebook Set,Stationery,199,2,5.0,398,378.1,179.1,199.0
100608,2023-04-06,CUST0314,Enterprise,West,Standing Desk,Furniture,14999,2,0.0,29998,29998.0,18598.76,11399.24
100609,2023-04-06,CUST0192,Corporate,North,USB-C Hub,Electronics,1299,2,0.0,2598,2598.0,1766.64,831.36
100610,2023-04-07,CUST0064,Consumer,North,Bluetooth Speaker,Electronics,1999,2,10.0,3998,3598.2,2718.64,879.56
100611,2023-04-07,CUST0062,Consumer,North,Bluetooth Speaker,Electronics,1999,1,0.0,1999,1999.0,1359.32,639.68
100612,2023-04-07,CUST0267,Small Business,Central,Backpack,Accessories,1799,1,0.0,1799,1799.0,989.45,809.55
100613,2023-04-07,CUST0313,Consumer,Central,Whiteboard,Stationery,1499,1,0.0,1499,1499.0,674.55,824.45
100614,2023-04-07,CUST0222,Small Business,South,Water Bottle,Accessories,349,2,0.0,698,698.0,383.9,314.1
100615,2023-04-08,CUST0195,Consumer,Central,Wall Clock,Home Decor,749,3,0.0,2247,2247.0,1123.5,1123.5
100616,2023-04-08,CUST0173,Small Business,North,Wireless Mouse,Electronics,599,2,0.0,1198,1198.0,814.64,383.36
100617,2023-04-08,CUST0269,Consumer,West,Water Bottle,Accessories,349,1,10.0,349,314.1,191.95,122.15
100618,2023-04-08,CUST0207,Consumer,West,Notebook Set,Stationery,199,2,5.0,398,378.1,179.1,199.0
100619,2023-04-08,CUST0340,Consumer,South,Office Chair,Furniture,6499,2,5.0,12998,12348.1,8058.76,4289.34
100620,2023-04-08,CUST0028,Small Business,Central,Wireless Mouse,Electronics,599,1,0.0,599,599.0,407.32,191.68
100621,2023-04-08,CUST0070,Enterprise,East,Office Chair,Furniture,6499,1,10.0,6499,5849.1,4029.38,1819.72
100622,2023-04-08,CUST0005,Consumer,North,Wall Clock,Home Decor,749,1,10.0,749,674.1,374.5,299.6
100623,2023-04-09,CUST0176,Consumer,Central,Office Chair,Furniture,6499,2,15.0,12998,11048.3,8058.76,2989.54
100624,2023-04-09,CUST0287,Consumer,East,Backpack,Accessories,1799,2,5.0,3598,3418.1,1978.9,1439.2
100625,2023-04-09,CUST0365,Enterprise,South,USB-C Hub,Electronics,1299,1,0.0,1299,1299.0,883.32,415.68
100626,2023-04-09,CUST0253,Corporate,East,Photo Frame Set,Home Decor,549,1,20.0,549,439.2,274.5,164.7
100627,2023-04-09,CUST0187,Corporate,South,Whiteboard,Stationery,1499,2,0.0,2998,2998.0,1349.1,1648.9
100628,2023-04-09,CUST0304,Small Business,East,Water Bottle,Accessories,349,1,0.0,349,349.0,191.95,157.05
100629,2023-04-09,CUST0114,Corporate,North,Wall Clock,Home Decor,749,2,0.0,1498,1498.0,749.0,749.0
100630,2023-04-09,CUST0207,Consumer,West,Standing Desk,Furniture,14999,1,0.0,14999,14999.0,9299.38,5699.62
100631,2023-04-09,CUST0208,Small Business,North,USB-C Hub,Electronics,1299,1,0.0,1299,1299.0,883.32,415.68
100632,2023-04-09,CUST0025,Consumer,North,USB-C Hub,Electronics,1299,1,0.0,1299,1299.0,883.32,415.68
100633,2023-04-10,CUST0315,Corporate,South,Wall Clock,Home Decor,749,1,0.0,749,749.0,374.5,374.5
100634,2023-04-10,CUST0388,Consumer,North,Mechanical Keyboard,Electronics,2499,2,0.0,4998,4998.0,3398.64,1599.36
100635,2023-04-10,CUST0014,Consumer,East,Office Chair,Furniture,6499,1,0.0,6499,6499.0,4029.38,2469.62
100636,2023-04-10,CUST0155,Enterprise,South,Mechanical Keyboard,Electronics,2499,1,0.0,2499,2499.0,1699.32,799.68
100637,2023-04-10,CUST0075,Small Business,South,Standing Desk,Furniture,14999,1,0.0,14999,14999.0,9299.38,5699.62
100638,2023-04-10,CUST0059,Consumer,Central,Table Lamp,Furniture,899,1,0.0,899,899.0,557.38,341.62
100639,2023-04-10,CUST0339,Consumer,West,Notebook Set,Stationery,199,2,10.0,398,358.2,179.1,179.1
100640,2023-04-10,CUST0143,Consumer,Central,Wireless Mouse,Electronics,599,1,0.0,599,599.0,407.32,191.68
100641,2023-04-11,CUST0043,Consumer,West,Whiteboard,Stationery,1499,1,0.0,1499,1499.0,674.55,824.45
100642,2023-04-11,CUST0222,Small Business,South,27in Monitor,Electronics,12999,2,0.0,25998,25998.0,17678.64,8319.36
100643,2023-04-11,CUST0094,Small Business,North,Notebook Set,Stationery,199,2,0.0,398,398.0,179.1,218.9
100644,2023-04-11,CUST0230,Small Business,West,Wireless Mouse,Electronics,599,1,0.0,599,599.0,407.32,191.68
100645,2023-04-11,CUST0364,Small Business,North,Whiteboard,Stationery,1499,1,0.0,1499,1499.0,674.55,824.45
100646,2023-04-12,CUST0340,Consumer,South,Photo Frame Set,Home Decor,549,2,10.0,1098,988.2,549.0,439.2
100647,2023-04-12,CUST0235,Consumer,Central,Water Bottle,Accessories,349,1,10.0,349,314.1,191.95,122.15
100648,2023-04-13,CUST0239,Small Business,South,Notebook Set,Stationery,199,1,0.0,199,199.0,89.55,109.45
100649,2023-04-13,CUST0095,Corporate,North,Wall Clock,Home Decor,749,2,0.0,1498,1498.0,749.0,749.0
100650,2023-04-13,CUST0231,Corporate,South,Sticky Notes Pack,Stationery,99,1,0.0,99,99.0,44.55,54.45
100651,2023-04-13,CUST0064,Consumer,North,Wireless Mouse,Electronics,599,2,0.0,1198,1198.0,814.64,383.36
100652,2023-04-13,CUST0011,Consumer,West,Water Bottle,Accessories,349,2,0.0,698,698.0,383.9,314.1
100653,2023-04-13,CUST0290,Small Business,South,Notebook Set,Stationery,199,1,0.0,199,199.0,89.55,109.45
100654,2023-04-14,CUST0056,Corporate,South,Sticky Notes Pack,Stationery,99,1,0.0,99,99.0,44.55,54.45
100655,2023-04-14,CUST0392,Consumer,South,Photo Frame Set,Home Decor,549,1,0.0,549,549.0,274.5,274.5
100656,2023-04-14,CUST0039,Small Business,Central,Notebook Set,Stationery,199,1,0.0,199,199.0,89.55,109.45
100657,2023-04-14,CUST0036,Corporate,South,Backpack,Accessories,1799,1,10.0,1799,1619.1,989.45,629.65
100658,2023-04-14,CUST0338,Small Business,Central,Wall Clock,Home Decor,749,1,10.0,749,674.1,374.5,299.6
100659,2023-04-14,CUST0376,Consumer,North,Wall Clock,Home Decor,749,1,0.0,749,749.0,374.5,374.5
100660,2023-04-15,CUST0343,Consumer,East,Water Bottle,Accessories,349,1,0.0,349,349.0,191.95,157.05
100661,2023-04-15,CUST0313,Consumer,Central,Wall Clock,Home Decor,749,2,0.0,1498,1498.0,749.0,749.0
100662,2023-04-15,CUST0265,Corporate,East,Mechanical Keyboard,Electronics,2499,1,0.0,2499,2499.0,1699.32,799.68
100663,2023-04-15,CUST0371,Consumer,Central,Mechanical Keyboard,Electronics,2499,4,5.0,9996,9496.2,6797.28,2698.92
100664,2023-04-15,CUST0271,Corporate,Central,Notebook Set,Stationery,199,1,0.0,199,199.0,89.55,109.45
100665,2023-04-15,CUST0337,Corporate,North,Backpack,Accessories,1799,2,15.0,3598,3058.3,1978.9,1079.4
100666,2023-04-15,CUST0219,Small Business,West,Notebook Set,Stationery,199,1,0.0,199,199.0,89.55,109.45
100667,2023-04-15,CUST0332,Corporate,South,Table Lamp,Furniture,899,1,10.0,899,809.1,557.38,251.72
100668,2023-04-16,CUST0229,Corporate,North,Wireless Mouse,Electronics,599,1,5.0,599,569.05,407.32,161.73
100669,2023-04-16,CUST0346,Small Business,North,Sticky Notes Pack,Stationery,99,2,0.0,198,198.0,89.1,108.9
100670,2023-04-16,CUST0039,Small Business,Central,Sticky Notes Pack,Stationery,99,3,5.0,297,282.15,133.65,148.5
100671,2023-04-16,CUST0191,Consumer,North,Whiteboard,Stationery,1499,1,0.0,1499,1499.0,674.55,824.45
100672,2023-04-16,CUST0131,Consumer,South,Water Bottle,Accessories,349,1,10.0,349,314.1,191.95,122.15
100673,2023-04-16,CUST0096,Consumer,Central,Office Chair,Furniture,6499,2,20.0,12998,10398.4,8058.76,2339.64
100674,2023-04-16,CUST0318,Consumer,South,Bookshelf,Furniture,3499,1,0.0,3499,3499.0,2169.38,1329.62
100675,2023-04-17,CUST0127,Corporate,West,Table Lamp,Furniture,899,1,0.0,899,899.0,557.38,341.62
100676,2023-04-17,CUST0084,Consumer,West,Notebook Set,Stationery,199,1,0.0,199,199.0,89.55,109.45
100677,2023-04-17,CUST0045,Consumer,South,Backpack,Accessories,1799,2,5.0,3598,3418.1,1978.9,1439.2
100678,2023-04-17,CUST0205,Small Business,East,27in Monitor,Electronics,12999,1,0.0,12999,12999.0,8839.32,4159.68
100679,2023-04-17,CUST0399,Corporate,Central,Wireless Mouse,Electronics,599,1,0.0,599,599.0,407.32,191.68
100680,2023-04-17,CUST0219,Small Business,West,Bookshelf,Furniture,3499,1,0.0,3499,3499.0,2169.38,1329.62
100681,2023-04-18,CUST0246,Corporate,South,Mechanical Keyboard,Electronics,2499,1,0.0,2499,2499.0,1699.32,799.68
100682,2023-04-18,CUST0013,Corporate,North,Standing Desk,Furniture,14999,2,0.0,29998,29998.0,18598.76,11399.24
100683,2023-04-18,CUST0338,Small Business,Central,Water Bottle,Accessories,349,1,0.0,349,349.0,191.95,157.05
100684,2023-04-18,CUST0112,Consumer,South,Bluetooth Speaker,Electronics,1999,1,,1999,1999.0,1359.32,639.68
100685,2023-04-18,CUST0143,Consumer,Central,27in Monitor,Electronics,12999,2,0.0,25998,25998.0,17678.64,8319.36
100686,2023-04-18,CUST0053,Enterprise,South,Wall Clock,Home Decor,749,1,0.0,749,749.0,374.5,374.5
100687,2023-04-19,CUST0208,Small Business,North,Mechanical Keyboard,Electronics,2499,1,0.0,2499,2499.0,1699.32,799.68
100688,2023-04-19,CUST0237,Consumer,South,Wireless Mouse,Electronics,599,1,0.0,599,599.0,407.32,191.68
100689,2023-04-19,CUST0155,Enterprise,South,Bookshelf,Furniture,3499,1,0.0,3499,3499.0,2169.38,1329.62
100690,2023-04-19,CUST0042,Consumer,South,Bookshelf,Furniture,3499,1,5.0,3499,3324.05,2169.38,1154.67
100691,2023-04-20,CUST0192,Corporate,North,Bluetooth Speaker,Electronics,1999,1,0.0,1999,1999.0,1359.32,639.68
100692,2023-04-20,CUST0227,Enterprise,West,Wireless Mouse,Electronics,599,1,0.0,599,599.0,407.32,191.68
100693,2023-04-20,CUST0115,Small Business,North,Bluetooth Speaker,Electronics,1999,1,0.0,1999,1999.0,1359.32,639.68
100694,2023-04-20,CUST0156,Consumer,East,Standing Desk,Furniture,14999,1,5.0,14999,14249.05,9299.38,4949.67
100695,2023-04-20,CUST0028,Small Business,Central,Bookshelf,Furniture,3499,2,15.0,6998,5948.3,4338.76,1609.54
100696,2023-04-20,CUST0244,Consumer,South,USB-C Hub,Electronics,1299,2,0.0,2598,2598.0,1766.64,831.36
100697,2023-04-20,CUST0164,Small Business,Central,Whiteboard,Stationery,1499,3,,4497,4497.0,2023.65,2473.35
100698,2023-04-21,CUST0210,Consumer,Central,Wireless Mouse,Electronics,599,4,0.0,2396,2396.0,1629.28,766.72
100699,2023-04-21,CUST0208,Small Business,North,Sticky Notes Pack,Stationery,99,1,0.0,99,99.0,44.55,54.45
100700,2023-04-21,CUST0137,Small Business,East,Whiteboard,Stationery,1499,1,5.0,1499,1424.05,674.55,749.5
100701,2023-04-21,CUST0375,Consumer,West,Wall Clock,Home Decor,749,3,0.0,2247,2247.0,1123.5,1123.5
100702,2023-04-21,CUST0067,Consumer,West,Mechanical Keyboard,Electronics,2499,1,0.0,2499,2499.0,1699.32,799.68
100703,2023-04-21,CUST0073,Consumer,East,Notebook Set,Stationery,199,2,5.0,398,378.1,179.1,199.0
100704,2023-04-21,CUST0211,Small Business,East,Notebook Set,Stationery,199,2,10.0,398,358.2,179.1,179.1
100705,2023-04-22,CUST0105,Corporate,West,Sticky Notes Pack,Stationery,99,1,0.0,99,99.0,44.55,54.45
100706,2023-04-22,CUST0351,Small Business,East,Mechanical Keyboard,Electronics,2499,1,5.0,2499,2374.05,1699.32,674.73
100707,2023-04-23,CUST0372,Consumer,South,Backpack,Accessories,1799,1,0.0,1799,1799.0,989.45,809.55
100708,2023-04-23,CUST0366,Consumer,East,Notebook Set,Stationery,199,1,0.0,199,199.0,89.55,109.45
100709,2023-04-23,CUST0377,Corporate,West,Bluetooth Speaker,Electronics,1999,1,0.0,1999,1999.0,1359.32,639.68
100710,2023-04-23,CUST0112,Consumer,South,Whiteboard,Stationery,1499,1,0.0,1499,1499.0,674.55,824.45
100711,2023-04-23,CUST0018,Small Business,West,Whiteboard,Stationery,1499,1,10.0,1499,1349.1,674.55,674.55
100712,2023-04-23,CUST0151,Corporate,Central,Bookshelf,Furniture,3499,1,0.0,3499,3499.0,2169.38,1329.62
100713,2023-04-23,CUST0345,Consumer,Central,Notebook Set,Stationery,199,3,0.0,597,597.0,268.65,328.35
100714,2023-04-23,CUST0061,Consumer,Central,Whiteboard,Stationery,1499,2,0.0,2998,2998.0,1349.1,1648.9
100715,2023-04-23,CUST0311,Consumer,East,Bluetooth Speaker,Electronics,1999,1,0.0,1999,1999.0,1359.32,639.68
100716,2023-04-24,CUST0220,Corporate,South,Backpack,Accessories,1799,4,0.0,7196,7196.0,3957.8,3238.2
100717,2023-04-24,CUST0186,Small Business,South,Wall Clock,Home Decor,749,1,0.0,749,749.0,374.5,374.5
100718,2023-04-24,CUST0031,Small Business,North,Standing Desk,Furniture,14999,1,5.0,14999,14249.05,9299.38,4949.67
100719,2023-04-24,CUST0278,Small Business,South,Standing Desk,Furniture,14999,1,0.0,14999,14999.0,9299.38,5699.62
100720,2023-04-24,CUST0249,Enterprise,East,Wireless Mouse,Electronics,599,1,0.0,599,599.0,407.32,191.68
100721,2023-04-24,CUST0335,Consumer,East,Bluetooth Speaker,Electronics,1999,2,0.0,3998,3998.0,2718.64,1279.36
100722,2023-04-24,CUST0208,Small Business,North,Backpack,Accessories,1799,1,10.0,1799,1619.1,989.45,629.65
100723,2023-04-24,CUST0090,Consumer,West,Wireless Mouse,Electronics,599,1,10.0,599,539.1,407.32,131.78
100724,2023-04-24,CUST0078,Consumer,Central,Photo Frame Set,Home Decor,549,2,0.0,1098,1098.0,549.0,549.0
100725,2023-04-24,CUST0239,Small Business,South,Water Bottle,Accessories,349,1,0.0,349,349.0,191.95,157.05
100726,2023-04-24,CUST0283,Consumer,North,Backpack,Accessories,1799,2,0.0,3598,3598.0,1978.9,1619.1
100727,2023-04-25,CUST0305,Small Business,East,Notebook Set,Stationery,199,1,0.0,199,199.0,89.55,109.45
100728,2023-04-25,CUST0005,Consumer,North,Wall Clock,Home Decor,749,1,0.0,749,749.0,374.5,374.5
100729,2023-04-26,CUST0337,Corporate,North,Wall Clock,Home Decor,749,1,0.0,749,749.0,374.5,374.5
100730,2023-04-26,CUST0122,Corporate,West,USB-C Hub,Electronics,1299,2,10.0,2598,2338.2,1766.64,571.56
100731,2023-04-26,CUST0381,Consumer,South,Backpack,Accessories,1799,1,0.0,1799,1799.0,989.45,809.55
100732,2023-04-26,CUST0355,Consumer,Central,Wireless Mouse,Electronics,599,1,0.0,599,599.0,407.32,191.68
100733,2023-04-26,CUST0128,Corporate,South,Notebook Set,Stationery,199,1,0.0,199,199.0,89.55,109.45
100734,2023-04-26,CUST0324,Consumer,North,Wall Clock,Home Decor,749,1,0.0,749,749.0,374.5,374.5
100735,2023-04-26,CUST0190,Consumer,Central,Photo Frame Set,Home Decor,549,1,0.0,549,549.0,274.5,274.5
100736,2023-04-26,CUST0237,Consumer,South,Photo Frame Set,Home Decor,549,2,0.0,1098,1098.0,549.0,549.0
100737,2023-04-27,CUST0371,Consumer,Central,Sticky Notes Pack,Stationery,99,1,0.0,99,99.0,44.55,54.45
100738,2023-04-27,CUST0286,Consumer,North,Photo Frame Set,Home Decor,549,2,0.0,1098,1098.0,549.0,549.0
100739,2023-04-27,CUST0373,Consumer,West,Bluetooth Speaker,Electronics,1999,1,5.0,1999,1899.05,1359.32,539.73
100740,2023-04-27,CUST0382,Small Business,Central,Whiteboard,Stationery,1499,1,10.0,1499,1349.1,674.55,674.55
100741,2023-04-27,CUST0122,Corporate,West,Office Chair,Furniture,6499,1,0.0,6499,6499.0,4029.38,2469.62
100742,2023-04-28,CUST0379,Corporate,West,Bookshelf,Furniture,3499,1,10.0,3499,3149.1,2169.38,979.72
100743,2023-04-28,CUST0096,Consumer,Central,Whiteboard,Stationery,1499,3,0.0,4497,4497.0,2023.65,2473.35
100744,2023-04-28,CUST0389,Corporate,South,Table Lamp,Furniture,899,2,10.0,1798,1618.2,1114.76,503.44
100745,2023-04-28,CUST0022,Consumer,Central,USB-C Hub,Electronics,1299,1,0.0,1299,1299.0,883.32,415.68
100746,2023-04-28,CUST0267,Small Business,Central,Standing Desk,Furniture,14999,1,5.0,14999,14249.05,9299.38,4949.67
100747,2023-04-28,CUST0316,Small Business,North,Table Lamp,Furniture,899,1,0.0,899,899.0,557.38,341.62
100748,2023-04-28,CUST0113,Corporate,North,Mechanical Keyboard,Electronics,2499,1,0.0,2499,2499.0,1699.32,799.68
100749,2023-04-29,CUST0206,Consumer,South,Notebook Set,Stationery,199,2,5.0,398,378.1,179.1,199.0
100750,2023-04-29,CUST0375,Consumer,West,Water Bottle,Accessories,349,2,0.0,698,698.0,383.9,314.1
100751,2023-04-29,CUST0116,Corporate,Central,USB-C Hub,Electronics,1299,1,0.0,1299,1299.0,883.32,415.68
100752,2023-04-29,CUST0011,Consumer,West,Whiteboard,Stationery,1499,2,15.0,2998,2548.3,1349.1,1199.2
100753,2023-04-29,CUST0209,Consumer,West,Standing Desk,Furniture,14999,1,10.0,14999,13499.1,9299.38,4199.72
100754,2023-04-29,CUST0121,Corporate,South,Sticky Notes Pack,Stationery,99,1,0.0,99,99.0,44.55,54.45
100755,2023-04-29,CUST0272,Corporate,Central,Whiteboard,Stationery,1499,1,0.0,1499,1499.0,674.55,824.45
100756,2023-04-29,CUST0187,Corporate,South,Bluetooth Speaker,Electronics,1999,1,0.0,1999,1999.0,1359.32,639.68
100757,2023-04-30,CUST0079,Consumer,Central,Whiteboard,Stationery,1499,1,15.0,1499,1274.15,674.55,599.6
100758,2023-04-30,CUST0375,Consumer,West,Wall Clock,Home Decor,749,1,0.0,749,749.0,374.5,374.5
100759,2023-04-30,CUST0141,Enterprise,Central,Sticky Notes Pack,Stationery,99,2,10.0,198,178.2,89.1,89.1
100760,2023-04-30,CUST0376,Consumer,North,Backpack,Accessories,1799,1,0.0,1799,1799.0,989.45,809.55
100761,2023-04-30,CUST0208,Small Business,North,Notebook Set,Stationery,199,1,0.0,199,199.0,89.55,109.45
100762,2023-04-30,CUST0076,Small Business,East,Wall Clock,Home Decor,749,1,0.0,749,749.0,374.5,374.5
100763,2023-04-30,CUST0071,Corporate,Central,Water Bottle,Accessories,349,1,0.0,349,349.0,191.95,157.05
100764,2023-05-01,CUST0311,Consumer,East,Whiteboard,Stationery,1499,1,0.0,1499,1499.0,674.55,824.45
100765,2023-05-01,CUST0319,Consumer,West,Office Chair,Furniture,6499,1,0.0,6499,6499.0,4029.38,2469.62
100766,2023-05-01,CUST0146,Consumer,Central,Photo Frame Set,Home Decor,549,1,0.0,549,549.0,274.5,274.5
100767,2023-05-01,CUST0275,Small Business,North,Backpack,Accessories,1799,1,0.0,1799,1799.0,989.45,809.55
100768,2023-05-01,CUST0374,Small Business,East,Water Bottle,Accessories,349,1,10.0,349,314.1,191.95,122.15
100769,2023-05-01,CUST0367,Enterprise,South,27in Monitor,Electronics,12999,1,0.0,12999,12999.0,8839.32,4159.68
100770,2023-05-02,CUST0075,Small Business,South,Water Bottle,Accessories,349,1,5.0,349,331.55,191.95,139.6
100771,2023-05-02,CUST0300,Consumer,Central,Backpack,Accessories,1799,1,20.0,1799,1439.2,989.45,449.75
100772,2023-05-02,CUST0095,Corporate,North,Notebook Set,Stationery,199,4,20.0,796,636.8,358.2,278.6
100773,2023-05-02,CUST0159,Consumer,North,Water Bottle,Accessories,349,1,0.0,349,349.0,191.95,157.05
100774,2023-05-02,CUST0339,Consumer,West,Backpack,Accessories,1799,4,5.0,7196,6836.2,3957.8,2878.4
100775,2023-05-02,CUST0372,Consumer,South,Whiteboard,Stationery,1499,1,0.0,1499,1499.0,674.55,824.45
100776,2023-05-02,CUST0273,Corporate,North,Bookshelf,Furniture,3499,1,0.0,3499,3499.0,2169.38,1329.62
100777,2023-05-03,CUST0004,Small Business,West,Bluetooth Speaker,Electronics,1999,1,0.0,1999,1999.0,1359.32,639.68
100778,2023-05-03,CUST0095,Corporate,North,Sticky Notes Pack,Stationery,99,1,0.0,99,99.0,44.55,54.45
100779,2023-05-03,CUST0321,Small Business,North,Photo Frame Set,Home Decor,549,1,5.0,549,521.55,274.5,247.05
100780,2023-05-04,CUST0195,Consumer,Central,Whiteboard,Stationery,1499,1,5.0,1499,1424.05,674.55,749.5
100781,2023-05-04,CUST0182,Consumer,Central,Wireless Mouse,Electronics,599,1,5.0,599,569.05,407.32,161.73
100782,2023-05-04,CUST0182,Consumer,Central,Sticky Notes Pack,Stationery,99,1,0.0,99,99.0,44.55,54.45
100783,2023-05-04,CUST0096,Consumer,Central,Table Lamp,Furniture,899,1,5.0,899,854.05,557.38,296.67
100784,2023-05-04,CUST0225,Consumer,East,Bookshelf,Furniture,3499,1,5.0,3499,3324.05,2169.38,1154.67
100785,2023-05-05,CUST0185,Consumer,Central,Office Chair,Furniture,6499,2,0.0,12998,12998.0,8058.76,4939.24
100786,2023-05-05,CUST0336,Consumer,South,Table Lamp,Furniture,899,1,0.0,899,899.0,557.38,341.62
100787,2023-05-06,CUST0176,Consumer,Central,Mechanical Keyboard,Electronics,2499,1,0.0,2499,2499.0,1699.32,799.68
100788,2023-05-06,CUST0124,Consumer,Central,Wireless Mouse,Electronics,599,2,0.0,1198,1198.0,814.64,383.36
100789,2023-05-06,CUST0159,Consumer,North,Mechanical Keyboard,Electronics,2499,2,0.0,4998,4998.0,3398.64,1599.36
100790,2023-05-06,CUST0012,Enterprise,Central,Wall Clock,Home Decor,749,1,0.0,749,749.0,374.5,374.5
100791,2023-05-07,CUST0036,Corporate,South,Office Chair,Furniture,6499,4,5.0,25996,24696.2,16117.52,8578.68
100792,2023-05-07,CUST0336,Consumer,South,Wall Clock,Home Decor,749,4,0.0,2996,2996.0,1498.0,1498.0
100793,2023-05-07,CUST0164,Small Business,Central,Photo Frame Set,Home Decor,549,1,0.0,549,549.0,274.5,274.5
100794,2023-05-07,CUST0365,Enterprise,South,Standing Desk,Furniture,14999,1,0.0,14999,14999.0,9299.38,5699.62
100795,2023-05-07,CUST0149,Consumer,South,27in Monitor,Electronics,12999,1,0.0,12999,12999.0,8839.32,4159.68
100796,2023-05-07,CUST0206,Consumer,South,Wall Clock,Home Decor,749,2,0.0,1498,1498.0,749.0,749.0
100797,2023-05-08,CUST0310,Consumer,East,Table Lamp,Furniture,899,2,0.0,1798,1798.0,1114.76,683.24
100798,2023-05-08,CUST0283,Consumer,North,Backpack,Accessories,1799,1,5.0,1799,1709.05,989.45,719.6
100799,2023-05-08,CUST0206,Consumer,South,Whiteboard,Stationery,1499,1,0.0,1499,1499.0,674.55,824.45
100800,2023-05-08,CUST0355,Consumer,Central,Wall Clock,Home Decor,749,1,0.0,749,749.0,374.5,374.5
100801,2023-05-09,CUST0095,Corporate,North,Office Chair,Furniture,6499,1,0.0,6499,6499.0,4029.38,2469.62
100802,2023-05-09,CUST0219,Small Business,West,Sticky Notes Pack,Stationery,99,1,0.0,99,99.0,44.55,54.45
100803,2023-05-09,CUST0343,Consumer,East,27in Monitor,Electronics,12999,1,10.0,12999,11699.1,8839.32,2859.78
100804,2023-05-09,CUST0344,Consumer,Central,Office Chair,Furniture,6499,1,0.0,6499,6499.0,4029.38,2469.62
100805,2023-05-09,CUST0099,Consumer,Central,Photo Frame Set,Home Decor,549,2,0.0,1098,1098.0,549.0,549.0
100806,2023-05-10,CUST0364,Small Business,North,Bluetooth Speaker,Electronics,1999,1,5.0,1999,1899.05,1359.32,539.73
100807,2023-05-10,CUST0167,Consumer,East,Table Lamp,Furniture,899,2,0.0,1798,1798.0,1114.76,683.24
100808,2023-05-10,CUST0173,Small Business,North,Office Chair,Furniture,6499,2,5.0,12998,12348.1,8058.76,4289.34
100809,2023-05-10,CUST0086,Consumer,North,Table Lamp,Furniture,899,1,0.0,899,899.0,557.38,341.62
100810,2023-05-10,CUST0342,Consumer,East,Backpack,Accessories,1799,1,0.0,1799,1799.0,989.45,809.55
100811,2023-05-10,CUST0298,Consumer,West,Bookshelf,Furniture,3499,1,0.0,3499,3499.0,2169.38,1329.62
100812,2023-05-10,CUST0299,Small Business,South,Standing Desk,Furniture,14999,1,,14999,14249.05,9299.38,4949.67
100813,2023-05-10,CUST0211,Small Business,East,Bookshelf,Furniture,3499,2,20.0,6998,5598.4,4338.76,1259.64
100814,2023-05-11,CUST0011,Consumer,West,Notebook Set,Stationery,199,1,0.0,199,199.0,89.55,109.45
100815,2023-05-11,CUST0390,Corporate,South,Photo Frame Set,Home Decor,549,1,0.0,549,549.0,274.5,274.5
100816,2023-05-12,CUST0051,Enterprise,South,Whiteboard,Stationery,1499,2,0.0,2998,2998.0,1349.1,1648.9
100817,2023-05-12,CUST0208,Small Business,North,Bookshelf,Furniture,3499,1,5.0,3499,3324.05,2169.38,1154.67
100818,2023-05-12,CUST0054,Corporate,East,Office Chair,Furniture,6499,1,5.0,6499,6174.05,4029.38,2144.67
100819,2023-05-12,CUST0305,Small Business,East,Whiteboard,Stationery,1499,1,0.0,1499,1499.0,674.55,824.45
100820,2023-05-12,CUST0215,Small Business,Central,Sticky Notes Pack,Stationery,99,2,0.0,198,198.0,89.1,108.9
100821,2023-05-12,CUST0367,Enterprise,South,Whiteboard,Stationery,1499,1,10.0,1499,1349.1,674.55,674.55
100822,2023-05-12,CUST0353,Small Business,East,Backpack,Accessories,1799,1,0.0,1799,1799.0,989.45,809.55
100823,2023-05-12,CUST0348,Consumer,Central,Water Bottle,Accessories,349,4,0.0,1396,1396.0,767.8,628.2
100824,2023-05-12,CUST0093,Corporate,North,Water Bottle,Accessories,349,2,0.0,698,698.0,383.9,314.1
100825,2023-05-12,CUST0358,Small Business,West,Table Lamp,Furniture,899,1,5.0,899,854.05,557.38,296.67
100826,2023-05-13,CUST0306,Enterprise,West,Backpack,Accessories,1799,1,0.0,1799,1799.0,989.45,809.55
100827,2023-05-13,CUST0236,Small Business,West,Wireless Mouse,Electronics,599,1,0.0,599,599.0,407.32,191.68
100828,2023-05-13,CUST0132,Consumer,West,Wireless Mouse,Electronics,599,1,0.0,599,599.0,407.32,191.68
100829,2023-05-13,CUST0071,Corporate,Central,Wireless Mouse,Electronics,599,1,10.0,599,539.1,407.32,131.78
100830,2023-05-13,CUST0008,Corporate,East,USB-C Hub,Electronics,1299,1,10.0,1299,1169.1,883.32,285.78
100831,2023-05-13,CUST0244,Consumer,South,Mechanical Keyboard,Electronics,2499,1,0.0,2499,2499.0,1699.32,799.68
100832,2023-05-13,CUST0377,Corporate,West,Water Bottle,Accessories,349,1,0.0,349,349.0,191.95,157.05
100833,2023-05-13,CUST0355,Consumer,Central,Photo Frame Set,Home Decor,549,1,0.0,549,549.0,274.5,274.5
100834,2023-05-13,CUST0017,Consumer,West,27in Monitor,Electronics,12999,1,0.0,12999,12999.0,8839.32,4159.68
100835,2023-05-14,CUST0257,Enterprise,East,Backpack,Accessories,1799,1,20.0,1799,1439.2,989.45,449.75
100836,2023-05-14,CUST0237,Consumer,South,Notebook Set,Stationery,199,1,0.0,199,199.0,89.55,109.45
100837,2023-05-14,CUST0086,Consumer,North,Bookshelf,Furniture,3499,1,0.0,3499,3499.0,2169.38,1329.62
100838,2023-05-14,CUST0357,Consumer,South,Water Bottle,Accessories,349,1,10.0,349,314.1,191.95,122.15
100839,2023-05-14,CUST0229,Corporate,North,Notebook Set,Stationery,199,2,0.0,398,398.0,179.1,218.9
100840,2023-05-14,CUST0393,Consumer,West,Standing Desk,Furniture,14999,2,0.0,29998,29998.0,18598.76,11399.24
100841,2023-05-14,CUST0161,Consumer,South,Backpack,Accessories,1799,1,0.0,1799,1799.0,989.45,809.55
100842,2023-05-14,CUST0180,Consumer,Central,Mechanical Keyboard,Electronics,2499,1,0.0,2499,2499.0,1699.32,799.68
100843,2023-05-15,CUST0068,Corporate,West,Whiteboard,Stationery,1499,1,0.0,1499,1499.0,674.55,824.45
100844,2023-05-15,CUST0093,Corporate,North,Mechanical Keyboard,Electronics,2499,1,0.0,2499,2499.0,1699.32,799.68
100845,2023-05-15,CUST0134,Consumer,Central,Wall Clock,Home Decor,749,1,0.0,749,749.0,374.5,374.5
100846,2023-05-15,CUST0055,Small Business,South,Bluetooth Speaker,Electronics,1999,1,10.0,1999,1799.1,1359.32,439.78
100847,2023-05-15,CUST0224,Consumer,East,Standing Desk,Furniture,14999,1,0.0,14999,14999.0,9299.38,5699.62
100848,2023-05-15,CUST0150,Consumer,East,Table Lamp,Furniture,899,1,0.0,899,899.0,557.38,341.62
100849,2023-05-16,CUST0387,Consumer,East,Wall Clock,Home Decor,749,1,0.0,749,749.0,374.5,374.5
100850,2023-05-16,CUST0035,Enterprise,South,Wall Clock,Home Decor,749,1,0.0,749,749.0,374.5,374.5
100851,2023-05-16,CUST0349,Consumer,Central,Backpack,Accessories,1799,1,0.0,1799,1799.0,989.45,809.55
100852,2023-05-16,CUST0122,Corporate,West,Standing Desk,Furniture,14999,1,0.0,14999,14999.0,9299.38,5699.62
100853,2023-05-16,CUST0045,Consumer,South,Bluetooth Speaker,Electronics,1999,1,0.0,1999,1999.0,1359.32,639.68
100854,2023-05-17,CUST0001,Consumer,North,Sticky Notes Pack,Stationery,99,1,0.0,99,99.0,44.55,54.45
100855,2023-05-17,CUST0369,Consumer,Central,Bookshelf,Furniture,3499,1,0.0,3499,3499.0,2169.38,1329.62
100856,2023-05-17,CUST0188,Small Business,East,Wireless Mouse,Electronics,599,1,0.0,599,599.0,407.32,191.68
100857,2023-05-17,CUST0377,Corporate,West,Table Lamp,Furniture,899,1,5.0,899,854.05,557.38,296.67
100858,2023-05-17,CUST0025,Consumer,North,Bluetooth Speaker,Electronics,1999,1,0.0,1999,1999.0,1359.32,639.68
100859,2023-05-17,CUST0284,Consumer,South,Water Bottle,Accessories,349,1,0.0,349,349.0,191.95,157.05
100860,2023-05-17,CUST0092,Small Business,West,Table Lamp,Furniture,899,1,0.0,899,899.0,557.38,341.62
100861,2023-05-17,CUST0137,Small Business,East,Wall Clock,Home Decor,749,1,0.0,749,749.0,374.5,374.5
100862,2023-05-18,CUST0094,Small Business,North,Photo Frame Set,Home Decor,549,1,0.0,549,549.0,274.5,274.5
100863,2023-05-18,CUST0118,Consumer,North,27in Monitor,Electronics,12999,1,0.0,12999,12999.0,8839.32,4159.68
100864,2023-05-18,CUST0301,Consumer,South,Notebook Set,Stationery,199,1,15.0,199,169.15,89.55,79.6
100865,2023-05-18,CUST0114,Corporate,North,Wall Clock,Home Decor,749,1,0.0,749,749.0,374.5,374.5
100866,2023-05-18,CUST0035,Enterprise,South,USB-C Hub,Electronics,1299,1,5.0,1299,1234.05,883.32,350.73
100867,2023-05-19,CUST0338,Small Business,Central,USB-C Hub,Electronics,1299,2,0.0,2598,2598.0,1766.64,831.36
100868,2023-05-19,CUST0187,Corporate,South,Sticky Notes Pack,Stationery,99,1,0.0,99,99.0,44.55,54.45
100869,2023-05-19,CUST0253,Corporate,East,27in Monitor,Electronics,12999,1,15.0,12999,11049.15,8839.32,2209.83
100870,2023-05-19,CUST0098,Consumer,West,USB-C Hub,Electronics,1299,1,0.0,1299,1299.0,883.32,415.68
100871,2023-05-19,CUST0333,Consumer,North,Office Chair,Furniture,6499,1,0.0,6499,6499.0,4029.38,2469.62
100872,2023-05-19,CUST0016,Consumer,North,Office Chair,Furniture,6499,1,5.0,6499,6174.05,4029.38,2144.67
100873,2023-05-20,CUST0065,Consumer,North,Table Lamp,Furniture,899,1,0.0,899,899.0,557.38,341.62
100874,2023-05-20,CUST0363,Consumer,East,Standing Desk,Furniture,14999,1,0.0,14999,14999.0,9299.38,5699.62
100875,2023-05-20,CUST0146,Consumer,Central,Whiteboard,Stationery,1499,1,0.0,1499,1499.0,674.55,824.45
100876,2023-05-20,CUST0103,Consumer,Central,Table Lamp,Furniture,899,1,0.0,899,899.0,557.38,341.62
100877,2023-05-20,CUST0088,Small Business,East,Mechanical Keyboard,Electronics,2499,2,0.0,4998,4998.0,3398.64,1599.36
100878,2023-05-21,CUST0246,Corporate,South,Bluetooth Speaker,Electronics,1999,1,0.0,1999,1999.0,1359.32,639.68
100879,2023-05-21,CUST0025,Consumer,North,Table Lamp,Furniture,899,1,0.0,899,899.0,557.38,341.62
100880,2023-05-21,CUST0249,Enterprise,East,Whiteboard,Stationery,1499,1,0.0,1499,1499.0,674.55,824.45
100881,2023-05-21,CUST0142,Consumer,West,Whiteboard,Stationery,1499,1,0.0,1499,1499.0,674.55,824.45
100882,2023-05-21,CUST0355,Consumer,Central,Bluetooth Speaker,Electronics,1999,1,0.0,1999,1999.0,1359.32,639.68
100883,2023-05-21,CUST0241,Enterprise,West,Photo Frame Set,Home Decor,549,1,0.0,549,549.0,274.5,274.5
100884,2023-05-21,CUST0190,Consumer,Central,USB-C Hub,Electronics,1299,1,0.0,1299,1299.0,883.32,415.68
100885,2023-05-21,CUST0126,Consumer,West,Wireless Mouse,Electronics,599,1,10.0,599,539.1,407.32,131.78
100886,2023-05-21,CUST0221,Small Business,South,Mechanical Keyboard,Electronics,2499,2,0.0,4998,4998.0,3398.64,1599.36
100887,2023-05-21,CUST0182,Consumer,Central,Photo Frame Set,Home Decor,549,2,0.0,1098,1098.0,549.0,549.0
100888,2023-05-22,CUST0345,Consumer,Central,Mechanical Keyboard,Electronics,2499,1,0.0,2499,2499.0,1699.32,799.68
100889,2023-05-22,CUST0070,Enterprise,East,Notebook Set,Stationery,199,1,0.0,199,199.0,89.55,109.45
100890,2023-05-22,CUST0287,Consumer,East,Standing Desk,Furniture,14999,1,0.0,14999,14999.0,9299.38,5699.62
100891,2023-05-23,CUST0168,Consumer,East,Wall Clock,Home Decor,749,1,5.0,749,711.55,374.5,337.05
100892,2023-05-23,CUST0209,Consumer,West,27in Monitor,Electronics,12999,1,0.0,12999,12999.0,8839.32,4159.68
100893,2023-05-23,CUST0069,Consumer,West,27in Monitor,Electronics,12999,1,0.0,12999,12999.0,8839.32,4159.68
100894,2023-05-23,CUST0111,Consumer,North,Mechanical Keyboard,Electronics,2499,1,15.0,2499,2124.15,1699.32,424.83
100895,2023-05-24,CUST0117,Corporate,East,Table Lamp,Furniture,899,1,15.0,899,764.15,557.38,206.77
100896,2023-05-24,CUST0397,Corporate,West,Notebook Set,Stationery,199,1,0.0,199,199.0,89.55,109.45
100897,2023-05-24,CUST0074,Corporate,South,Bluetooth Speaker,Electronics,1999,2,0.0,3998,3998.0,2718.64,1279.36
100898,2023-05-24,CUST0130,Small Business,West,Standing Desk,Furniture,14999,1,15.0,14999,12749.15,9299.38,3449.77
100899,2023-05-24,CUST0296,Small Business,West,Standing Desk,Furniture,14999,2,0.0,29998,29998.0,18598.76,11399.24
100900,2023-05-25,CUST0209,Consumer,West,Standing Desk,Furniture,14999,1,20.0,14999,11999.2,9299.38,2699.82
100901,2023-05-25,CUST0359,Enterprise,West,Notebook Set,Stationery,199,1,5.0,199,189.05,89.55,99.5
100902,2023-05-25,CUST0186,Small Business,South,USB-C Hub,Electronics,1299,1,0.0,1299,1299.0,883.32,415.68
100903,2023-05-25,CUST0192,Corporate,North,27in Monitor,Electronics,12999,1,0.0,12999,12999.0,8839.32,4159.68
100904,2023-05-25,CUST0382,Small Business,Central,Sticky Notes Pack,Stationery,99,1,5.0,99,94.05,44.55,49.5
100905,2023-05-26,CUST0232,Small Business,East,Wall Clock,Home Decor,749,2,0.0,1498,1498.0,749.0,749.0
100906,2023-05-26,CUST0083,Consumer,West,Photo Frame Set,Home Decor,549,2,0.0,1098,1098.0,549.0,549.0
100907,2023-05-26,CUST0007,Consumer,East,Backpack,Accessories,1799,2,5.0,3598,3418.1,1978.9,1439.2
100908,2023-05-26,CUST0006,Consumer,Central,Table Lamp,Furniture,899,1,15.0,899,764.15,557.38,206.77
100909,2023-05-26,CUST0126,Consumer,West,Backpack,Accessories,1799,1,0.0,1799,1799.0,989.45,809.55
100910,2023-05-26,CUST0331,Consumer,West,Bookshelf,Furniture,3499,1,0.0,3499,3499.0,2169.38,1329.62
100911,2023-05-26,CUST0284,Consumer,South,Mechanical Keyboard,Electronics,2499,2,10.0,4998,4498.2,3398.64,1099.56
100912,2023-05-26,CUST0090,Consumer,West,Water Bottle,Accessories,349,1,5.0,349,331.55,191.95,139.6
100913,2023-05-26,CUST0222,Small Business,South,Standing Desk,Furniture,14999,3,10.0,44997,40497.3,27898.14,12599.16
100914,2023-05-27,CUST0172,Consumer,South,Standing Desk,Furniture,14999,1,10.0,14999,13499.1,9299.38,4199.72
100915,2023-05-27,CUST0373,Consumer,West,Notebook Set,Stationery,199,1,0.0,199,199.0,89.55,109.45
100916,2023-05-27,CUST0187,Corporate,South,Bluetooth Speaker,Electronics,1999,1,0.0,1999,1999.0,1359.32,639.68
100917,2023-05-27,CUST0048,Small Business,North,Bluetooth Speaker,Electronics,1999,2,5.0,3998,3798.1,2718.64,1079.46
100918,2023-05-27,CUST0099,Consumer,Central,Water Bottle,Accessories,349,2,5.0,698,663.1,383.9,279.2
100919,2023-05-27,CUST0317,Consumer,North,Backpack,Accessories,1799,1,10.0,1799,1619.1,989.45,629.65
100920,2023-05-27,CUST0116,Corporate,Central,Bookshelf,Furniture,3499,1,0.0,3499,3499.0,2169.38,1329.62
100921,2023-05-27,CUST0335,Consumer,East,Water Bottle,Accessories,349,1,0.0,349,349.0,191.95,157.05
100922,2023-05-27,CUST0292,Consumer,North,Mechanical Keyboard,Electronics,2499,1,5.0,2499,2374.05,1699.32,674.73
100923,2023-05-27,CUST0047,Consumer,West,Water Bottle,Accessories,349,2,0.0,698,698.0,383.9,314.1
100924,2023-05-27,CUST0352,Corporate,North,Bookshelf,Furniture,3499,1,20.0,3499,2799.2,2169.38,629.82
100925,2023-05-27,CUST0241,Enterprise,West,27in Monitor,Electronics,12999,1,0.0,12999,12999.0,8839.32,4159.68
100926,2023-05-28,CUST0253,Corporate,East,Photo Frame Set,Home Decor,549,1,0.0,549,549.0,274.5,274.5
100927,2023-05-28,CUST0310,Consumer,East,Whiteboard,Stationery,1499,1,0.0,1499,1499.0,674.55,824.45
100928,2023-05-28,CUST0056,Corporate,South,Table Lamp,Furniture,899,1,0.0,899,899.0,557.38,341.62
100929,2023-05-28,CUST0245,Consumer,Central,Backpack,Accessories,1799,2,10.0,3598,3238.2,1978.9,1259.3
100930,2023-05-28,CUST0122,Corporate,West,Mechanical Keyboard,Electronics,2499,1,0.0,2499,2499.0,1699.32,799.68
100931,2023-05-29,CUST0325,Enterprise,West,Table Lamp,Furniture,899,1,0.0,899,899.0,557.38,341.62
100932,2023-05-29,CUST0105,Corporate,West,USB-C Hub,Electronics,1299,1,0.0,1299,1299.0,883.32,415.68
100933,2023-05-29,CUST0185,Consumer,Central,Notebook Set,Stationery,199,1,0.0,199,199.0,89.55,109.45
100934,2023-05-29,CUST0320,Consumer,North,Office Chair,Furniture,6499,1,10.0,6499,5849.1,4029.38,1819.72
100935,2023-05-29,CUST0251,Consumer,East,Backpack,Accessories,1799,1,5.0,1799,1709.05,989.45,719.6
100936,2023-05-30,CUST0106,Consumer,Central,Sticky Notes Pack,Stationery,99,1,0.0,99,99.0,44.55,54.45
100937,2023-05-30,CUST0318,Consumer,South,Office Chair,Furniture,6499,1,0.0,6499,6499.0,4029.38,2469.62
100938,2023-05-30,CUST0056,Corporate,South,Notebook Set,Stationery,199,1,0.0,199,199.0,89.55,109.45
100939,2023-05-30,CUST0113,Corporate,North,Office Chair,Furniture,6499,1,5.0,6499,6174.05,4029.38,2144.67
100940,2023-05-30,CUST0079,Consumer,Central,Notebook Set,Stationery,199,2,5.0,398,378.1,179.1,199.0
100941,2023-05-30,CUST0250,Corporate,East,Water Bottle,Accessories,349,1,0.0,349,349.0,191.95,157.05
100942,2023-05-31,CUST0251,Consumer,East,Table Lamp,Furniture,899,1,15.0,899,764.15,557.38,206.77
100943,2023-05-31,CUST0179,Enterprise,Central,Bookshelf,Furniture,3499,1,15.0,3499,2974.15,2169.38,804.77
100944,2023-05-31,CUST0328,Small Business,North,Whiteboard,Stationery,1499,1,0.0,1499,1499.0,674.55,824.45
100945,2023-05-31,CUST0384,Corporate,West,Bookshelf,Furniture,3499,1,0.0,3499,3499.0,2169.38,1329.62
100946,2023-05-31,CUST0185,Consumer,Central,Wall Clock,Home Decor,749,1,0.0,749,749.0,374.5,374.5
100947,2023-05-31,CUST0022,Consumer,Central,Water Bottle,Accessories,349,4,10.0,1396,1256.4,767.8,488.6
100948,2023-05-31,CUST0042,Consumer,South,USB-C Hub,Electronics,1299,1,15.0,1299,1104.15,883.32,220.83
100949,2023-05-31,CUST0247,Consumer,Central,Photo Frame Set,Home Decor,549,4,0.0,2196,2196.0,1098.0,1098.0
100950,2023-05-31,CUST0207,Consumer,West,Standing Desk,Furniture,14999,2,0.0,29998,29998.0,18598.76,11399.24
100951,2023-06-01,CUST0321,Small Business,North,Bluetooth Speaker,Electronics,1999,3,0.0,5997,5997.0,4077.96,1919.04
100952,2023-06-01,CUST0016,Consumer,North,Bluetooth Speaker,Electronics,1999,1,10.0,1999,1799.1,1359.32,439.78
100953,2023-06-01,CUST0026,Corporate,West,Bookshelf,Furniture,3499,1,5.0,3499,3324.05,2169.38,1154.67
100954,2023-06-01,CUST0192,Corporate,North,Notebook Set,Stationery,199,2,10.0,398,358.2,179.1,179.1
100955,2023-06-01,CUST0391,Enterprise,Central,Standing Desk,Furniture,14999,1,0.0,14999,14999.0,9299.38,5699.62
100956,2023-06-01,CUST0162,Small Business,North,Wall Clock,Home Decor,749,1,0.0,749,749.0,374.5,374.5
100957,2023-06-02,CUST0239,Small Business,South,Office Chair,Furniture,6499,1,0.0,6499,6499.0,4029.38,2469.62
100958,2023-06-02,CUST0390,Corporate,South,Mechanical Keyboard,Electronics,2499,1,0.0,2499,2499.0,1699.32,799.68
100959,2023-06-02,CUST0391,Enterprise,Central,Notebook Set,Stationery,199,1,20.0,199,159.2,89.55,69.65
100960,2023-06-02,CUST0036,Corporate,South,Wireless Mouse,Electronics,599,1,0.0,599,599.0,407.32,191.68
100961,2023-06-02,CUST0069,Consumer,West,Table Lamp,Furniture,899,1,5.0,899,854.05,557.38,296.67
100962,2023-06-02,CUST0336,Consumer,South,Wireless Mouse,Electronics,599,4,0.0,2396,2396.0,1629.28,766.72
100963,2023-06-02,CUST0154,Consumer,South,Water Bottle,Accessories,349,2,0.0,698,698.0,383.9,314.1
100964,2023-06-02,CUST0034,Enterprise,South,Backpack,Accessories,1799,1,0.0,1799,1799.0,989.45,809.55
100965,2023-06-03,CUST0130,Small Business,West,Whiteboard,Stationery,1499,1,0.0,1499,1499.0,674.55,824.45
100966,2023-06-03,CUST0271,Corporate,Central,Backpack,Accessories,1799,1,0.0,1799,1799.0,989.45,809.55
100967,2023-06-03,CUST0203,Consumer,South,Photo Frame Set,Home Decor,549,1,0.0,549,549.0,274.5,274.5
100968,2023-06-03,CUST0117,Corporate,East,Whiteboard,Stationery,1499,1,0.0,1499,1499.0,674.55,824.45
100969,2023-06-03,CUST0366,Consumer,East,Bookshelf,Furniture,3499,1,0.0,3499,3499.0,2169.38,1329.62
100970,2023-06-03,CUST0313,Consumer,Central,Bluetooth Speaker,Electronics,1999,1,0.0,1999,1999.0,1359.32,639.68
100971,2023-06-03,CUST0137,Small Business,East,Water Bottle,Accessories,349,1,0.0,349,349.0,191.95,157.05
100972,2023-06-03,CUST0368,Corporate,East,Mechanical Keyboard,Electronics,2499,1,5.0,2499,2374.05,1699.32,674.73
100973,2023-06-03,CUST0149,Consumer,South,Bluetooth Speaker,Electronics,1999,1,0.0,1999,1999.0,1359.32,639.68
100974,2023-06-03,CUST0365,Enterprise,South,Notebook Set,Stationery,199,2,5.0,398,378.1,179.1,199.0
100975,2023-06-03,CUST0101,Consumer,Central,27in Monitor,Electronics,12999,1,0.0,12999,12999.0,8839.32,4159.68
100976,2023-06-03,CUST0157,Small Business,Central,Water Bottle,Accessories,349,1,15.0,349,296.65,191.95,104.7
100977,2023-06-03,CUST0376,Consumer,North,27in Monitor,Electronics,12999,1,10.0,12999,11699.1,8839.32,2859.78
100978,2023-06-03,CUST0205,Small Business,East,Table Lamp,Furniture,899,1,0.0,899,899.0,557.38,341.62
100979,2023-06-03,CUST0247,Consumer,Central,Bluetooth Speaker,Electronics,1999,2,15.0,3998,3398.3,2718.64,679.66
100980,2023-06-03,CUST0154,Consumer,South,Table Lamp,Furniture,899,1,20.0,899,719.2,557.38,161.82
100981,2023-06-03,CUST0181,Consumer,East,Mechanical Keyboard,Electronics,2499,1,15.0,2499,2124.15,1699.32,424.83
100982,2023-06-03,CUST0273,Corporate,North,USB-C Hub,Electronics,1299,1,,1299,1299.0,883.32,415.68
100983,2023-06-03,CUST0319,Consumer,West,Bookshelf,Furniture,3499,2,5.0,6998,6648.1,4338.76,2309.34
100984,2023-06-03,CUST0355,Consumer,Central,Notebook Set,Stationery,199,4,5.0,796,756.2,358.2,398.0
100985,2023-06-03,CUST0263,Consumer,South,Office Chair,Furniture,6499,1,0.0,6499,6499.0,4029.38,2469.62
100986,2023-06-03,CUST0189,Small Business,North,Bookshelf,Furniture,3499,2,0.0,6998,6998.0,4338.76,2659.24
100987,2023-06-04,CUST0336,Consumer,South,27in Monitor,Electronics,12999,1,0.0,12999,12999.0,8839.32,4159.68
100988,2023-06-04,CUST0090,Consumer,West,Notebook Set,Stationery,199,1,0.0,199,199.0,89.55,109.45
100989,2023-06-04,CUST0301,Consumer,South,Table Lamp,Furniture,899,1,0.0,899,899.0,557.38,341.62
100990,2023-06-04,CUST0253,Corporate,East,27in Monitor,Electronics,12999,1,0.0,12999,12999.0,8839.32,4159.68
100991,2023-06-04,CUST0286,Consumer,North,Sticky Notes Pack,Stationery,99,1,20.0,99,79.2,44.55,34.65
100992,2023-06-05,CUST0079,Consumer,Central,Standing Desk,Furniture,14999,1,0.0,14999,14999.0,9299.38,5699.62
100993,2023-06-05,CUST0380,Consumer,North,Photo Frame Set,Home Decor,549,2,10.0,1098,988.2,549.0,439.2
100994,2023-06-05,CUST0387,Consumer,East,Water Bottle,Accessories,349,1,5.0,349,331.55,191.95,139.6
100995,2023-06-05,CUST0100,Consumer,Central,Photo Frame Set,Home Decor,549,1,0.0,549,549.0,274.5,274.5
100996,2023-06-05,CUST0238,Consumer,North,Sticky Notes Pack,Stationery,99,1,10.0,99,89.1,44.55,44.55
100997,2023-06-05,CUST0018,Small Business,West,Office Chair,Furniture,6499,1,10.0,6499,5849.1,4029.38,1819.72
100998,2023-06-05,CUST0373,Consumer,West,Water Bottle,Accessories,349,1,0.0,349,349.0,191.95,157.05
100999,2023-06-06,CUST0181,Consumer,East,Standing Desk,Furniture,14999,1,0.0,14999,14999.0,9299.38,5699.62
101000,2023-06-06,CUST0017,Consumer,West,Backpack,Accessories,1799,1,5.0,1799,1709.05,989.45,719.6
101001,2023-06-06,CUST0267,Small Business,Central,Table Lamp,Furniture,899,2,15.0,1798,1528.3,1114.76,413.54
101002,2023-06-06,CUST0035,Enterprise,South,Backpack,Accessories,1799,1,0.0,1799,1799.0,989.45,809.55
101003,2023-06-06,CUST0140,Enterprise,North,Notebook Set,Stationery,199,1,0.0,199,199.0,89.55,109.45
101004,2023-06-06,CUST0169,Consumer,North,Mechanical Keyboard,Electronics,2499,2,0.0,4998,4998.0,3398.64,1599.36
101005,2023-06-06,CUST0223,Consumer,South,USB-C Hub,Electronics,1299,1,0.0,1299,1299.0,883.32,415.68
101006,2023-06-06,CUST0397,Corporate,West,27in Monitor,Electronics,12999,2,5.0,25998,24698.1,17678.64,7019.46
101007,2023-06-07,CUST0383,Small Business,East,Whiteboard,Stationery,1499,1,0.0,1499,1499.0,674.55,824.45
101008,2023-06-07,CUST0139,Consumer,North,Notebook Set,Stationery,199,1,5.0,199,189.05,89.55,99.5
101009,2023-06-07,CUST0212,Small Business,North,Bluetooth Speaker,Electronics,1999,1,5.0,1999,1899.05,1359.32,539.73
101010,2023-06-07,CUST0253,Corporate,East,Notebook Set,Stationery,199,1,0.0,199,199.0,89.55,109.45
101011,2023-06-07,CUST0342,Consumer,East,Bluetooth Speaker,Electronics,1999,1,0.0,1999,1999.0,1359.32,639.68
101012,2023-06-07,CUST0020,Consumer,South,Standing Desk,Furniture,14999,2,0.0,29998,29998.0,18598.76,11399.24
101013,2023-06-08,CUST0051,Enterprise,South,Wireless Mouse,Electronics,599,2,0.0,1198,1198.0,814.64,383.36
101014,2023-06-08,CUST0120,Small Business,West,Notebook Set,Stationery,199,4,0.0,796,796.0,358.2,437.8
101015,2023-06-08,CUST0057,Consumer,Central,Bluetooth Speaker,Electronics,1999,1,0.0,1999,1999.0,1359.32,639.68
101016,2023-06-08,CUST0018,Small Business,West,Whiteboard,Stationery,1499,1,0.0,1499,1499.0,674.55,824.45
101017,2023-06-08,CUST0304,Small Business,East,Photo Frame Set,Home Decor,549,1,0.0,549,549.0,274.5,274.5
101018,2023-06-08,CUST0180,Consumer,Central,Table Lamp,Furniture,899,1,20.0,899,719.2,557.38,161.82
101019,2023-06-09,CUST0226,Consumer,South,Bluetooth Speaker,Electronics,1999,1,10.0,1999,1799.1,1359.32,439.78
101020,2023-06-09,CUST0246,Corporate,South,Backpack,Accessories,1799,1,0.0,1799,1799.0,989.45,809.55
101021,2023-06-09,CUST0381,Consumer,South,Bookshelf,Furniture,3499,2,0.0,6998,6998.0,4338.76,2659.24
101022,2023-06-09,CUST0177,Small Business,West,Standing Desk,Furniture,14999,3,20.0,44997,35997.6,27898.14,8099.46
101023,2023-06-09,CUST0161,Consumer,South,27in Monitor,Electronics,12999,1,5.0,12999,12349.05,8839.32,3509.73
101024,2023-06-09,CUST0042,Consumer,South,27in Monitor,Electronics,12999,1,0.0,12999,12999.0,8839.32,4159.68
101025,2023-06-09,CUST0279,Small Business,North,USB-C Hub,Electronics,1299,1,0.0,1299,1299.0,883.32,415.68
101026,2023-06-09,CUST0280,Corporate,South,Sticky Notes Pack,Stationery,99,1,0.0,99,99.0,44.55,54.45
101027,2023-06-09,CUST0057,Consumer,Central,Mechanical Keyboard,Electronics,2499,1,0.0,2499,2499.0,1699.32,799.68
101028,2023-06-10,CUST0258,Small Business,East,Bluetooth Speaker,Electronics,1999,1,0.0,1999,1999.0,1359.32,639.68
101029,2023-06-10,CUST0088,Small Business,East,Notebook Set,Stationery,199,1,0.0,199,199.0,89.55,109.45
101030,2023-06-10,CUST0188,Small Business,East,Water Bottle,Accessories,349,2,0.0,698,698.0,383.9,314.1
101031,2023-06-10,CUST0005,Consumer,North,Backpack,Accessories,1799,1,5.0,1799,1709.05,989.45,719.6
101032,2023-06-10,CUST0181,Consumer,East,Table Lamp,Furniture,899,1,10.0,899,809.1,557.38,251.72
101033,2023-06-10,CUST0127,Corporate,West,Bookshelf,Furniture,3499,1,0.0,3499,3499.0,2169.38,1329.62
101034,2023-06-10,CUST0255,Consumer,West,USB-C Hub,Electronics,1299,1,0.0,1299,1299.0,883.32,415.68
101035,2023-06-10,CUST0065,Consumer,North,Office Chair,Furniture,6499,1,5.0,6499,6174.05,4029.38,2144.67
101036,2023-06-11,CUST0357,Consumer,South,Notebook Set,Stationery,199,1,0.0,199,199.0,89.55,109.45
101037,2023-06-11,CUST0012,Enterprise,Central,Table Lamp,Furniture,899,1,0.0,899,899.0,557.38,341.62
101038,2023-06-11,CUST0312,Consumer,North,Sticky Notes Pack,Stationery,99,1,20.0,99,79.2,44.55,34.65
101039,2023-06-11,CUST0333,Consumer,North,Mechanical Keyboard,Electronics,2499,1,0.0,2499,2499.0,1699.32,799.68
101040,2023-06-11,CUST0078,Consumer,Central,Notebook Set,Stationery,199,1,0.0,199,199.0,89.55,109.45
101041,2023-06-11,CUST0033,Consumer,Central,Bluetooth Speaker,Electronics,1999,1,0.0,1999,1999.0,1359.32,639.68
101042,2023-06-11,CUST0256,Small Business,North,Bluetooth Speaker,Electronics,1999,4,0.0,7996,7996.0,5437.28,2558.72
101043,2023-06-11,CUST0166,Corporate,North,Wall Clock,Home Decor,749,1,0.0,749,749.0,374.5,374.5
101044,2023-06-11,CUST0307,Small Business,Central,Office Chair,Furniture,6499,1,15.0,6499,5524.15,4029.38,1494.77
101045,2023-06-11,CUST0336,Consumer,South,Wall Clock,Home Decor,749,2,20.0,1498,1198.4,749.0,449.4
101046,2023-06-11,CUST0098,Consumer,West,Sticky Notes Pack,Stationery,99,2,0.0,198,198.0,89.1,108.9
101047,2023-06-11,CUST0309,Corporate,South,Backpack,Accessories,1799,1,15.0,1799,1529.15,989.45,539.7
101048,2023-06-11,CUST0121,Corporate,South,Wall Clock,Home Decor,749,1,5.0,749,711.55,374.5,337.05
101049,2023-06-12,CUST0001,Consumer,North,Notebook Set,Stationery,199,1,0.0,199,199.0,89.55,109.45
101050,2023-06-12,CUST0251,Consumer,East,Photo Frame Set,Home Decor,549,1,0.0,549,549.0,274.5,274.5
101051,2023-06-12,CUST0246,Corporate,South,Notebook Set,Stationery,199,1,0.0,199,199.0,89.55,109.45
101052,2023-06-12,CUST0150,Consumer,East,Office Chair,Furniture,6499,1,0.0,6499,6499.0,4029.38,2469.62
101053,2023-06-12,CUST0199,Corporate,South,27in Monitor,Electronics,12999,1,15.0,12999,11049.15,8839.32,2209.83
101054,2023-06-12,CUST0247,Consumer,Central,Bookshelf,Furniture,3499,2,0.0,6998,6998.0,4338.76,2659.24
101055,2023-06-13,CUST0214,Consumer,Central,USB-C Hub,Electronics,1299,1,10.0,1299,1169.1,883.32,285.78
101056,2023-06-13,CUST0124,Consumer,Central,Mechanical Keyboard,Electronics,2499,1,0.0,2499,2499.0,1699.32,799.68
101057,2023-06-13,CUST0196,Consumer,West,Bookshelf,Furniture,3499,2,0.0,6998,6998.0,4338.76,2659.24
101058,2023-06-13,CUST0246,Corporate,South,Standing Desk,Furniture,14999,1,0.0,14999,14999.0,9299.38,5699.62
101059,2023-06-13,CUST0016,Consumer,North,Sticky Notes Pack,Stationery,99,1,0.0,99,99.0,44.55,54.45
101060,2023-06-13,CUST0037,Consumer,Central,Mechanical Keyboard,Electronics,2499,2,0.0,4998,4998.0,3398.64,1599.36
101061,2023-06-13,CUST0206,Consumer,South,Mechanical Keyboard,Electronics,2499,1,0.0,2499,2499.0,1699.32,799.68
101062,2023-06-13,CUST0019,Consumer,East,27in Monitor,Electronics,12999,1,0.0,12999,12999.0,8839.32,4159.68
101063,2023-06-13,CUST0117,Corporate,East,Sticky Notes Pack,Stationery,99,1,15.0,99,84.15,44.55,39.6
101064,2023-06-13,CUST0055,Small Business,South,Bluetooth Speaker,Electronics,1999,4,0.0,7996,7996.0,5437.28,2558.72
101065,2023-06-13,CUST0231,Corporate,South,Backpack,Accessories,1799,2,0.0,3598,3598.0,1978.9,1619.1
101066,2023-06-14,CUST0030,Consumer,Central,Bluetooth Speaker,Electronics,1999,1,0.0,1999,1999.0,1359.32,639.68
101067,2023-06-14,CUST0058,Consumer,Central,Bluetooth Speaker,Electronics,1999,1,0.0,1999,1999.0,1359.32,639.68
101068,2023-06-14,CUST0296,Small Business,West,Backpack,Accessories,1799,1,0.0,1799,1799.0,989.45,809.55
101069,2023-06-14,CUST0306,Enterprise,West,27in Monitor,Electronics,12999,1,5.0,12999,12349.05,8839.32,3509.73
101070,2023-06-14,CUST0221,Small Business,South,Wireless Mouse,Electronics,599,2,20.0,1198,958.4,814.64,143.76
101071,2023-06-15,CUST0182,Consumer,Central,Office Chair,Furniture,6499,2,0.0,12998,12998.0,8058.76,4939.24
101072,2023-06-15,CUST0018,Small Business,West,Bluetooth Speaker,Electronics,1999,1,15.0,1999,1699.15,1359.32,339.83
101073,2023-06-15,CUST0384,Corporate,West,USB-C Hub,Electronics,1299,2,0.0,2598,2598.0,1766.64,831.36
101074,2023-06-15,CUST0277,Corporate,South,Notebook Set,Stationery,199,1,0.0,199,199.0,89.55,109.45
101075,2023-06-15,CUST0127,Corporate,West,Table Lamp,Furniture,899,1,0.0,899,899.0,557.38,341.62
101076,2023-06-15,CUST0172,Consumer,South,27in Monitor,Electronics,12999,1,0.0,12999,12999.0,8839.32,4159.68
101077,2023-06-15,CUST0368,Corporate,East,Standing Desk,Furniture,14999,3,0.0,44997,44997.0,27898.14,17098.86
101078,2023-06-15,CUST0087,Small Business,North,Backpack,Accessories,1799,2,0.0,3598,3598.0,1978.9,1619.1
101079,2023-06-16,CUST0373,Consumer,West,Mechanical Keyboard,Electronics,2499,3,0.0,7497,7497.0,5097.96,2399.04
101080,2023-06-16,CUST0036,Corporate,South,Standing Desk,Furniture,14999,1,0.0,14999,14999.0,9299.38,5699.62
101081,2023-06-16,CUST0197,Small Business,North,Table Lamp,Furniture,899,1,10.0,899,809.1,557.38,251.72
101082,2023-06-16,CUST0196,Consumer,West,Backpack,Accessories,1799,1,5.0,1799,1709.05,989.45,719.6
101083,2023-06-16,CUST0057,Consumer,Central,Mechanical Keyboard,Electronics,2499,1,0.0,2499,2499.0,1699.32,799.68
101084,2023-06-16,CUST0344,Consumer,Central,Water Bottle,Accessories,349,2,0.0,698,698.0,383.9,314.1
101085,2023-06-16,CUST0335,Consumer,East,Wireless Mouse,Electronics,599,1,0.0,599,599.0,407.32,191.68
101086,2023-06-16,CUST0188,Small Business,East,Sticky Notes Pack,Stationery,99,2,0.0,198,198.0,89.1,108.9
101087,2023-06-16,CUST0365,Enterprise,South,USB-C Hub,Electronics,1299,2,0.0,2598,2598.0,1766.64,831.36
101088,2023-06-16,CUST0109,Consumer,East,Wireless Mouse,Electronics,599,1,0.0,599,599.0,407.32,191.68
101089,2023-06-17,CUST0072,Consumer,West,Sticky Notes Pack,Stationery,99,1,5.0,99,94.05,44.55,49.5
101090,2023-06-17,CUST0038,Consumer,East,Standing Desk,Furniture,14999,1,0.0,14999,14999.0,9299.38,5699.62
101091,2023-06-17,CUST0200,Corporate,West,Table Lamp,Furniture,899,3,15.0,2697,2292.45,1672.14,620.31
101092,2023-06-17,CUST0398,Consumer,North,Bluetooth Speaker,Electronics,1999,1,10.0,1999,1799.1,1359.32,439.78
101093,2023-06-17,CUST0204,Corporate,East,27in Monitor,Electronics,12999,1,0.0,12999,12999.0,8839.32,4159.68
101094,2023-06-17,CUST0279,Small Business,North,Wall Clock,Home Decor,749,1,0.0,749,749.0,374.5,374.5
101095,2023-06-17,CUST0068,Corporate,West,Standing Desk,Furniture,14999,2,0.0,29998,29998.0,18598.76,11399.24
101096,2023-06-17,CUST0185,Consumer,Central,Standing Desk,Furniture,14999,1,15.0,14999,12749.15,9299.38,3449.77
101097,2023-06-18,CUST0252,Consumer,North,USB-C Hub,Electronics,1299,1,0.0,1299,1299.0,883.32,415.68
101098,2023-06-18,CUST0198,Corporate,North,Mechanical Keyboard,Electronics,2499,1,20.0,2499,1999.2,1699.32,299.88
101099,2023-06-18,CUST0382,Small Business,Central,USB-C Hub,Electronics,1299,1,5.0,1299,1234.05,883.32,350.73
101100,2023-06-18,CUST0178,Consumer,North,Office Chair,Furniture,6499,1,0.0,6499,6499.0,4029.38,2469.62
101101,2023-06-18,CUST0214,Consumer,Central,USB-C Hub,Electronics,1299,1,0.0,1299,1299.0,883.32,415.68
101102,2023-06-18,CUST0332,Corporate,South,Backpack,Accessories,1799,1,0.0,1799,1799.0,989.45,809.55
101103,2023-06-18,CUST0376,Consumer,North,Backpack,Accessories,1799,2,0.0,3598,3598.0,1978.9,1619.1
101104,2023-06-18,CUST0017,Consumer,West,Bookshelf,Furniture,3499,1,5.0,3499,3324.05,2169.38,1154.67
101105,2023-06-18,CUST0393,Consumer,West,Photo Frame Set,Home Decor,549,1,0.0,549,549.0,274.5,274.5
101106,2023-06-19,CUST0296,Small Business,West,Sticky Notes Pack,Stationery,99,1,5.0,99,94.05,44.55,49.5
101107,2023-06-19,CUST0155,Enterprise,South,Backpack,Accessories,1799,1,0.0,1799,1799.0,989.45,809.55
101108,2023-06-19,CUST0355,Consumer,Central,Wireless Mouse,Electronics,599,1,20.0,599,479.2,407.32,71.88
101109,2023-06-19,CUST0180,Consumer,Central,Backpack,Accessories,1799,1,0.0,1799,1799.0,989.45,809.55
101110,2023-06-19,CUST0022,Consumer,Central,Whiteboard,Stationery,1499,1,10.0,1499,1349.1,674.55,674.55
101111,2023-06-19,CUST0396,Enterprise,South,USB-C Hub,Electronics,1299,2,5.0,2598,2468.1,1766.64,701.46
101112,2023-06-19,CUST0013,Corporate,North,Standing Desk,Furniture,14999,1,5.0,14999,14249.05,9299.38,4949.67
101113,2023-06-20,CUST0116,Corporate,Central,Notebook Set,Stationery,199,1,,199,199.0,89.55,109.45
101114,2023-06-20,CUST0237,Consumer,South,Whiteboard,Stationery,1499,1,0.0,1499,1499.0,674.55,824.45
101115,2023-06-20,CUST0020,Consumer,South,Table Lamp,Furniture,899,1,0.0,899,899.0,557.38,341.62
101116,2023-06-20,CUST0396,Enterprise,South,Table Lamp,Furniture,899,1,15.0,899,764.15,557.38,206.77
101117,2023-06-20,CUST0326,Small Business,South,Whiteboard,Stationery,1499,2,0.0,2998,2998.0,1349.1,1648.9
101118,2023-06-20,CUST0166,Corporate,North,Office Chair,Furniture,6499,2,5.0,12998,12348.1,8058.76,4289.34
101119,2023-06-20,CUST0335,Consumer,East,Table Lamp,Furniture,899,1,10.0,899,809.1,557.38,251.72
101120,2023-06-20,CUST0049,Small Business,Central,Bluetooth Speaker,Electronics,1999,1,0.0,1999,1999.0,1359.32,639.68
101121,2023-06-20,CUST0133,Consumer,West,Wall Clock,Home Decor,749,1,0.0,749,749.0,374.5,374.5
101122,2023-06-20,CUST0293,Corporate,North,Bluetooth Speaker,Electronics,1999,1,0.0,1999,1999.0,1359.32,639.68
101123,2023-06-21,CUST0098,Consumer,West,USB-C Hub,Electronics,1299,2,0.0,2598,2598.0,1766.64,831.36
101124,2023-06-21,CUST0315,Corporate,South,Table Lamp,Furniture,899,2,0.0,1798,1798.0,1114.76,683.24
101125,2023-06-21,CUST0301,Consumer,South,Standing Desk,Furniture,14999,2,0.0,29998,29998.0,18598.76,11399.24
101126,2023-06-21,CUST0314,Enterprise,West,Water Bottle,Accessories,349,1,0.0,349,349.0,191.95,157.05
101127,2023-06-21,CUST0047,Consumer,West,Standing Desk,Furniture,14999,1,0.0,14999,14999.0,9299.38,5699.62
101128,2023-06-22,CUST0029,Small Business,West,Photo Frame Set,Home Decor,549,3,0.0,1647,1647.0,823.5,823.5
101129,2023-06-22,CUST0203,Consumer,South,Notebook Set,Stationery,199,2,10.0,398,358.2,179.1,179.1
101130,2023-06-22,CUST0102,Small Business,Central,Wall Clock,Home Decor,749,4,0.0,2996,2996.0,1498.0,1498.0
101131,2023-06-22,CUST0111,Consumer,North,Whiteboard,Stationery,1499,1,0.0,1499,1499.0,674.55,824.45
101132,2023-06-22,CUST0291,Consumer,West,USB-C Hub,Electronics,1299,1,20.0,1299,1039.2,883.32,155.88
101133,2023-06-22,CUST0043,Consumer,West,Table Lamp,Furniture,899,1,0.0,899,899.0,557.38,341.62
101134,2023-06-22,CUST0386,Corporate,East,USB-C Hub,Electronics,1299,2,5.0,2598,2468.1,1766.64,701.46
101135,2023-06-22,CUST0069,Consumer,West,Photo Frame Set,Home Decor,549,2,0.0,1098,1098.0,549.0,549.0
101136,2023-06-22,CUST0189,Small Business,North,Office Chair,Furniture,6499,3,0.0,19497,19497.0,12088.14,7408.86
101137,2023-06-22,CUST0085,Consumer,Central,27in Monitor,Electronics,12999,1,20.0,12999,10399.2,8839.32,1559.88
101138,2023-06-23,CUST0144,Consumer,West,Whiteboard,Stationery,1499,1,0.0,1499,1499.0,674.55,824.45
101139,2023-06-23,CUST0047,Consumer,West,27in Monitor,Electronics,12999,2,0.0,25998,25998.0,17678.64,8319.36
101140,2023-06-23,CUST0235,Consumer,Central,Standing Desk,Furniture,14999,1,5.0,14999,14249.05,9299.38,4949.67
101141,2023-06-23,CUST0090,Consumer,West,Office Chair,Furniture,6499,1,0.0,6499,6499.0,4029.38,2469.62
101142,2023-06-23,CUST0217,Consumer,East,Water Bottle,Accessories,349,2,0.0,698,698.0,383.9,314.1
101143,2023-06-23,CUST0199,Corporate,South,Bluetooth Speaker,Electronics,1999,1,0.0,1999,1999.0,1359.32,639.68
101144,2023-06-23,CUST0341,Consumer,South,USB-C Hub,Electronics,1299,2,0.0,2598,2598.0,1766.64,831.36
101145,2023-06-23,CUST0302,Small Business,East,Notebook Set,Stationery,199,1,0.0,199,199.0,89.55,109.45
101146,2023-06-24,CUST0232,Small Business,East,Standing Desk,Furniture,14999,1,0.0,14999,14999.0,9299.38,5699.62
101147,2023-06-24,CUST0166,Corporate,North,Photo Frame Set,Home Decor,549,1,20.0,549,439.2,274.5,164.7
101148,2023-06-24,CUST0073,Consumer,East,Table Lamp,Furniture,899,1,20.0,899,719.2,557.38,161.82
101149,2023-06-24,CUST0090,Consumer,West,Backpack,Accessories,1799,1,0.0,1799,1799.0,989.45,809.55
101150,2023-06-24,CUST0220,Corporate,South,Sticky Notes Pack,Stationery,99,2,5.0,198,188.1,89.1,99.0
101151,2023-06-24,CUST0135,Enterprise,North,Notebook Set,Stationery,199,1,0.0,199,199.0,89.55,109.45
101152,2023-06-24,CUST0302,Small Business,East,Notebook Set,Stationery,199,1,5.0,199,189.05,89.55,99.5
101153,2023-06-25,CUST0087,Small Business,North,Mechanical Keyboard,Electronics,2499,2,5.0,4998,4748.1,3398.64,1349.46
101154,2023-06-25,CUST0103,Consumer,Central,27in Monitor,Electronics,12999,3,0.0,38997,38997.0,26517.96,12479.04
101155,2023-06-25,CUST0209,Consumer,West,Wireless Mouse,Electronics,599,1,0.0,599,599.0,407.32,191.68
101156,2023-06-25,CUST0105,Corporate,West,Backpack,Accessories,1799,1,5.0,1799,1709.05,989.45,719.6
101157,2023-06-25,CUST0216,Consumer,South,Whiteboard,Stationery,1499,1,0.0,1499,1499.0,674.55,824.45
101158,2023-06-25,CUST0333,Consumer,North,Notebook Set,Stationery,199,1,0.0,199,199.0,89.55,109.45
101159,2023-06-25,CUST0024,Consumer,West,USB-C Hub,Electronics,1299,1,15.0,1299,1104.15,883.32,220.83
101160,2023-06-25,CUST0059,Consumer,Central,Photo Frame Set,Home Decor,549,1,0.0,549,549.0,274.5,274.5
101161,2023-06-26,CUST0178,Consumer,North,Notebook Set,Stationery,199,1,0.0,199,199.0,89.55,109.45
101162,2023-06-26,CUST0204,Corporate,East,USB-C Hub,Electronics,1299,1,10.0,1299,1169.1,883.32,285.78
101163,2023-06-26,CUST0176,Consumer,Central,Bluetooth Speaker,Electronics,1999,1,15.0,1999,1699.15,1359.32,339.83
101164,2023-06-26,CUST0132,Consumer,West,Standing Desk,Furniture,14999,1,5.0,14999,14249.05,9299.38,4949.67
101165,2023-06-26,CUST0028,Small Business,Central,Photo Frame Set,Home Decor,549,1,0.0,549,549.0,274.5,274.5
101166,2023-06-26,CUST0112,Consumer,South,USB-C Hub,Electronics,1299,2,0.0,2598,2598.0,1766.64,831.36
101167,2023-06-26,CUST0217,Consumer,East,Standing Desk,Furniture,14999,1,0.0,14999,14999.0,9299.38,5699.62
101168,2023-06-26,CUST0128,Corporate,South,Bluetooth Speaker,Electronics,1999,1,0.0,1999,1999.0,1359.32,639.68
101169,2023-06-26,CUST0372,Consumer,South,Backpack,Accessories,1799,2,0.0,3598,3598.0,1978.9,1619.1
101170,2023-06-27,CUST0022,Consumer,Central,Mechanical Keyboard,Electronics,2499,1,0.0,2499,2499.0,1699.32,799.68
101171,2023-06-27,CUST0103,Consumer,Central,Sticky Notes Pack,Stationery,99,1,0.0,99,99.0,44.55,54.45
101172,2023-06-27,CUST0085,Consumer,Central,Notebook Set,Stationery,199,1,0.0,199,199.0,89.55,109.45
101173,2023-06-28,CUST0059,Consumer,Central,Water Bottle,Accessories,349,1,0.0,349,349.0,191.95,157.05
101174,2023-06-28,CUST0002,Enterprise,North,Notebook Set,Stationery,199,1,5.0,199,189.05,89.55,99.5
101175,2023-06-28,CUST0082,Small Business,South,Bluetooth Speaker,Electronics,1999,1,0.0,1999,1999.0,1359.32,639.68
101176,2023-06-28,CUST0270,Consumer,South,Standing Desk,Furniture,14999,1,0.0,14999,14999.0,9299.38,5699.62
101177,2023-06-29,CUST0029,Small Business,West,Table Lamp,Furniture,899,1,5.0,899,854.05,557.38,296.67
101178,2023-06-29,CUST0390,Corporate,South,Wall Clock,Home Decor,749,2,0.0,1498,1498.0,749.0,749.0
101179,2023-06-29,CUST0260,Consumer,Central,Backpack,Accessories,1799,1,0.0,1799,1799.0,989.45,809.55
101180,2023-06-29,CUST0231,Corporate,South,Sticky Notes Pack,Stationery,99,1,5.0,99,94.05,44.55,49.5
101181,2023-06-29,CUST0114,Corporate,North,USB-C Hub,Electronics,1299,1,0.0,1299,1299.0,883.32,415.68
101182,2023-06-29,CUST0362,Small Business,North,Backpack,Accessories,1799,2,0.0,3598,3598.0,1978.9,1619.1
101183,2023-06-29,CUST0112,Consumer,South,Notebook Set,Stationery,199,4,0.0,796,796.0,358.2,437.8
101184,2023-06-29,CUST0375,Consumer,West,27in Monitor,Electronics,12999,1,20.0,12999,10399.2,8839.32,1559.88
101185,2023-06-30,CUST0029,Small Business,West,Sticky Notes Pack,Stationery,99,2,0.0,198,198.0,89.1,108.9
101186,2023-06-30,CUST0393,Consumer,West,Water Bottle,Accessories,349,1,20.0,349,279.2,191.95,87.25
101187,2023-06-30,CUST0068,Corporate,West,Water Bottle,Accessories,349,1,0.0,349,349.0,191.95,157.05
101188,2023-06-30,CUST0163,Small Business,East,Sticky Notes Pack,Stationery,99,2,0.0,198,198.0,89.1,108.9
101189,2023-06-30,CUST0246,Corporate,South,Backpack,Accessories,1799,1,0.0,1799,1799.0,989.45,809.55
101190,2023-06-30,CUST0047,Consumer,West,Sticky Notes Pack,Stationery,99,2,0.0,198,198.0,89.1,108.9
101191,2023-06-30,CUST0069,Consumer,West,Water Bottle,Accessories,349,1,5.0,349,331.55,191.95,139.6
101192,2023-06-30,CUST0312,Consumer,North,Photo Frame Set,Home Decor,549,1,0.0,549,549.0,274.5,274.5
101193,2023-07-01,CUST0100,Consumer,Central,Bluetooth Speaker,Electronics,1999,1,0.0,1999,1999.0,1359.32,639.68
101194,2023-07-01,CUST0181,Consumer,East,Office Chair,Furniture,6499,1,0.0,6499,6499.0,4029.38,2469.62
101195,2023-07-01,CUST0381,Consumer,South,Wall Clock,Home Decor,749,1,0.0,749,749.0,374.5,374.5
101196,2023-07-01,CUST0367,Enterprise,South,Table Lamp,Furniture,899,3,10.0,2697,2427.3,1672.14,755.16
101197,2023-07-01,CUST0275,Small Business,North,Table Lamp,Furniture,899,1,5.0,899,854.05,557.38,296.67
101198,2023-07-01,CUST0211,Small Business,East,Bookshelf,Furniture,3499,1,0.0,3499,3499.0,2169.38,1329.62
101199,2023-07-01,CUST0027,Consumer,East,Notebook Set,Stationery,199,1,0.0,199,199.0,89.55,109.45
101200,2023-07-01,CUST0167,Consumer,East,Notebook Set,Stationery,199,2,0.0,398,398.0,179.1,218.9
101201,2023-07-01,CUST0097,Small Business,South,Bluetooth Speaker,Electronics,1999,1,10.0,1999,1799.1,1359.32,439.78
101202,2023-07-01,CUST0352,Corporate,North,Notebook Set,Stationery,199,1,0.0,199,199.0,89.55,109.45
101203,2023-07-01,CUST0373,Consumer,West,Sticky Notes Pack,Stationery,99,2,0.0,198,198.0,89.1,108.9
101204,2023-07-01,CUST0269,Consumer,West,Office Chair,Furniture,6499,1,0.0,6499,6499.0,4029.38,2469.62
101205,2023-07-01,CUST0235,Consumer,Central,Wireless Mouse,Electronics,599,2,0.0,1198,1198.0,814.64,383.36
101206,2023-07-01,CUST0144,Consumer,West,Notebook Set,Stationery,199,2,0.0,398,398.0,179.1,218.9
101207,2023-07-02,CUST0072,Consumer,West,Mechanical Keyboard,Electronics,2499,1,0.0,2499,2499.0,1699.32,799.68
101208,2023-07-02,CUST0186,Small Business,South,Water Bottle,Accessories,349,2,0.0,698,698.0,383.9,314.1
101209,2023-07-02,CUST0026,Corporate,West,Office Chair,Furniture,6499,1,0.0,6499,6499.0,4029.38,2469.62
101210,2023-07-02,CUST0051,Enterprise,South,Office Chair,Furniture,6499,1,0.0,6499,6499.0,4029.38,2469.62
101211,2023-07-02,CUST0089,Corporate,Central,Mechanical Keyboard,Electronics,2499,1,0.0,2499,2499.0,1699.32,799.68
101212,2023-07-03,CUST0326,Small Business,South,Bookshelf,Furniture,3499,1,0.0,3499,3499.0,2169.38,1329.62
101213,2023-07-03,CUST0323,Small Business,West,USB-C Hub,Electronics,1299,1,0.0,1299,1299.0,883.32,415.68
101214,2023-07-03,CUST0133,Consumer,West,Sticky Notes Pack,Stationery,99,3,0.0,297,297.0,133.65,163.35
101215,2023-07-03,CUST0129,Consumer,South,27in Monitor,Electronics,12999,1,0.0,12999,12999.0,8839.32,4159.68
101216,2023-07-03,CUST0012,Enterprise,Central,Mechanical Keyboard,Electronics,2499,1,0.0,2499,2499.0,1699.32,799.68
101217,2023-07-03,CUST0208,Small Business,North,Backpack,Accessories,1799,4,0.0,7196,7196.0,3957.8,3238.2
101218,2023-07-03,CUST0139,Consumer,North,27in Monitor,Electronics,12999,1,0.0,12999,12999.0,8839.32,4159.68
101219,2023-07-03,CUST0143,Consumer,Central,USB-C Hub,Electronics,1299,1,0.0,1299,1299.0,883.32,415.68
101220,2023-07-04,CUST0031,Small Business,North,Office Chair,Furniture,6499,2,0.0,12998,12998.0,8058.76,4939.24
101221,2023-07-04,CUST0334,Consumer,West,USB-C Hub,Electronics,1299,2,0.0,2598,2598.0,1766.64,831.36
101222,2023-07-04,CUST0323,Small Business,West,Bluetooth Speaker,Electronics,1999,1,10.0,1999,1799.1,1359.32,439.78
101223,2023-07-04,CUST0087,Small Business,North,Office Chair,Furniture,6499,1,0.0,6499,6499.0,4029.38,2469.62
101224,2023-07-04,CUST0362,Small Business,North,Whiteboard,Stationery,1499,1,0.0,1499,1499.0,674.55,824.45
101225,2023-07-05,CUST0076,Small Business,East,USB-C Hub,Electronics,1299,2,0.0,2598,2598.0,1766.64,831.36
101226,2023-07-05,CUST0214,Consumer,Central,Water Bottle,Accessories,349,3,0.0,1047,1047.0,575.85,471.15
101227,2023-07-05,CUST0267,Small Business,Central,Bluetooth Speaker,Electronics,1999,1,0.0,1999,1999.0,1359.32,639.68
101228,2023-07-05,CUST0216,Consumer,South,Mechanical Keyboard,Electronics,2499,3,0.0,7497,7497.0,5097.96,2399.04
101229,2023-07-06,CUST0359,Enterprise,West,Mechanical Keyboard,Electronics,2499,1,0.0,2499,2499.0,1699.32,799.68
101230,2023-07-06,CUST0341,Consumer,South,27in Monitor,Electronics,12999,1,0.0,12999,12999.0,8839.32,4159.68
101231,2023-07-06,CUST0148,Small Business,Central,Office Chair,Furniture,6499,1,0.0,6499,6499.0,4029.38,2469.62
101232,2023-07-06,CUST0026,Corporate,West,Photo Frame Set,Home Decor,549,1,0.0,549,549.0,274.5,274.5
101233,2023-07-06,CUST0001,Consumer,North,Wireless Mouse,Electronics,599,1,10.0,599,539.1,407.32,131.78
101234,2023-07-06,CUST0048,Small Business,North,Sticky Notes Pack,Stationery,99,1,20.0,99,79.2,44.55,34.65
101235,2023-07-07,CUST0216,Consumer,South,Bookshelf,Furniture,3499,1,0.0,3499,3499.0,2169.38,1329.62
101236,2023-07-07,CUST0372,Consumer,South,Mechanical Keyboard,Electronics,2499,1,10.0,2499,2249.1,1699.32,549.78
101237,2023-07-07,CUST0089,Corporate,Central,Standing Desk,Furniture,14999,1,0.0,14999,14999.0,9299.38,5699.62
101238,2023-07-07,CUST0368,Corporate,East,Bookshelf,Furniture,3499,2,0.0,6998,6998.0,4338.76,2659.24
101239,2023-07-07,CUST0384,Corporate,West,Mechanical Keyboard,Electronics,2499,1,20.0,2499,1999.2,1699.32,299.88
101240,2023-07-07,CUST0015,Consumer,West,Photo Frame Set,Home Decor,549,1,0.0,549,549.0,274.5,274.5
101241,2023-07-07,CUST0208,Small Business,North,Office Chair,Furniture,6499,2,10.0,12998,11698.2,8058.76,3639.44
101242,2023-07-07,CUST0146,Consumer,Central,Wireless Mouse,Electronics,599,2,0.0,1198,1198.0,814.64,383.36
101243,2023-07-07,CUST0311,Consumer,East,Sticky Notes Pack,Stationery,99,1,0.0,99,99.0,44.55,54.45
101244,2023-07-08,CUST0189,Small Business,North,Wireless Mouse,Electronics,599,2,15.0,1198,1018.3,814.64,203.66
101245,2023-07-08,CUST0120,Small Business,West,Office Chair,Furniture,6499,1,0.0,6499,6499.0,4029.38,2469.62
101246,2023-07-08,CUST0330,Consumer,South,27in Monitor,Electronics,12999,1,15.0,12999,11049.15,8839.32,2209.83
101247,2023-07-08,CUST0400,Corporate,North,Whiteboard,Stationery,1499,1,0.0,1499,1499.0,674.55,824.45
101248,2023-07-08,CUST0369,Consumer,Central,Wall Clock,Home Decor,749,1,0.0,749,749.0,374.5,374.5
101249,2023-07-08,CUST0016,Consumer,North,Notebook Set,Stationery,199,1,0.0,199,199.0,89.55,109.45
101250,2023-07-08,CUST0021,Small Business,Central,Wireless Mouse,Electronics,599,3,0.0,1797,1797.0,1221.96,575.04
101251,2023-07-08,CUST0288,Small Business,Central,Wireless Mouse,Electronics,599,1,0.0,599,599.0,407.32,191.68
101252,2023-07-08,CUST0153,Consumer,South,27in Monitor,Electronics,12999,1,5.0,12999,12349.05,8839.32,3509.73
101253,2023-07-08,CUST0259,Small Business,East,Backpack,Accessories,1799,1,0.0,1799,1799.0,989.45,809.55
101254,2023-07-08,CUST0257,Enterprise,East,Standing Desk,Furniture,14999,3,15.0,44997,38247.45,27898.14,10349.31
101255,2023-07-08,CUST0237,Consumer,South,Wall Clock,Home Decor,749,2,0.0,1498,1498.0,749.0,749.0
101256,2023-07-08,CUST0199,Corporate,South,Office Chair,Furniture,6499,1,5.0,6499,6174.05,4029.38,2144.67
101257,2023-07-08,CUST0315,Corporate,South,Bookshelf,Furniture,3499,2,0.0,6998,6998.0,4338.76,2659.24
101258,2023-07-08,CUST0398,Consumer,North,Wireless Mouse,Electronics,599,1,0.0,599,599.0,407.32,191.68
101259,2023-07-08,CUST0024,Consumer,West,Photo Frame Set,Home Decor,549,3,20.0,1647,1317.6,823.5,494.1
101260,2023-07-09,CUST0235,Consumer,Central,USB-C Hub,Electronics,1299,4,10.0,5196,4676.4,3533.28,1143.12
101261,2023-07-09,CUST0100,Consumer,Central,Photo Frame Set,Home Decor,549,2,0.0,1098,1098.0,549.0,549.0
101262,2023-07-09,CUST0101,Consumer,Central,Wall Clock,Home Decor,749,1,10.0,749,674.1,374.5,299.6
101263,2023-07-09,CUST0364,Small Business,North,Whiteboard,Stationery,1499,1,0.0,1499,1499.0,674.55,824.45
101264,2023-07-09,CUST0214,Consumer,Central,27in Monitor,Electronics,12999,3,0.0,38997,38997.0,26517.96,12479.04
101265,2023-07-09,CUST0371,Consumer,Central,Notebook Set,Stationery,199,1,0.0,199,199.0,89.55,109.45
101266,2023-07-09,CUST0136,Consumer,West,Whiteboard,Stationery,1499,2,5.0,2998,2848.1,1349.1,1499.0
101267,2023-07-09,CUST0050,Consumer,Central,Standing Desk,Furniture,14999,1,0.0,14999,14999.0,9299.38,5699.62
101268,2023-07-09,CUST0395,Consumer,Central,Table Lamp,Furniture,899,1,0.0,899,899.0,557.38,341.62
101269,2023-07-09,CUST0078,Consumer,Central,Bluetooth Speaker,Electronics,1999,1,5.0,1999,1899.05,1359.32,539.73
101270,2023-07-10,CUST0141,Enterprise,Central,Standing Desk,Furniture,14999,2,0.0,29998,29998.0,18598.76,11399.24
101271,2023-07-10,CUST0009,Small Business,North,Bookshelf,Furniture,3499,1,0.0,3499,3499.0,2169.38,1329.62
101272,2023-07-10,CUST0146,Consumer,Central,Bluetooth Speaker,Electronics,1999,1,0.0,1999,1999.0,1359.32,639.68
101273,2023-07-10,CUST0337,Corporate,North,Photo Frame Set,Home Decor,549,2,0.0,1098,1098.0,549.0,549.0
101274,2023-07-10,CUST0206,Consumer,South,Office Chair,Furniture,6499,1,0.0,6499,6499.0,4029.38,2469.62
101275,2023-07-10,CUST0322,Small Business,Central,Backpack,Accessories,1799,1,0.0,1799,1799.0,989.45,809.55
101276,2023-07-11,CUST0326,Small Business,South,Wireless Mouse,Electronics,599,1,0.0,599,599.0,407.32,191.68
101277,2023-07-11,CUST0344,Consumer,Central,Mechanical Keyboard,Electronics,2499,1,0.0,2499,2499.0,1699.32,799.68
101278,2023-07-11,CUST0168,Consumer,East,Mechanical Keyboard,Electronics,2499,3,5.0,7497,7122.15,5097.96,2024.19
101279,2023-07-12,CUST0199,Corporate,South,Sticky Notes Pack,Stationery,99,1,15.0,99,84.15,44.55,39.6
101280,2023-07-12,CUST0234,Consumer,Central,Office Chair,Furniture,6499,1,15.0,6499,5524.15,4029.38,1494.77
101281,2023-07-12,CUST0379,Corporate,West,Sticky Notes Pack,Stationery,99,1,0.0,99,99.0,44.55,54.45
101282,2023-07-12,CUST0136,Consumer,West,Bookshelf,Furniture,3499,1,,3499,3499.0,2169.38,1329.62
101283,2023-07-13,CUST0007,Consumer,East,Mechanical Keyboard,Electronics,2499,2,0.0,4998,4998.0,3398.64,1599.36
101284,2023-07-13,CUST0359,Enterprise,West,Water Bottle,Accessories,349,1,0.0,349,349.0,191.95,157.05
101285,2023-07-13,CUST0132,Consumer,West,Mechanical Keyboard,Electronics,2499,1,0.0,2499,2499.0,1699.32,799.68
101286,2023-07-13,CUST0007,Consumer,East,Table Lamp,Furniture,899,1,0.0,899,899.0,557.38,341.62
101287,2023-07-13,CUST0223,Consumer,South,Sticky Notes Pack,Stationery,99,1,20.0,99,79.2,44.55,34.65
101288,2023-07-13,CUST0240,Consumer,North,USB-C Hub,Electronics,1299,1,0.0,1299,1299.0,883.32,415.68
101289,2023-07-13,CUST0263,Consumer,South,Standing Desk,Furniture,14999,1,0.0,14999,14999.0,9299.38,5699.62
101290,2023-07-14,CUST0108,Corporate,East,Water Bottle,Accessories,349,1,10.0,349,314.1,191.95,122.15
101291,2023-07-14,CUST0336,Consumer,South,Wall Clock,Home Decor,749,1,0.0,749,749.0,374.5,374.5
101292,2023-07-14,CUST0147,Small Business,East,27in Monitor,Electronics,12999,1,5.0,12999,12349.05,8839.32,3509.73
101293,2023-07-14,CUST0206,Consumer,South,Wall Clock,Home Decor,749,1,0.0,749,749.0,374.5,374.5
101294,2023-07-14,CUST0022,Consumer,Central,Water Bottle,Accessories,349,1,20.0,349,279.2,191.95,87.25
101295,2023-07-14,CUST0258,Small Business,East,Whiteboard,Stationery,1499,1,10.0,1499,1349.1,674.55,674.55
101296,2023-07-15,CUST0040,Consumer,East,Water Bottle,Accessories,349,1,0.0,349,349.0,191.95,157.05
101297,2023-07-15,CUST0057,Consumer,Central,Bookshelf,Furniture,3499,1,0.0,3499,3499.0,2169.38,1329.62
101298,2023-07-15,CUST0242,Enterprise,West,Standing Desk,Furniture,14999,3,0.0,44997,44997.0,27898.14,17098.86
101299,2023-07-15,CUST0242,Enterprise,West,27in Monitor,Electronics,12999,2,0.0,25998,25998.0,17678.64,8319.36
101300,2023-07-15,CUST0152,Consumer,North,Standing Desk,Furniture,14999,1,0.0,14999,14999.0,9299.38,5699.62
101301,2023-07-15,CUST0008,Corporate,East,Photo Frame Set,Home Decor,549,1,0.0,549,549.0,274.5,274.5
101302,2023-07-15,CUST0038,Consumer,East,Water Bottle,Accessories,349,1,0.0,349,349.0,191.95,157.05
101303,2023-07-15,CUST0296,Small Business,West,Sticky Notes Pack,Stationery,99,1,0.0,99,99.0,44.55,54.45
101304,2023-07-15,CUST0273,Corporate,North,Wall Clock,Home Decor,749,2,0.0,1498,1498.0,749.0,749.0
101305,2023-07-15,CUST0221,Small Business,South,Office Chair,Furniture,6499,1,15.0,6499,5524.15,4029.38,1494.77
101306,2023-07-15,CUST0205,Small Business,East,Backpack,Accessories,1799,1,0.0,1799,1799.0,989.45,809.55
101307,2023-07-15,CUST0262,Enterprise,Central,Notebook Set,Stationery,199,1,0.0,199,199.0,89.55,109.45
101308,2023-07-15,CUST0276,Small Business,West,Wireless Mouse,Electronics,599,1,0.0,599,599.0,407.32,191.68
101309,2023-07-15,CUST0369,Consumer,Central,Notebook Set,Stationery,199,1,5.0,199,189.05,89.55,99.5
101310,2023-07-15,CUST0177,Small Business,West,Notebook Set,Stationery,199,1,5.0,199,189.05,89.55,99.5
101311,2023-07-15,CUST0164,Small Business,Central,Office Chair,Furniture,6499,1,0.0,6499,6499.0,4029.38,2469.62
101312,2023-07-16,CUST0331,Consumer,West,Office Chair,Furniture,6499,1,0.0,6499,6499.0,4029.38,2469.62
101313,2023-07-16,CUST0103,Consumer,Central,Photo Frame Set,Home Decor,549,1,0.0,549,549.0,274.5,274.5
101314,2023-07-16,CUST0231,Corporate,South,Standing Desk,Furniture,14999,2,20.0,29998,23998.4,18598.76,5399.64
101315,2023-07-16,CUST0233,Small Business,North,Bookshelf,Furniture,3499,2,0.0,6998,6998.0,4338.76,2659.24
101316,2023-07-16,CUST0292,Consumer,North,Standing Desk,Furniture,14999,2,15.0,29998,25498.3,18598.76,6899.54
101317,2023-07-16,CUST0141,Enterprise,Central,Mechanical Keyboard,Electronics,2499,1,0.0,2499,2499.0,1699.32,799.68
101318,2023-07-16,CUST0143,Consumer,Central,Sticky Notes Pack,Stationery,99,1,0.0,99,99.0,44.55,54.45
101319,2023-07-16,CUST0170,Small Business,Central,27in Monitor,Electronics,12999,1,0.0,12999,12999.0,8839.32,4159.68
101320,2023-07-16,CUST0224,Consumer,East,Bookshelf,Furniture,3499,2,0.0,6998,6998.0,4338.76,2659.24
101321,2023-07-16,CUST0085,Consumer,Central,Backpack,Accessories,1799,1,15.0,1799,1529.15,989.45,539.7
101322,2023-07-17,CUST0099,Consumer,Central,USB-C Hub,Electronics,1299,2,5.0,2598,2468.1,1766.64,701.46
101323,2023-07-17,CUST0067,Consumer,West,Photo Frame Set,Home Decor,549,4,0.0,2196,2196.0,1098.0,1098.0
101324,2023-07-17,CUST0086,Consumer,North,Standing Desk,Furniture,14999,1,0.0,14999,14999.0,9299.38,5699.62
101325,2023-07-18,CUST0376,Consumer,North,USB-C Hub,Electronics,1299,1,0.0,1299,1299.0,883.32,415.68
101326,2023-07-18,CUST0349,Consumer,Central,Bluetooth Speaker,Electronics,1999,3,0.0,5997,5997.0,4077.96,1919.04
101327,2023-07-18,CUST0332,Corporate,South,Sticky Notes Pack,Stationery,99,1,0.0,99,99.0,44.55,54.45
101328,2023-07-18,CUST0176,Consumer,Central,Standing Desk,Furniture,14999,1,15.0,14999,12749.15,9299.38,3449.77
101329,2023-07-18,CUST0224,Consumer,East,Mechanical Keyboard,Electronics,2499,1,10.0,2499,2249.1,1699.32,549.78
101330,2023-07-18,CUST0163,Small Business,East,27in Monitor,Electronics,12999,1,0.0,12999,12999.0,8839.32,4159.68
101331,2023-07-18,CUST0318,Consumer,South,Table Lamp,Furniture,899,2,0.0,1798,1798.0,1114.76,683.24
101332,2023-07-18,CUST0096,Consumer,Central,Table Lamp,Furniture,899,1,0.0,899,899.0,557.38,341.62
101333,2023-07-18,CUST0394,Corporate,South,Wall Clock,Home Decor,749,2,0.0,1498,1498.0,749.0,749.0
101334,2023-07-18,CUST0070,Enterprise,East,Sticky Notes Pack,Stationery,99,1,0.0,99,99.0,44.55,54.45
101335,2023-07-18,CUST0314,Enterprise,West,Table Lamp,Furniture,899,1,0.0,899,899.0,557.38,341.62
101336,2023-07-18,CUST0278,Small Business,South,Water Bottle,Accessories,349,1,5.0,349,331.55,191.95,139.6
101337,2023-07-19,CUST0034,Enterprise,South,Office Chair,Furniture,6499,1,0.0,6499,6499.0,4029.38,2469.62
101338,2023-07-19,CUST0318,Consumer,South,Office Chair,Furniture,6499,1,0.0,6499,6499.0,4029.38,2469.62
101339,2023-07-19,CUST0189,Small Business,North,Office Chair,Furniture,6499,1,0.0,6499,6499.0,4029.38,2469.62
101340,2023-07-19,CUST0113,Corporate,North,Mechanical Keyboard,Electronics,2499,1,5.0,2499,2374.05,1699.32,674.73
101341,2023-07-19,CUST0315,Corporate,South,Wireless Mouse,Electronics,599,1,10.0,599,539.1,407.32,131.78
101342,2023-07-20,CUST0190,Consumer,Central,Whiteboard,Stationery,1499,1,5.0,1499,1424.05,674.55,749.5
101343,2023-07-20,CUST0232,Small Business,East,Wireless Mouse,Electronics,599,1,5.0,599,569.05,407.32,161.73
101344,2023-07-20,CUST0275,Small Business,North,Bookshelf,Furniture,3499,1,0.0,3499,3499.0,2169.38,1329.62
101345,2023-07-20,CUST0083,Consumer,West,Photo Frame Set,Home Decor,549,4,0.0,2196,2196.0,1098.0,1098.0
101346,2023-07-20,CUST0180,Consumer,Central,Photo Frame Set,Home Decor,549,1,0.0,549,549.0,274.5,274.5
101347,2023-07-20,CUST0369,Consumer,Central,Wireless Mouse,Electronics,599,1,0.0,599,599.0,407.32,191.68
101348,2023-07-20,CUST0311,Consumer,East,Water Bottle,Accessories,349,1,20.0,349,279.2,191.95,87.25
101349,2023-07-21,CUST0093,Corporate,North,Wireless Mouse,Electronics,599,1,0.0,599,599.0,407.32,191.68
101350,2023-07-21,CUST0280,Corporate,South,Notebook Set,Stationery,199,1,0.0,199,199.0,89.55,109.45
101351,2023-07-21,CUST0228,Consumer,North,Wall Clock,Home Decor,749,1,0.0,749,749.0,374.5,374.5
101352,2023-07-22,CUST0015,Consumer,West,Standing Desk,Furniture,14999,1,5.0,14999,14249.05,9299.38,4949.67
101353,2023-07-22,CUST0331,Consumer,West,27in Monitor,Electronics,12999,1,15.0,12999,11049.15,8839.32,2209.83
101354,2023-07-22,CUST0077,Corporate,East,Standing Desk,Furniture,14999,2,5.0,29998,28498.1,18598.76,9899.34
101355,2023-07-22,CUST0019,Consumer,East,Sticky Notes Pack,Stationery,99,1,0.0,99,99.0,44.55,54.45
101356,2023-07-22,CUST0297,Corporate,South,Bluetooth Speaker,Electronics,1999,2,15.0,3998,3398.3,2718.64,679.66
101357,2023-07-22,CUST0026,Corporate,West,Backpack,Accessories,1799,1,0.0,1799,1799.0,989.45,809.55
101358,2023-07-22,CUST0363,Consumer,East,Office Chair,Furniture,6499,2,0.0,12998,12998.0,8058.76,4939.24
101359,2023-07-22,CUST0324,Consumer,North,USB-C Hub,Electronics,1299,1,10.0,1299,1169.1,883.32,285.78
101360,2023-07-23,CUST0357,Consumer,South,Backpack,Accessories,1799,1,0.0,1799,1799.0,989.45,809.55
101361,2023-07-23,CUST0206,Consumer,South,Mechanical Keyboard,Electronics,2499,1,0.0,2499,2499.0,1699.32,799.68
101362,2023-07-23,CUST0093,Corporate,North,Water Bottle,Accessories,349,1,10.0,349,314.1,191.95,122.15
101363,2023-07-23,CUST0086,Consumer,North,Wireless Mouse,Electronics,599,1,0.0,599,599.0,407.32,191.68
101364,2023-07-23,CUST0389,Corporate,South,Office Chair,Furniture,6499,1,10.0,6499,5849.1,4029.38,1819.72
101365,2023-07-23,CUST0205,Small Business,East,Bluetooth Speaker,Electronics,1999,1,0.0,1999,1999.0,1359.32,639.68
101366,2023-07-23,CUST0167,Consumer,East,Notebook Set,Stationery,199,1,0.0,199,199.0,89.55,109.45
101367,2023-07-23,CUST0337,Corporate,North,27in Monitor,Electronics,12999,1,5.0,12999,12349.05,8839.32,3509.73
101368,2023-07-24,CUST0389,Corporate,South,Wireless Mouse,Electronics,599,1,5.0,599,569.05,407.32,161.73
101369,2023-07-24,CUST0334,Consumer,West,Photo Frame Set,Home Decor,549,1,0.0,549,549.0,274.5,274.5
101370,2023-07-24,CUST0369,Consumer,Central,Wall Clock,Home Decor,749,2,0.0,1498,1498.0,749.0,749.0
101371,2023-07-24,CUST0012,Enterprise,Central,Water Bottle,Accessories,349,1,15.0,349,296.65,191.95,104.7
101372,2023-07-24,CUST0296,Small Business,West,Wireless Mouse,Electronics,599,1,0.0,599,599.0,407.32,191.68
101373,2023-07-24,CUST0203,Consumer,South,27in Monitor,Electronics,12999,1,0.0,12999,12999.0,8839.32,4159.68
101374,2023-07-24,CUST0363,Consumer,East,Notebook Set,Stationery,199,2,10.0,398,358.2,179.1,179.1
101375,2023-07-24,CUST0043,Consumer,West,Sticky Notes Pack,Stationery,99,1,0.0,99,99.0,44.55,54.45
101376,2023-07-24,CUST0237,Consumer,South,Table Lamp,Furniture,899,1,5.0,899,854.05,557.38,296.67
101377,2023-07-24,CUST0022,Consumer,Central,Mechanical Keyboard,Electronics,2499,1,0.0,2499,2499.0,1699.32,799.68
101378,2023-07-25,CUST0170,Small Business,Central,Sticky Notes Pack,Stationery,99,2,0.0,198,198.0,89.1,108.9
101379,2023-07-25,CUST0052,Corporate,North,27in Monitor,Electronics,12999,1,15.0,12999,11049.15,8839.32,2209.83
101380,2023-07-25,CUST0314,Enterprise,West,Table Lamp,Furniture,899,1,0.0,899,899.0,557.38,341.62
101381,2023-07-25,CUST0311,Consumer,East,Wall Clock,Home Decor,749,1,0.0,749,749.0,374.5,374.5
101382,2023-07-25,CUST0230,Small Business,West,Mechanical Keyboard,Electronics,2499,1,0.0,2499,2499.0,1699.32,799.68
101383,2023-07-25,CUST0323,Small Business,West,Office Chair,Furniture,6499,1,0.0,6499,6499.0,4029.38,2469.62
101384,2023-07-25,CUST0116,Corporate,Central,Backpack,Accessories,1799,2,0.0,3598,3598.0,1978.9,1619.1
101385,2023-07-25,CUST0050,Consumer,Central,Table Lamp,Furniture,899,1,0.0,899,899.0,557.38,341.62
101386,2023-07-25,CUST0372,Consumer,South,Mechanical Keyboard,Electronics,2499,1,0.0,2499,2499.0,1699.32,799.68
101387,2023-07-26,CUST0386,Corporate,East,USB-C Hub,Electronics,1299,1,5.0,1299,1234.05,883.32,350.73
101388,2023-07-26,CUST0088,Small Business,East,Bluetooth Speaker,Electronics,1999,1,15.0,1999,1699.15,1359.32,339.83
101389,2023-07-26,CUST0082,Small Business,South,27in Monitor,Electronics,12999,2,0.0,25998,25998.0,17678.64,8319.36
101390,2023-07-26,CUST0270,Consumer,South,Bookshelf,Furniture,3499,2,0.0,6998,6998.0,4338.76,2659.24
101391,2023-07-26,CUST0351,Small Business,East,Sticky Notes Pack,Stationery,99,1,0.0,99,99.0,44.55,54.45
101392,2023-07-26,CUST0152,Consumer,North,Backpack,Accessories,1799,2,0.0,3598,3598.0,1978.9,1619.1
101393,2023-07-27,CUST0285,Small Business,North,Notebook Set,Stationery,199,1,0.0,199,199.0,89.55,109.45
101394,2023-07-27,CUST0398,Consumer,North,Whiteboard,Stationery,1499,1,0.0,1499,1499.0,674.55,824.45
101395,2023-07-27,CUST0288,Small Business,Central,Photo Frame Set,Home Decor,549,1,5.0,549,521.55,274.5,247.05
101396,2023-07-27,CUST0056,Corporate,South,Wireless Mouse,Electronics,599,1,0.0,599,599.0,407.32,191.68
101397,2023-07-27,CUST0158,Corporate,Central,Wireless Mouse,Electronics,599,1,0.0,599,599.0,407.32,191.68
101398,2023-07-27,CUST0393,Consumer,West,Whiteboard,Stationery,1499,1,10.0,1499,1349.1,674.55,674.55
101399,2023-07-28,CUST0299,Small Business,South,Notebook Set,Stationery,199,1,0.0,199,199.0,89.55,109.45
101400,2023-07-28,CUST0126,Consumer,West,Photo Frame Set,Home Decor,549,1,0.0,549,549.0,274.5,274.5
101401,2023-07-28,CUST0385,Small Business,Central,Photo Frame Set,Home Decor,549,2,,1098,988.2,549.0,439.2
101402,2023-07-28,CUST0165,Consumer,South,Office Chair,Furniture,6499,1,0.0,6499,6499.0,4029.38,2469.62
101403,2023-07-28,CUST0062,Consumer,North,Office Chair,Furniture,6499,1,0.0,6499,6499.0,4029.38,2469.62
101404,2023-07-28,CUST0286,Consumer,North,Mechanical Keyboard,Electronics,2499,1,0.0,2499,2499.0,1699.32,799.68
101405,2023-07-28,CUST0202,Consumer,South,Whiteboard,Stationery,1499,1,0.0,1499,1499.0,674.55,824.45
101406,2023-07-29,CUST0201,Small Business,South,USB-C Hub,Electronics,1299,1,10.0,1299,1169.1,883.32,285.78
101407,2023-07-29,CUST0394,Corporate,South,Backpack,Accessories,1799,4,5.0,7196,6836.2,3957.8,2878.4
101408,2023-07-29,CUST0111,Consumer,North,Sticky Notes Pack,Stationery,99,4,0.0,396,396.0,178.2,217.8
101409,2023-07-29,CUST0320,Consumer,North,Table Lamp,Furniture,899,1,0.0,899,899.0,557.38,341.62
101410,2023-07-29,CUST0236,Small Business,West,Standing Desk,Furniture,14999,1,10.0,14999,13499.1,9299.38,4199.72
101411,2023-07-30,CUST0008,Corporate,East,Wall Clock,Home Decor,749,1,0.0,749,749.0,374.5,374.5
101412,2023-07-30,CUST0196,Consumer,West,Sticky Notes Pack,Stationery,99,1,0.0,99,99.0,44.55,54.45
101413,2023-07-30,CUST0307,Small Business,Central,Photo Frame Set,Home Decor,549,1,5.0,549,521.55,274.5,247.05
101414,2023-07-30,CUST0127,Corporate,West,Backpack,Accessories,1799,4,0.0,7196,7196.0,3957.8,3238.2
101415,2023-07-30,CUST0257,Enterprise,East,Mechanical Keyboard,Electronics,2499,1,0.0,2499,2499.0,1699.32,799.68
101416,2023-07-30,CUST0188,Small Business,East,27in Monitor,Electronics,12999,2,10.0,25998,23398.2,17678.64,5719.56
101417,2023-07-30,CUST0034,Enterprise,South,Table Lamp,Furniture,899,2,10.0,1798,1618.2,1114.76,503.44
101418,2023-07-30,CUST0231,Corporate,South,Mechanical Keyboard,Electronics,2499,2,0.0,4998,4998.0,3398.64,1599.36
101419,2023-07-30,CUST0333,Consumer,North,Wireless Mouse,Electronics,599,1,0.0,599,599.0,407.32,191.68
101420,2023-07-30,CUST0028,Small Business,Central,Wireless Mouse,Electronics,599,3,0.0,1797,1797.0,1221.96,575.04
101421,2023-07-31,CUST0099,Consumer,Central,Notebook Set,Stationery,199,1,5.0,199,189.05,89.55,99.5
101422,2023-07-31,CUST0010,Small Business,West,Wireless Mouse,Electronics,599,2,0.0,1198,1198.0,814.64,383.36
101423,2023-07-31,CUST0197,Small Business,North,Mechanical Keyboard,Electronics,2499,1,0.0,2499,2499.0,1699.32,799.68
101424,2023-08-01,CUST0326,Small Business,South,Office Chair,Furniture,6499,1,0.0,6499,6499.0,4029.38,2469.62
101425,2023-08-01,CUST0106,Consumer,Central,Photo Frame Set,Home Decor,549,1,20.0,549,439.2,274.5,164.7
101426,2023-08-01,CUST0306,Enterprise,West,Bookshelf,Furniture,3499,1,0.0,3499,3499.0,2169.38,1329.62
101427,2023-08-01,CUST0330,Consumer,South,Bookshelf,Furniture,3499,2,0.0,6998,6998.0,4338.76,2659.24
101428,2023-08-01,CUST0166,Corporate,North,Wall Clock,Home Decor,749,1,0.0,749,749.0,374.5,374.5
101429,2023-08-01,CUST0277,Corporate,South,27in Monitor,Electronics,12999,1,5.0,12999,12349.05,8839.32,3509.73
101430,2023-08-01,CUST0154,Consumer,South,Mechanical Keyboard,Electronics,2499,1,0.0,2499,2499.0,1699.32,799.68
101431,2023-08-01,CUST0042,Consumer,South,Wall Clock,Home Decor,749,1,0.0,749,749.0,374.5,374.5
101432,2023-08-01,CUST0334,Consumer,West,Office Chair,Furniture,6499,2,0.0,12998,12998.0,8058.76,4939.24
101433,2023-08-01,CUST0145,Consumer,Central,Standing Desk,Furniture,14999,1,0.0,14999,14999.0,9299.38,5699.62
101434,2023-08-02,CUST0019,Consumer,East,Table Lamp,Furniture,899,2,0.0,1798,1798.0,1114.76,683.24
101435,2023-08-02,CUST0023,Consumer,East,27in Monitor,Electronics,12999,2,0.0,25998,25998.0,17678.64,8319.36
101436,2023-08-02,CUST0144,Consumer,West,Mechanical Keyboard,Electronics,2499,1,0.0,2499,2499.0,1699.32,799.68
101437,2023-08-02,CUST0287,Consumer,East,Table Lamp,Furniture,899,1,0.0,899,899.0,557.38,341.62
101438,2023-08-02,CUST0315,Corporate,South,Bookshelf,Furniture,3499,1,0.0,3499,3499.0,2169.38,1329.62
101439,2023-08-02,CUST0168,Consumer,East,Photo Frame Set,Home Decor,549,2,0.0,1098,1098.0,549.0,549.0
101440,2023-08-03,CUST0355,Consumer,Central,27in Monitor,Electronics,12999,2,0.0,25998,25998.0,17678.64,8319.36
101441,2023-08-04,CUST0314,Enterprise,West,Wall Clock,Home Decor,749,1,10.0,749,674.1,374.5,299.6
101442,2023-08-04,CUST0281,Corporate,Central,Mechanical Keyboard,Electronics,2499,1,0.0,2499,2499.0,1699.32,799.68
101443,2023-08-04,CUST0136,Consumer,West,Sticky Notes Pack,Stationery,99,1,0.0,99,99.0,44.55,54.45
101444,2023-08-04,CUST0342,Consumer,East,Wall Clock,Home Decor,749,1,10.0,749,674.1,374.5,299.6
101445,2023-08-04,CUST0009,Small Business,North,USB-C Hub,Electronics,1299,1,0.0,1299,1299.0,883.32,415.68
101446,2023-08-04,CUST0139,Consumer,North,Bluetooth Speaker,Electronics,1999,2,,3998,3998.0,2718.64,1279.36
101447,2023-08-04,CUST0203,Consumer,South,Water Bottle,Accessories,349,2,5.0,698,663.1,383.9,279.2
101448,2023-08-04,CUST0358,Small Business,West,Sticky Notes Pack,Stationery,99,1,15.0,99,84.15,44.55,39.6
101449,2023-08-04,CUST0347,Small Business,North,Photo Frame Set,Home Decor,549,1,0.0,549,549.0,274.5,274.5
101450,2023-08-05,CUST0314,Enterprise,West,Sticky Notes Pack,Stationery,99,1,15.0,99,84.15,44.55,39.6
101451,2023-08-05,CUST0077,Corporate,East,Backpack,Accessories,1799,1,5.0,1799,1709.05,989.45,719.6
101452,2023-08-05,CUST0382,Small Business,Central,Notebook Set,Stationery,199,1,10.0,199,179.1,89.55,89.55
101453,2023-08-05,CUST0142,Consumer,West,Wireless Mouse,Electronics,599,1,0.0,599,599.0,407.32,191.68
101454,2023-08-05,CUST0033,Consumer,Central,Photo Frame Set,Home Decor,549,2,0.0,1098,1098.0,549.0,549.0
101455,2023-08-05,CUST0251,Consumer,East,Backpack,Accessories,1799,4,5.0,7196,6836.2,3957.8,2878.4
101456,2023-08-05,CUST0224,Consumer,East,Wireless Mouse,Electronics,599,2,0.0,1198,1198.0,814.64,383.36
101457,2023-08-06,CUST0318,Consumer,South,Backpack,Accessories,1799,1,0.0,1799,1799.0,989.45,809.55
101458,2023-08-06,CUST0046,Small Business,South,Notebook Set,Stationery,199,1,0.0,199,199.0,89.55,109.45
101459,2023-08-06,CUST0246,Corporate,South,Table Lamp,Furniture,899,1,0.0,899,899.0,557.38,341.62
101460,2023-08-06,CUST0052,Corporate,North,Water Bottle,Accessories,349,2,0.0,698,698.0,383.9,314.1
101461,2023-08-06,CUST0150,Consumer,East,Mechanical Keyboard,Electronics,2499,1,15.0,2499,2124.15,1699.32,424.83
101462,2023-08-06,CUST0073,Consumer,East,Water Bottle,Accessories,349,2,0.0,698,698.0,383.9,314.1
101463,2023-08-06,CUST0061,Consumer,Central,Standing Desk,Furniture,14999,1,0.0,14999,14999.0,9299.38,5699.62
101464,2023-08-06,CUST0116,Corporate,Central,Photo Frame Set,Home Decor,549,2,0.0,1098,1098.0,549.0,549.0
101465,2023-08-06,CUST0102,Small Business,Central,USB-C Hub,Electronics,1299,1,10.0,1299,1169.1,883.32,285.78
101466,2023-08-06,CUST0361,Consumer,West,Wall Clock,Home Decor,749,1,5.0,749,711.55,374.5,337.05
101467,2023-08-06,CUST0111,Consumer,North,Standing Desk,Furniture,14999,1,5.0,14999,14249.05,9299.38,4949.67
101468,2023-08-06,CUST0113,Corporate,North,Whiteboard,Stationery,1499,1,5.0,1499,1424.05,674.55,749.5
101469,2023-08-06,CUST0349,Consumer,Central,Bookshelf,Furniture,3499,1,10.0,3499,3149.1,2169.38,979.72
101470,2023-08-07,CUST0167,Consumer,East,Table Lamp,Furniture,899,1,5.0,899,854.05,557.38,296.67
101471,2023-08-07,CUST0400,Corporate,North,Whiteboard,Stationery,1499,1,0.0,1499,1499.0,674.55,824.45
101472,2023-08-07,CUST0320,Consumer,North,USB-C Hub,Electronics,1299,2,0.0,2598,2598.0,1766.64,831.36
101473,2023-08-08,CUST0105,Corporate,West,Photo Frame Set,Home Decor,549,1,0.0,549,549.0,274.5,274.5
101474,2023-08-08,CUST0365,Enterprise,South,Table Lamp,Furniture,899,1,10.0,899,809.1,557.38,251.72
101475,2023-08-08,CUST0094,Small Business,North,Mechanical Keyboard,Electronics,2499,1,0.0,2499,2499.0,1699.32,799.68
101476,2023-08-08,CUST0025,Consumer,North,27in Monitor,Electronics,12999,2,0.0,25998,25998.0,17678.64,8319.36
101477,2023-08-08,CUST0201,Small Business,South,Photo Frame Set,Home Decor,549,1,15.0,549,466.65,274.5,192.15
101478,2023-08-08,CUST0355,Consumer,Central,Table Lamp,Furniture,899,2,0.0,1798,1798.0,1114.76,683.24
101479,2023-08-08,CUST0209,Consumer,West,Wireless Mouse,Electronics,599,1,10.0,599,539.1,407.32,131.78
101480,2023-08-08,CUST0105,Corporate,West,Bluetooth Speaker,Electronics,1999,2,0.0,3998,3998.0,2718.64,1279.36
101481,2023-08-09,CUST0111,Consumer,North,Bookshelf,Furniture,3499,1,0.0,3499,3499.0,2169.38,1329.62
101482,2023-08-09,CUST0386,Corporate,East,Mechanical Keyboard,Electronics,2499,1,0.0,2499,2499.0,1699.32,799.68
101483,2023-08-09,CUST0328,Small Business,North,Wireless Mouse,Electronics,599,1,0.0,599,599.0,407.32,191.68
101484,2023-08-09,CUST0373,Consumer,West,Wall Clock,Home Decor,749,1,0.0,749,749.0,374.5,374.5
101485,2023-08-09,CUST0063,Corporate,West,Photo Frame Set,Home Decor,549,1,0.0,549,549.0,274.5,274.5
101486,2023-08-09,CUST0103,Consumer,Central,Wireless Mouse,Electronics,599,1,5.0,599,569.05,407.32,161.73
101487,2023-08-09,CUST0269,Consumer,West,Wall Clock,Home Decor,749,1,0.0,749,749.0,374.5,374.5
101488,2023-08-09,CUST0237,Consumer,South,Bookshelf,Furniture,3499,1,0.0,3499,3499.0,2169.38,1329.62
101489,2023-08-09,CUST0266,Small Business,Central,Wall Clock,Home Decor,749,1,0.0,749,749.0,374.5,374.5
101490,2023-08-10,CUST0231,Corporate,South,Office Chair,Furniture,6499,2,0.0,12998,12998.0,8058.76,4939.24
101491,2023-08-10,CUST0375,Consumer,West,Bluetooth Speaker,Electronics,1999,1,0.0,1999,1999.0,1359.32,639.68
101492,2023-08-10,CUST0135,Enterprise,North,Wall Clock,Home Decor,749,1,0.0,749,749.0,374.5,374.5
101493,2023-08-10,CUST0253,Corporate,East,Photo Frame Set,Home Decor,549,1,5.0,549,521.55,274.5,247.05
101494,2023-08-10,CUST0067,Consumer,West,Standing Desk,Furniture,14999,1,0.0,14999,14999.0,9299.38,5699.62
101495,2023-08-10,CUST0101,Consumer,Central,27in Monitor,Electronics,12999,2,10.0,25998,23398.2,17678.64,5719.56
101496,2023-08-11,CUST0218,Small Business,East,Bookshelf,Furniture,3499,1,0.0,3499,3499.0,2169.38,1329.62
101497,2023-08-11,CUST0057,Consumer,Central,Wireless Mouse,Electronics,599,1,15.0,599,509.15,407.32,101.83
101498,2023-08-11,CUST0242,Enterprise,West,Standing Desk,Furniture,14999,1,5.0,14999,14249.05,9299.38,4949.67
101499,2023-08-11,CUST0288,Small Business,Central,Standing Desk,Furniture,14999,1,15.0,14999,12749.15,9299.38,3449.77
101500,2023-08-11,CUST0265,Corporate,East,Backpack,Accessories,1799,4,5.0,7196,6836.2,3957.8,2878.4
101501,2023-08-12,CUST0083,Consumer,West,Photo Frame Set,Home Decor,549,1,20.0,549,439.2,274.5,164.7
101502,2023-08-12,CUST0192,Corporate,North,Office Chair,Furniture,6499,1,0.0,6499,6499.0,4029.38,2469.62
101503,2023-08-12,CUST0271,Corporate,Central,Water Bottle,Accessories,349,2,0.0,698,698.0,383.9,314.1
101504,2023-08-12,CUST0354,Consumer,East,27in Monitor,Electronics,12999,1,10.0,12999,11699.1,8839.32,2859.78
101505,2023-08-12,CUST0073,Consumer,East,Backpack,Accessories,1799,1,0.0,1799,1799.0,989.45,809.55
101506,2023-08-12,CUST0198,Corporate,North,Whiteboard,Stationery,1499,2,0.0,2998,2998.0,1349.1,1648.9
101507,2023-08-12,CUST0013,Corporate,North,Backpack,Accessories,1799,2,0.0,3598,3598.0,1978.9,1619.1
101508,2023-08-12,CUST0219,Small Business,West,Bluetooth Speaker,Electronics,1999,1,0.0,1999,1999.0,1359.32,639.68
101509,2023-08-12,CUST0156,Consumer,East,Backpack,Accessories,1799,1,0.0,1799,1799.0,989.45,809.55
101510,2023-08-13,CUST0198,Corporate,North,Table Lamp,Furniture,899,1,0.0,899,899.0,557.38,341.62
101511,2023-08-13,CUST0146,Consumer,Central,Table Lamp,Furniture,899,1,0.0,899,899.0,557.38,341.62
101512,2023-08-13,CUST0387,Consumer,East,Standing Desk,Furniture,14999,1,0.0,14999,14999.0,9299.38,5699.62
101513,2023-08-13,CUST0271,Corporate,Central,USB-C Hub,Electronics,1299,3,15.0,3897,3312.45,2649.96,662.49
101514,2023-08-13,CUST0359,Enterprise,West,Bookshelf,Furniture,3499,1,0.0,3499,3499.0,2169.38,1329.62
101515,2023-08-13,CUST0339,Consumer,West,Table Lamp,Furniture,899,1,0.0,899,899.0,557.38,341.62
101516,2023-08-13,CUST0211,Small Business,East,Standing Desk,Furniture,14999,1,5.0,14999,14249.05,9299.38,4949.67
101517,2023-08-13,CUST0023,Consumer,East,Bookshelf,Furniture,3499,1,0.0,3499,3499.0,2169.38,1329.62
101518,2023-08-14,CUST0090,Consumer,West,Backpack,Accessories,1799,2,20.0,3598,2878.4,1978.9,899.5
101519,2023-08-14,CUST0234,Consumer,Central,Table Lamp,Furniture,899,1,15.0,899,764.15,557.38,206.77
101520,2023-08-14,CUST0043,Consumer,West,Mechanical Keyboard,Electronics,2499,1,0.0,2499,2499.0,1699.32,799.68
101521,2023-08-14,CUST0010,Small Business,West,Sticky Notes Pack,Stationery,99,1,0.0,99,99.0,44.55,54.45
101522,2023-08-14,CUST0249,Enterprise,East,Sticky Notes Pack,Stationery,99,1,10.0,99,89.1,44.55,44.55
101523,2023-08-14,CUST0217,Consumer,East,Notebook Set,Stationery,199,1,10.0,199,179.1,89.55,89.55
101524,2023-08-14,CUST0199,Corporate,South,Photo Frame Set,Home Decor,549,1,5.0,549,521.55,274.5,247.05
101525,2023-08-14,CUST0222,Small Business,South,Bluetooth Speaker,Electronics,1999,1,10.0,1999,1799.1,1359.32,439.78
101526,2023-08-15,CUST0218,Small Business,East,Wall Clock,Home Decor,749,2,0.0,1498,1498.0,749.0,749.0
101527,2023-08-15,CUST0070,Enterprise,East,Whiteboard,Stationery,1499,2,0.0,2998,2998.0,1349.1,1648.9
101528,2023-08-15,CUST0056,Corporate,South,Office Chair,Furniture,6499,2,0.0,12998,12998.0,8058.76,4939.24
101529,2023-08-15,CUST0370,Consumer,West,Whiteboard,Stationery,1499,1,0.0,1499,1499.0,674.55,824.45
101530,2023-08-15,CUST0325,Enterprise,West,Notebook Set,Stationery,199,1,0.0,199,199.0,89.55,109.45
101531,2023-08-15,CUST0048,Small Business,North,Photo Frame Set,Home Decor,549,1,5.0,549,521.55,274.5,247.05
101532,2023-08-15,CUST0060,Consumer,East,Bluetooth Speaker,Electronics,1999,2,20.0,3998,3198.4,2718.64,479.76
101533,2023-08-15,CUST0038,Consumer,East,Wireless Mouse,Electronics,599,1,0.0,599,599.0,407.32,191.68
101534,2023-08-16,CUST0160,Small Business,North,Wireless Mouse,Electronics,599,1,10.0,599,539.1,407.32,131.78
101535,2023-08-16,CUST0316,Small Business,North,USB-C Hub,Electronics,1299,1,20.0,1299,1039.2,883.32,155.88
101536,2023-08-16,CUST0145,Consumer,Central,Table Lamp,Furniture,899,1,0.0,899,899.0,557.38,341.62
101537,2023-08-16,CUST0049,Small Business,Central,Wireless Mouse,Electronics,599,1,15.0,599,509.15,407.32,101.83
101538,2023-08-16,CUST0043,Consumer,West,USB-C Hub,Electronics,1299,1,5.0,1299,1234.05,883.32,350.73
101539,2023-08-16,CUST0293,Corporate,North,Mechanical Keyboard,Electronics,2499,3,0.0,7497,7497.0,5097.96,2399.04
101540,2023-08-16,CUST0139,Consumer,North,Photo Frame Set,Home Decor,549,1,0.0,549,549.0,274.5,274.5
101541,2023-08-16,CUST0192,Corporate,North,Backpack,Accessories,1799,1,5.0,1799,1709.05,989.45,719.6
101542,2023-08-16,CUST0088,Small Business,East,Wireless Mouse,Electronics,599,3,0.0,1797,1797.0,1221.96,575.04
101543,2023-08-16,CUST0382,Small Business,Central,Wireless Mouse,Electronics,599,1,5.0,599,569.05,407.32,161.73
101544,2023-08-17,CUST0012,Enterprise,Central,Whiteboard,Stationery,1499,1,0.0,1499,1499.0,674.55,824.45
101545,2023-08-17,CUST0237,Consumer,South,Table Lamp,Furniture,899,1,0.0,899,899.0,557.38,341.62
101546,2023-08-17,CUST0080,Consumer,South,Bluetooth Speaker,Electronics,1999,1,0.0,1999,1999.0,1359.32,639.68
101547,2023-08-18,CUST0368,Corporate,East,Whiteboard,Stationery,1499,3,0.0,4497,4497.0,2023.65,2473.35
101548,2023-08-18,CUST0035,Enterprise,South,Wireless Mouse,Electronics,599,1,0.0,599,599.0,407.32,191.68
101549,2023-08-18,CUST0377,Corporate,West,Notebook Set,Stationery,199,2,20.0,398,318.4,179.1,139.3
101550,2023-08-18,CUST0154,Consumer,South,Backpack,Accessories,1799,1,10.0,1799,1619.1,989.45,629.65
101551,2023-08-18,CUST0156,Consumer,East,Bookshelf,Furniture,3499,1,0.0,3499,3499.0,2169.38,1329.62
101552,2023-08-18,CUST0322,Small Business,Central,Bluetooth Speaker,Electronics,1999,1,0.0,1999,1999.0,1359.32,639.68
101553,2023-08-18,CUST0137,Small Business,East,Backpack,Accessories,1799,1,0.0,1799,1799.0,989.45,809.55
101554,2023-08-18,CUST0379,Corporate,West,Photo Frame Set,Home Decor,549,1,0.0,549,549.0,274.5,274.5
101555,2023-08-18,CUST0126,Consumer,West,Whiteboard,Stationery,1499,1,0.0,1499,1499.0,674.55,824.45
101556,2023-08-19,CUST0342,Consumer,East,Bookshelf,Furniture,3499,4,0.0,13996,13996.0,8677.52,5318.48
101557,2023-08-19,CUST0242,Enterprise,West,Mechanical Keyboard,Electronics,2499,1,0.0,2499,2499.0,1699.32,799.68
101558,2023-08-19,CUST0011,Consumer,West,Photo Frame Set,Home Decor,549,1,0.0,549,549.0,274.5,274.5
101559,2023-08-19,CUST0287,Consumer,East,Photo Frame Set,Home Decor,549,1,10.0,549,494.1,274.5,219.6
101560,2023-08-19,CUST0206,Consumer,South,Wall Clock,Home Decor,749,1,0.0,749,749.0,374.5,374.5
101561,2023-08-20,CUST0235,Consumer,Central,Bluetooth Speaker,Electronics,1999,1,5.0,1999,1899.05,1359.32,539.73
101562,2023-08-20,CUST0216,Consumer,South,Notebook Set,Stationery,199,1,0.0,199,199.0,89.55,109.45
101563,2023-08-20,CUST0311,Consumer,East,Notebook Set,Stationery,199,1,0.0,199,199.0,89.55,109.45
101564,2023-08-20,CUST0021,Small Business,Central,USB-C Hub,Electronics,1299,1,10.0,1299,1169.1,883.32,285.78
101565,2023-08-20,CUST0113,Corporate,North,USB-C Hub,Electronics,1299,1,5.0,1299,1234.05,883.32,350.73
101566,2023-08-20,CUST0325,Enterprise,West,Bookshelf,Furniture,3499,1,5.0,3499,3324.05,2169.38,1154.67
101567,2023-08-20,CUST0051,Enterprise,South,27in Monitor,Electronics,12999,1,0.0,12999,12999.0,8839.32,4159.68
101568,2023-08-21,CUST0059,Consumer,Central,Notebook Set,Stationery,199,1,10.0,199,179.1,89.55,89.55
101569,2023-08-21,CUST0285,Small Business,North,Bluetooth Speaker,Electronics,1999,1,0.0,1999,1999.0,1359.32,639.68
101570,2023-08-21,CUST0378,Consumer,North,Backpack,Accessories,1799,2,0.0,3598,3598.0,1978.9,1619.1
101571,2023-08-21,CUST0219,Small Business,West,Mechanical Keyboard,Electronics,2499,3,5.0,7497,7122.15,5097.96,2024.19
101572,2023-08-21,CUST0341,Consumer,South,Standing Desk,Furniture,14999,2,0.0,29998,29998.0,18598.76,11399.24
101573,2023-08-22,CUST0316,Small Business,North,Standing Desk,Furniture,14999,4,20.0,59996,47996.8,37197.52,10799.28
101574,2023-08-22,CUST0147,Small Business,East,Office Chair,Furniture,6499,4,10.0,25996,23396.4,16117.52,7278.88
101575,2023-08-22,CUST0379,Corporate,West,Wireless Mouse,Electronics,599,1,0.0,599,599.0,407.32,191.68
101576,2023-08-22,CUST0396,Enterprise,South,Backpack,Accessories,1799,1,0.0,1799,1799.0,989.45,809.55
101577,2023-08-22,CUST0161,Consumer,South,Wireless Mouse,Electronics,599,2,0.0,1198,1198.0,814.64,383.36
101578,2023-08-22,CUST0031,Small Business,North,Photo Frame Set,Home Decor,549,1,0.0,549,549.0,274.5,274.5
101579,2023-08-23,CUST0052,Corporate,North,Mechanical Keyboard,Electronics,2499,1,0.0,2499,2499.0,1699.32,799.68
101580,2023-08-23,CUST0109,Consumer,East,Standing Desk,Furniture,14999,1,5.0,14999,14249.05,9299.38,4949.67
101581,2023-08-23,CUST0248,Enterprise,East,Wireless Mouse,Electronics,599,3,0.0,1797,1797.0,1221.96,575.04
101582,2023-08-23,CUST0327,Small Business,East,Sticky Notes Pack,Stationery,99,1,0.0,99,99.0,44.55,54.45
101583,2023-08-24,CUST0113,Corporate,North,Bluetooth Speaker,Electronics,1999,1,5.0,1999,1899.05,1359.32,539.73
101584,2023-08-24,CUST0132,Consumer,West,27in Monitor,Electronics,12999,2,0.0,25998,25998.0,17678.64,8319.36
101585,2023-08-24,CUST0294,Consumer,East,Bluetooth Speaker,Electronics,1999,1,15.0,1999,1699.15,1359.32,339.83
101586,2023-08-24,CUST0039,Small Business,Central,27in Monitor,Electronics,12999,1,0.0,12999,12999.0,8839.32,4159.68
101587,2023-08-25,CUST0082,Small Business,South,Standing Desk,Furniture,14999,2,0.0,29998,29998.0,18598.76,11399.24
101588,2023-08-25,CUST0321,Small Business,North,Sticky Notes Pack,Stationery,99,2,0.0,198,198.0,89.1,108.9
101589,2023-08-25,CUST0218,Small Business,East,USB-C Hub,Electronics,1299,1,0.0,1299,1299.0,883.32,415.68
101590,2023-08-25,CUST0242,Enterprise,West,Bookshelf,Furniture,3499,1,0.0,3499,3499.0,2169.38,1329.62
101591,2023-08-26,CUST0085,Consumer,Central,Whiteboard,Stationery,1499,2,0.0,2998,2998.0,1349.1,1648.9
101592,2023-08-26,CUST0009,Small Business,North,Notebook Set,Stationery,199,1,10.0,199,179.1,89.55,89.55
101593,2023-08-26,CUST0238,Consumer,North,USB-C Hub,Electronics,1299,1,5.0,1299,1234.05,883.32,350.73
101594,2023-08-26,CUST0326,Small Business,South,Backpack,Accessories,1799,1,0.0,1799,1799.0,989.45,809.55
101595,2023-08-26,CUST0350,Small Business,West,27in Monitor,Electronics,12999,1,0.0,12999,12999.0,8839.32,4159.68
101596,2023-08-26,CUST0154,Consumer,South,Mechanical Keyboard,Electronics,2499,1,10.0,2499,2249.1,1699.32,549.78
101597,2023-08-27,CUST0071,Corporate,Central,Bluetooth Speaker,Electronics,1999,2,0.0,3998,3998.0,2718.64,1279.36
101598,2023-08-27,CUST0011,Consumer,West,Sticky Notes Pack,Stationery,99,2,0.0,198,198.0,89.1,108.9
101599,2023-08-27,CUST0188,Small Business,East,Office Chair,Furniture,6499,1,0.0,6499,6499.0,4029.38,2469.62
101600,2023-08-27,CUST0184,Corporate,Central,27in Monitor,Electronics,12999,1,5.0,12999,12349.05,8839.32,3509.73
101601,2023-08-27,CUST0320,Consumer,North,Photo Frame Set,Home Decor,549,1,0.0,549,549.0,274.5,274.5
101602,2023-08-27,CUST0336,Consumer,South,Backpack,Accessories,1799,1,5.0,1799,1709.05,989.45,719.6
101603,2023-08-27,CUST0149,Consumer,South,USB-C Hub,Electronics,1299,2,5.0,2598,2468.1,1766.64,701.46
101604,2023-08-28,CUST0274,Corporate,Central,Photo Frame Set,Home Decor,549,4,10.0,2196,1976.4,1098.0,878.4
101605,2023-08-28,CUST0136,Consumer,West,Office Chair,Furniture,6499,1,20.0,6499,5199.2,4029.38,1169.82
101606,2023-08-28,CUST0183,Corporate,Central,Bluetooth Speaker,Electronics,1999,1,0.0,1999,1999.0,1359.32,639.68
101607,2023-08-28,CUST0095,Corporate,North,Bluetooth Speaker,Electronics,1999,2,0.0,3998,3998.0,2718.64,1279.36
101608,2023-08-28,CUST0231,Corporate,South,Table Lamp,Furniture,899,1,0.0,899,899.0,557.38,341.62
101609,2023-08-28,CUST0135,Enterprise,North,Office Chair,Furniture,6499,1,0.0,6499,6499.0,4029.38,2469.62
101610,2023-08-28,CUST0345,Consumer,Central,Photo Frame Set,Home Decor,549,2,0.0,1098,1098.0,549.0,549.0
101611,2023-08-28,CUST0308,Consumer,South,Photo Frame Set,Home Decor,549,1,0.0,549,549.0,274.5,274.5
101612,2023-08-29,CUST0393,Consumer,West,Bookshelf,Furniture,3499,1,15.0,3499,2974.15,2169.38,804.77
101613,2023-08-29,CUST0347,Small Business,North,Standing Desk,Furniture,14999,1,0.0,14999,14999.0,9299.38,5699.62
101614,2023-08-29,CUST0046,Small Business,South,Mechanical Keyboard,Electronics,2499,4,5.0,9996,9496.2,6797.28,2698.92
101615,2023-08-29,CUST0094,Small Business,North,Standing Desk,Furniture,14999,1,0.0,14999,14999.0,9299.38,5699.62
101616,2023-08-29,CUST0054,Corporate,East,Whiteboard,Stationery,1499,2,20.0,2998,2398.4,1349.1,1049.3
101617,2023-08-29,CUST0098,Consumer,West,Table Lamp,Furniture,899,1,0.0,899,899.0,557.38,341.62
101618,2023-08-29,CUST0256,Small Business,North,Office Chair,Furniture,6499,1,0.0,6499,6499.0,4029.38,2469.62
101619,2023-08-30,CUST0268,Small Business,South,Wireless Mouse,Electronics,599,2,5.0,1198,1138.1,814.64,323.46
101620,2023-08-30,CUST0041,Consumer,East,Backpack,Accessories,1799,1,0.0,1799,1799.0,989.45,809.55
101621,2023-08-30,CUST0069,Consumer,West,Bookshelf,Furniture,3499,1,0.0,3499,3499.0,2169.38,1329.62
101622,2023-08-30,CUST0089,Corporate,Central,Office Chair,Furniture,6499,1,5.0,6499,6174.05,4029.38,2144.67
101623,2023-08-30,CUST0400,Corporate,North,Notebook Set,Stationery,199,1,5.0,199,189.05,89.55,99.5
101624,2023-08-30,CUST0047,Consumer,West,Photo Frame Set,Home Decor,549,2,0.0,1098,1098.0,549.0,549.0
101625,2023-08-31,CUST0067,Consumer,West,USB-C Hub,Electronics,1299,1,0.0,1299,1299.0,883.32,415.68
101626,2023-08-31,CUST0195,Consumer,Central,Bookshelf,Furniture,3499,1,5.0,3499,3324.05,2169.38,1154.67
101627,2023-08-31,CUST0316,Small Business,North,Whiteboard,Stationery,1499,1,10.0,1499,1349.1,674.55,674.55
101628,2023-08-31,CUST0220,Corporate,South,Notebook Set,Stationery,199,2,0.0,398,398.0,179.1,218.9
101629,2023-08-31,CUST0299,Small Business,South,27in Monitor,Electronics,12999,3,5.0,38997,37047.15,26517.96,10529.19
101630,2023-09-01,CUST0339,Consumer,West,27in Monitor,Electronics,12999,1,5.0,12999,12349.05,8839.32,3509.73
101631,2023-09-01,CUST0095,Corporate,North,USB-C Hub,Electronics,1299,2,0.0,2598,2598.0,1766.64,831.36
101632,2023-09-01,CUST0316,Small Business,North,Water Bottle,Accessories,349,1,0.0,349,349.0,191.95,157.05
101633,2023-09-01,CUST0165,Consumer,South,Wall Clock,Home Decor,749,1,5.0,749,711.55,374.5,337.05
101634,2023-09-01,CUST0365,Enterprise,South,Mechanical Keyboard,Electronics,2499,1,0.0,2499,2499.0,1699.32,799.68
101635,2023-09-01,CUST0019,Consumer,East,Sticky Notes Pack,Stationery,99,1,0.0,99,99.0,44.55,54.45
101636,2023-09-01,CUST0040,Consumer,East,Photo Frame Set,Home Decor,549,1,0.0,549,549.0,274.5,274.5
101637,2023-09-01,CUST0183,Corporate,Central,Wireless Mouse,Electronics,599,1,10.0,599,539.1,407.32,131.78
101638,2023-09-02,CUST0056,Corporate,South,Sticky Notes Pack,Stationery,99,2,0.0,198,198.0,89.1,108.9
101639,2023-09-02,CUST0281,Corporate,Central,Photo Frame Set,Home Decor,549,1,0.0,549,549.0,274.5,274.5
101640,2023-09-02,CUST0249,Enterprise,East,Notebook Set,Stationery,199,1,10.0,199,179.1,89.55,89.55
101641,2023-09-02,CUST0294,Consumer,East,Wall Clock,Home Decor,749,1,5.0,749,711.55,374.5,337.05
101642,2023-09-02,CUST0345,Consumer,Central,Office Chair,Furniture,6499,2,10.0,12998,11698.2,8058.76,3639.44
101643,2023-09-02,CUST0080,Consumer,South,27in Monitor,Electronics,12999,1,0.0,12999,12999.0,8839.32,4159.68
101644,2023-09-02,CUST0299,Small Business,South,Standing Desk,Furniture,14999,2,5.0,29998,28498.1,18598.76,9899.34
101645,2023-09-02,CUST0288,Small Business,Central,Wireless Mouse,Electronics,599,2,10.0,1198,1078.2,814.64,263.56
101646,2023-09-02,CUST0303,Small Business,East,Backpack,Accessories,1799,1,0.0,1799,1799.0,989.45,809.55
101647,2023-09-03,CUST0174,Consumer,East,Standing Desk,Furniture,14999,1,10.0,14999,13499.1,9299.38,4199.72
101648,2023-09-03,CUST0253,Corporate,East,Backpack,Accessories,1799,1,0.0,1799,1799.0,989.45,809.55
101649,2023-09-03,CUST0033,Consumer,Central,Backpack,Accessories,1799,1,5.0,1799,1709.05,989.45,719.6
101650,2023-09-03,CUST0227,Enterprise,West,27in Monitor,Electronics,12999,1,10.0,12999,11699.1,8839.32,2859.78
101651,2023-09-03,CUST0364,Small Business,North,Table Lamp,Furniture,899,1,0.0,899,899.0,557.38,341.62
101652,2023-09-03,CUST0024,Consumer,West,Wall Clock,Home Decor,749,1,5.0,749,711.55,374.5,337.05
101653,2023-09-03,CUST0332,Corporate,South,Wall Clock,Home Decor,749,1,20.0,749,599.2,374.5,224.7
101654,2023-09-03,CUST0286,Consumer,North,Sticky Notes Pack,Stationery,99,1,10.0,99,89.1,44.55,44.55
101655,2023-09-03,CUST0377,Corporate,West,Notebook Set,Stationery,199,1,0.0,199,199.0,89.55,109.45
101656,2023-09-03,CUST0225,Consumer,East,Mechanical Keyboard,Electronics,2499,1,0.0,2499,2499.0,1699.32,799.68
101657,2023-09-03,CUST0380,Consumer,North,Whiteboard,Stationery,1499,1,5.0,1499,1424.05,674.55,749.5
101658,2023-09-03,CUST0107,Consumer,West,Whiteboard,Stationery,1499,1,15.0,1499,1274.15,674.55,599.6
101659,2023-09-04,CUST0114,Corporate,North,27in Monitor,Electronics,12999,2,0.0,25998,25998.0,17678.64,8319.36
101660,2023-09-04,CUST0191,Consumer,North,Bluetooth Speaker,Electronics,1999,1,0.0,1999,1999.0,1359.32,639.68
101661,2023-09-04,CUST0062,Consumer,North,Office Chair,Furniture,6499,2,0.0,12998,12998.0,8058.76,4939.24
101662,2023-09-04,CUST0318,Consumer,South,Table Lamp,Furniture,899,1,5.0,899,854.05,557.38,296.67
101663,2023-09-04,CUST0386,Corporate,East,Whiteboard,Stationery,1499,1,10.0,1499,1349.1,674.55,674.55
101664,2023-09-04,CUST0307,Small Business,Central,Photo Frame Set,Home Decor,549,2,0.0,1098,1098.0,549.0,549.0
101665,2023-09-04,CUST0164,Small Business,Central,Backpack,Accessories,1799,1,0.0,1799,1799.0,989.45,809.55
101666,2023-09-04,CUST0271,Corporate,Central,Standing Desk,Furniture,14999,2,0.0,29998,29998.0,18598.76,11399.24
101667,2023-09-05,CUST0381,Consumer,South,Notebook Set,Stationery,199,1,0.0,199,199.0,89.55,109.45
101668,2023-09-05,CUST0288,Small Business,Central,Sticky Notes Pack,Stationery,99,1,0.0,99,99.0,44.55,54.45
101669,2023-09-05,CUST0127,Corporate,West,27in Monitor,Electronics,12999,1,0.0,12999,12999.0,8839.32,4159.68
101670,2023-09-05,CUST0135,Enterprise,North,Photo Frame Set,Home Decor,549,3,10.0,1647,1482.3,823.5,658.8
101671,2023-09-05,CUST0110,Consumer,West,Mechanical Keyboard,Electronics,2499,1,0.0,2499,2499.0,1699.32,799.68
101672,2023-09-05,CUST0004,Small Business,West,Office Chair,Furniture,6499,1,0.0,6499,6499.0,4029.38,2469.62
101673,2023-09-06,CUST0368,Corporate,East,Water Bottle,Accessories,349,2,0.0,698,698.0,383.9,314.1
101674,2023-09-06,CUST0372,Consumer,South,USB-C Hub,Electronics,1299,2,0.0,2598,2598.0,1766.64,831.36
101675,2023-09-06,CUST0381,Consumer,South,Standing Desk,Furniture,14999,4,0.0,59996,59996.0,37197.52,22798.48
101676,2023-09-06,CUST0308,Consumer,South,Bluetooth Speaker,Electronics,1999,1,0.0,1999,1999.0,1359.32,639.68
101677,2023-09-06,CUST0055,Small Business,South,USB-C Hub,Electronics,1299,2,0.0,2598,2598.0,1766.64,831.36
101678,2023-09-06,CUST0243,Corporate,Central,Wireless Mouse,Electronics,599,1,0.0,599,599.0,407.32,191.68
101679,2023-09-06,CUST0215,Small Business,Central,Standing Desk,Furniture,14999,1,10.0,14999,13499.1,9299.38,4199.72
101680,2023-09-06,CUST0038,Consumer,East,Bookshelf,Furniture,3499,2,0.0,6998,6998.0,4338.76,2659.24
101681,2023-09-07,CUST0374,Small Business,East,Wall Clock,Home Decor,749,1,15.0,749,636.65,374.5,262.15
101682,2023-09-07,CUST0067,Consumer,West,27in Monitor,Electronics,12999,2,10.0,25998,23398.2,17678.64,5719.56
101683,2023-09-07,CUST0168,Consumer,East,Wall Clock,Home Decor,749,1,10.0,749,674.1,374.5,299.6
101684,2023-09-07,CUST0109,Consumer,East,Bluetooth Speaker,Electronics,1999,4,0.0,7996,7996.0,5437.28,2558.72
101685,2023-09-07,CUST0019,Consumer,East,Wireless Mouse,Electronics,599,1,0.0,599,599.0,407.32,191.68
101686,2023-09-07,CUST0207,Consumer,West,Office Chair,Furniture,6499,1,0.0,6499,6499.0,4029.38,2469.62
101687,2023-09-07,CUST0182,Consumer,Central,Notebook Set,Stationery,199,2,0.0,398,398.0,179.1,218.9
101688,2023-09-08,CUST0367,Enterprise,South,Wall Clock,Home Decor,749,1,10.0,749,674.1,374.5,299.6
101689,2023-09-08,CUST0208,Small Business,North,Wall Clock,Home Decor,749,1,10.0,749,674.1,374.5,299.6
101690,2023-09-08,CUST0171,Small Business,North,Water Bottle,Accessories,349,1,10.0,349,314.1,191.95,122.15
101691,2023-09-08,CUST0024,Consumer,West,Backpack,Accessories,1799,1,0.0,1799,1799.0,989.45,809.55
101692,2023-09-08,CUST0300,Consumer,Central,Backpack,Accessories,1799,1,0.0,1799,1799.0,989.45,809.55
101693,2023-09-08,CUST0029,Small Business,West,Water Bottle,Accessories,349,1,10.0,349,314.1,191.95,122.15
101694,2023-09-08,CUST0222,Small Business,South,Whiteboard,Stationery,1499,1,0.0,1499,1499.0,674.55,824.45
101695,2023-09-09,CUST0320,Consumer,North,27in Monitor,Electronics,12999,2,5.0,25998,24698.1,17678.64,7019.46
101696,2023-09-09,CUST0061,Consumer,Central,USB-C Hub,Electronics,1299,2,10.0,2598,2338.2,1766.64,571.56
101697,2023-09-09,CUST0149,Consumer,South,Table Lamp,Furniture,899,1,0.0,899,899.0,557.38,341.62
101698,2023-09-09,CUST0194,Small Business,Central,Table Lamp,Furniture,899,1,0.0,899,899.0,557.38,341.62
101699,2023-09-09,CUST0343,Consumer,East,27in Monitor,Electronics,12999,2,0.0,25998,25998.0,17678.64,8319.36
101700,2023-09-09,CUST0362,Small Business,North,Water Bottle,Accessories,349,1,20.0,349,279.2,191.95,87.25
101701,2023-09-09,CUST0249,Enterprise,East,Bookshelf,Furniture,3499,1,0.0,3499,3499.0,2169.38,1329.62
101702,2023-09-09,CUST0002,Enterprise,North,27in Monitor,Electronics,12999,1,0.0,12999,12999.0,8839.32,4159.68
101703,2023-09-09,CUST0078,Consumer,Central,Table Lamp,Furniture,899,1,0.0,899,899.0,557.38,341.62
101704,2023-09-09,CUST0236,Small Business,West,USB-C Hub,Electronics,1299,1,5.0,1299,1234.05,883.32,350.73
101705,2023-09-10,CUST0071,Corporate,Central,Bookshelf,Furniture,3499,2,0.0,6998,6998.0,4338.76,2659.24
101706,2023-09-10,CUST0243,Corporate,Central,Mechanical Keyboard,Electronics,2499,1,0.0,2499,2499.0,1699.32,799.68
101707,2023-09-10,CUST0021,Small Business,Central,Wall Clock,Home Decor,749,1,0.0,749,749.0,374.5,374.5
101708,2023-09-10,CUST0010,Small Business,West,Wall Clock,Home Decor,749,1,0.0,749,749.0,374.5,374.5
101709,2023-09-10,CUST0192,Corporate,North,Wireless Mouse,Electronics,599,3,,1797,1617.3,1221.96,395.34
101710,2023-09-10,CUST0033,Consumer,Central,USB-C Hub,Electronics,1299,1,5.0,1299,1234.05,883.32,350.73
101711,2023-09-10,CUST0193,Corporate,East,USB-C Hub,Electronics,1299,2,0.0,2598,2598.0,1766.64,831.36
101712,2023-09-10,CUST0083,Consumer,West,Table Lamp,Furniture,899,1,20.0,899,719.2,557.38,161.82
101713,2023-09-10,CUST0319,Consumer,West,Sticky Notes Pack,Stationery,99,2,0.0,198,198.0,89.1,108.9
101714,2023-09-10,CUST0136,Consumer,West,Office Chair,Furniture,6499,1,0.0,6499,6499.0,4029.38,2469.62
101715,2023-09-10,CUST0295,Consumer,Central,Sticky Notes Pack,Stationery,99,1,0.0,99,99.0,44.55,54.45
101716,2023-09-11,CUST0263,Consumer,South,Whiteboard,Stationery,1499,1,0.0,1499,1499.0,674.55,824.45
101717,2023-09-11,CUST0343,Consumer,East,Notebook Set,Stationery,199,1,0.0,199,199.0,89.55,109.45
101718,2023-09-11,CUST0066,Small Business,Central,Notebook Set,Stationery,199,1,10.0,199,179.1,89.55,89.55
101719,2023-09-12,CUST0114,Corporate,North,Table Lamp,Furniture,899,1,5.0,899,854.05,557.38,296.67
101720,2023-09-12,CUST0307,Small Business,Central,Photo Frame Set,Home Decor,549,3,5.0,1647,1564.65,823.5,741.15
101721,2023-09-12,CUST0336,Consumer,South,Notebook Set,Stationery,199,2,10.0,398,358.2,179.1,179.1
101722,2023-09-12,CUST0372,Consumer,South,Photo Frame Set,Home Decor,549,1,20.0,549,439.2,274.5,164.7
101723,2023-09-12,CUST0344,Consumer,Central,Whiteboard,Stationery,1499,2,0.0,2998,2998.0,1349.1,1648.9
101724,2023-09-12,CUST0188,Small Business,East,Backpack,Accessories,1799,1,0.0,1799,1799.0,989.45,809.55
101725,2023-09-13,CUST0228,Consumer,North,Notebook Set,Stationery,199,2,5.0,398,378.1,179.1,199.0
101726,2023-09-13,CUST0016,Consumer,North,Water Bottle,Accessories,349,2,0.0,698,698.0,383.9,314.1
101727,2023-09-13,CUST0278,Small Business,South,Water Bottle,Accessories,349,1,5.0,349,331.55,191.95,139.6
101728,2023-09-13,CUST0400,Corporate,North,Table Lamp,Furniture,899,1,5.0,899,854.05,557.38,296.67
101729,2023-09-13,CUST0373,Consumer,West,Standing Desk,Furniture,14999,1,20.0,14999,11999.2,9299.38,2699.82
101730,2023-09-13,CUST0281,Corporate,Central,27in Monitor,Electronics,12999,1,0.0,12999,12999.0,8839.32,4159.68
101731,2023-09-14,CUST0005,Consumer,North,Office Chair,Furniture,6499,1,5.0,6499,6174.05,4029.38,2144.67
101732,2023-09-14,CUST0133,Consumer,West,Office Chair,Furniture,6499,1,0.0,6499,6499.0,4029.38,2469.62
101733,2023-09-14,CUST0150,Consumer,East,Backpack,Accessories,1799,1,10.0,1799,1619.1,989.45,629.65
101734,2023-09-14,CUST0234,Consumer,Central,Backpack,Accessories,1799,1,0.0,1799,1799.0,989.45,809.55
101735,2023-09-15,CUST0132,Consumer,West,Mechanical Keyboard,Electronics,2499,1,15.0,2499,2124.15,1699.32,424.83
101736,2023-09-15,CUST0179,Enterprise,Central,Bookshelf,Furniture,3499,1,5.0,3499,3324.05,2169.38,1154.67
101737,2023-09-15,CUST0070,Enterprise,East,27in Monitor,Electronics,12999,1,5.0,12999,12349.05,8839.32,3509.73
101738,2023-09-15,CUST0019,Consumer,East,Bluetooth Speaker,Electronics,1999,1,0.0,1999,1999.0,1359.32,639.68
101739,2023-09-15,CUST0081,Corporate,West,Table Lamp,Furniture,899,1,0.0,899,899.0,557.38,341.62
101740,2023-09-15,CUST0351,Small Business,East,Standing Desk,Furniture,14999,1,0.0,14999,14999.0,9299.38,5699.62
101741,2023-09-16,CUST0175,Small Business,North,Table Lamp,Furniture,899,1,0.0,899,899.0,557.38,341.62
101742,2023-09-16,CUST0093,Corporate,North,USB-C Hub,Electronics,1299,4,0.0,5196,5196.0,3533.28,1662.72
101743,2023-09-16,CUST0120,Small Business,West,Wireless Mouse,Electronics,599,1,15.0,599,509.15,407.32,101.83
101744,2023-09-16,CUST0380,Consumer,North,Notebook Set,Stationery,199,1,10.0,199,179.1,89.55,89.55
101745,2023-09-16,CUST0306,Enterprise,West,Wireless Mouse,Electronics,599,1,0.0,599,599.0,407.32,191.68
101746,2023-09-16,CUST0374,Small Business,East,Wireless Mouse,Electronics,599,1,5.0,599,569.05,407.32,161.73
101747,2023-09-16,CUST0216,Consumer,South,Backpack,Accessories,1799,1,5.0,1799,1709.05,989.45,719.6
101748,2023-09-16,CUST0035,Enterprise,South,Whiteboard,Stationery,1499,3,0.0,4497,4497.0,2023.65,2473.35
101749,2023-09-16,CUST0229,Corporate,North,Notebook Set,Stationery,199,2,0.0,398,398.0,179.1,218.9
101750,2023-09-17,CUST0227,Enterprise,West,Wall Clock,Home Decor,749,1,20.0,749,599.2,374.5,224.7
101751,2023-09-17,CUST0086,Consumer,North,Wall Clock,Home Decor,749,1,0.0,749,749.0,374.5,374.5
101752,2023-09-17,CUST0149,Consumer,South,Bookshelf,Furniture,3499,1,0.0,3499,3499.0,2169.38,1329.62
101753,2023-09-17,CUST0254,Consumer,West,Photo Frame Set,Home Decor,549,1,0.0,549,549.0,274.5,274.5
101754,2023-09-17,CUST0069,Consumer,West,Water Bottle,Accessories,349,1,0.0,349,349.0,191.95,157.05
101755,2023-09-17,CUST0081,Corporate,West,USB-C Hub,Electronics,1299,1,5.0,1299,1234.05,883.32,350.73
101756,2023-09-17,CUST0397,Corporate,West,Mechanical Keyboard,Electronics,2499,1,5.0,2499,2374.05,1699.32,674.73
101757,2023-09-17,CUST0293,Corporate,North,USB-C Hub,Electronics,1299,1,0.0,1299,1299.0,883.32,415.68
101758,2023-09-17,CUST0180,Consumer,Central,USB-C Hub,Electronics,1299,2,10.0,2598,2338.2,1766.64,571.56
101759,2023-09-17,CUST0274,Corporate,Central,Water Bottle,Accessories,349,1,0.0,349,349.0,191.95,157.05
101760,2023-09-17,CUST0154,Consumer,South,Photo Frame Set,Home Decor,549,1,0.0,549,549.0,274.5,274.5
101761,2023-09-17,CUST0313,Consumer,Central,Standing Desk,Furniture,14999,1,0.0,14999,14999.0,9299.38,5699.62
101762,2023-09-17,CUST0159,Consumer,North,Water Bottle,Accessories,349,1,15.0,349,296.65,191.95,104.7
101763,2023-09-17,CUST0108,Corporate,East,Wall Clock,Home Decor,749,1,0.0,749,749.0,374.5,374.5
101764,2023-09-17,CUST0357,Consumer,South,Sticky Notes Pack,Stationery,99,1,5.0,99,94.05,44.55,49.5
101765,2023-09-17,CUST0122,Corporate,West,Office Chair,Furniture,6499,1,0.0,6499,6499.0,4029.38,2469.62
101766,2023-09-18,CUST0265,Corporate,East,Backpack,Accessories,1799,1,5.0,1799,1709.05,989.45,719.6
101767,2023-09-18,CUST0114,Corporate,North,Office Chair,Furniture,6499,2,0.0,12998,12998.0,8058.76,4939.24
101768,2023-09-18,CUST0250,Corporate,East,Backpack,Accessories,1799,1,10.0,1799,1619.1,989.45,629.65
101769,2023-09-18,CUST0020,Consumer,South,Bluetooth Speaker,Electronics,1999,1,0.0,1999,1999.0,1359.32,639.68
101770,2023-09-18,CUST0037,Consumer,Central,Bluetooth Speaker,Electronics,1999,2,10.0,3998,3598.2,2718.64,879.56
101771,2023-09-18,CUST0381,Consumer,South,USB-C Hub,Electronics,1299,1,0.0,1299,1299.0,883.32,415.68
101772,2023-09-19,CUST0150,Consumer,East,Sticky Notes Pack,Stationery,99,1,0.0,99,99.0,44.55,54.45
101773,2023-09-19,CUST0115,Small Business,North,Wall Clock,Home Decor,749,1,0.0,749,749.0,374.5,374.5
101774,2023-09-19,CUST0154,Consumer,South,Mechanical Keyboard,Electronics,2499,1,0.0,2499,2499.0,1699.32,799.68
101775,2023-09-19,CUST0252,Consumer,North,Notebook Set,Stationery,199,1,10.0,199,179.1,89.55,89.55
101776,2023-09-19,CUST0058,Consumer,Central,Whiteboard,Stationery,1499,2,0.0,2998,2998.0,1349.1,1648.9
101777,2023-09-20,CUST0336,Consumer,South,USB-C Hub,Electronics,1299,2,0.0,2598,2598.0,1766.64,831.36
101778,2023-09-20,CUST0359,Enterprise,West,Bookshelf,Furniture,3499,1,0.0,3499,3499.0,2169.38,1329.62
101779,2023-09-20,CUST0398,Consumer,North,Bluetooth Speaker,Electronics,1999,1,0.0,1999,1999.0,1359.32,639.68
101780,2023-09-20,CUST0260,Consumer,Central,Backpack,Accessories,1799,3,0.0,5397,5397.0,2968.35,2428.65
101781,2023-09-21,CUST0108,Corporate,East,Standing Desk,Furniture,14999,1,20.0,14999,11999.2,9299.38,2699.82
101782,2023-09-21,CUST0329,Consumer,Central,27in Monitor,Electronics,12999,1,5.0,12999,12349.05,8839.32,3509.73
101783,2023-09-21,CUST0326,Small Business,South,Photo Frame Set,Home Decor,549,1,10.0,549,494.1,274.5,219.6
101784,2023-09-21,CUST0059,Consumer,Central,Backpack,Accessories,1799,1,10.0,1799,1619.1,989.45,629.65
101785,2023-09-21,CUST0400,Corporate,North,Table Lamp,Furniture,899,1,0.0,899,899.0,557.38,341.62
101786,2023-09-21,CUST0388,Consumer,North,Bluetooth Speaker,Electronics,1999,2,0.0,3998,3998.0,2718.64,1279.36
101787,2023-09-21,CUST0337,Corporate,North,Sticky Notes Pack,Stationery,99,1,0.0,99,99.0,44.55,54.45
101788,2023-09-21,CUST0221,Small Business,South,Wireless Mouse,Electronics,599,1,0.0,599,599.0,407.32,191.68
101789,2023-09-21,CUST0099,Consumer,Central,Wall Clock,Home Decor,749,1,0.0,749,749.0,374.5,374.5
101790,2023-09-22,CUST0371,Consumer,Central,Bookshelf,Furniture,3499,1,10.0,3499,3149.1,2169.38,979.72
101791,2023-09-22,CUST0092,Small Business,West,Wall Clock,Home Decor,749,1,5.0,749,711.55,374.5,337.05
101792,2023-09-22,CUST0281,Corporate,Central,Backpack,Accessories,1799,1,15.0,1799,1529.15,989.45,539.7
101793,2023-09-22,CUST0390,Corporate,South,Backpack,Accessories,1799,3,5.0,5397,5127.15,2968.35,2158.8
101794,2023-09-23,CUST0170,Small Business,Central,Office Chair,Furniture,6499,2,10.0,12998,11698.2,8058.76,3639.44
101795,2023-09-23,CUST0231,Corporate,South,Water Bottle,Accessories,349,2,10.0,698,628.2,383.9,244.3
101796,2023-09-23,CUST0053,Enterprise,South,Bluetooth Speaker,Electronics,1999,1,0.0,1999,1999.0,1359.32,639.68
101797,2023-09-23,CUST0385,Small Business,Central,Whiteboard,Stationery,1499,1,20.0,1499,1199.2,674.55,524.65
101798,2023-09-23,CUST0215,Small Business,Central,USB-C Hub,Electronics,1299,2,15.0,2598,2208.3,1766.64,441.66
101799,2023-09-23,CUST0252,Consumer,North,Wall Clock,Home Decor,749,1,0.0,749,749.0,374.5,374.5
101800,2023-09-24,CUST0257,Enterprise,East,Photo Frame Set,Home Decor,549,1,5.0,549,521.55,274.5,247.05
101801,2023-09-24,CUST0008,Corporate,East,Bluetooth Speaker,Electronics,1999,1,0.0,1999,1999.0,1359.32,639.68
101802,2023-09-24,CUST0206,Consumer,South,Sticky Notes Pack,Stationery,99,1,0.0,99,99.0,44.55,54.45
101803,2023-09-24,CUST0212,Small Business,North,Wall Clock,Home Decor,749,1,0.0,749,749.0,374.5,374.5
101804,2023-09-24,CUST0045,Consumer,South,Bluetooth Speaker,Electronics,1999,1,0.0,1999,1999.0,1359.32,639.68
101805,2023-09-24,CUST0044,Corporate,North,Backpack,Accessories,1799,1,0.0,1799,1799.0,989.45,809.55
101806,2023-09-24,CUST0176,Consumer,Central,Bookshelf,Furniture,3499,1,5.0,3499,3324.05,2169.38,1154.67
101807,2023-09-24,CUST0207,Consumer,West,Standing Desk,Furniture,14999,1,5.0,14999,14249.05,9299.38,4949.67
101808,2023-09-24,CUST0141,Enterprise,Central,Standing Desk,Furniture,14999,3,0.0,44997,44997.0,27898.14,17098.86
101809,2023-09-25,CUST0175,Small Business,North,Whiteboard,Stationery,1499,1,0.0,1499,1499.0,674.55,824.45
101810,2023-09-25,CUST0300,Consumer,Central,Wireless Mouse,Electronics,599,1,0.0,599,599.0,407.32,191.68
101811,2023-09-25,CUST0192,Corporate,North,Backpack,Accessories,1799,2,5.0,3598,3418.1,1978.9,1439.2
101812,2023-09-25,CUST0278,Small Business,South,Notebook Set,Stationery,199,1,5.0,199,189.05,89.55,99.5
101813,2023-09-25,CUST0029,Small Business,West,Wall Clock,Home Decor,749,1,0.0,749,749.0,374.5,374.5
101814,2023-09-25,CUST0024,Consumer,West,Table Lamp,Furniture,899,3,5.0,2697,2562.15,1672.14,890.01
101815,2023-09-25,CUST0357,Consumer,South,Sticky Notes Pack,Stationery,99,1,0.0,99,99.0,44.55,54.45
101816,2023-09-25,CUST0378,Consumer,North,Water Bottle,Accessories,349,1,10.0,349,314.1,191.95,122.15
101817,2023-09-25,CUST0245,Consumer,Central,Bookshelf,Furniture,3499,3,0.0,10497,10497.0,6508.14,3988.86
101818,2023-09-25,CUST0162,Small Business,North,27in Monitor,Electronics,12999,4,0.0,51996,51996.0,35357.28,16638.72
101819,2023-09-26,CUST0246,Corporate,South,Notebook Set,Stationery,199,1,5.0,199,189.05,89.55,99.5
101820,2023-09-26,CUST0273,Corporate,North,Backpack,Accessories,1799,1,15.0,1799,1529.15,989.45,539.7
101821,2023-09-26,CUST0337,Corporate,North,Backpack,Accessories,1799,1,5.0,1799,1709.05,989.45,719.6
101822,2023-09-26,CUST0327,Small Business,East,Bookshelf,Furniture,3499,1,0.0,3499,3499.0,2169.38,1329.62
101823,2023-09-27,CUST0008,Corporate,East,Notebook Set,Stationery,199,1,5.0,199,189.05,89.55,99.5
101824,2023-09-27,CUST0149,Consumer,South,Wall Clock,Home Decor,749,1,15.0,749,636.65,374.5,262.15
101825,2023-09-27,CUST0043,Consumer,West,Bluetooth Speaker,Electronics,1999,2,0.0,3998,3998.0,2718.64,1279.36
101826,2023-09-27,CUST0092,Small Business,West,Wall Clock,Home Decor,749,1,10.0,749,674.1,374.5,299.6
101827,2023-09-27,CUST0034,Enterprise,South,27in Monitor,Electronics,12999,2,0.0,25998,25998.0,17678.64,8319.36
101828,2023-09-27,CUST0286,Consumer,North,Bluetooth Speaker,Electronics,1999,2,0.0,3998,3998.0,2718.64,1279.36
101829,2023-09-27,CUST0038,Consumer,East,27in Monitor,Electronics,12999,2,10.0,25998,23398.2,17678.64,5719.56
101830,2023-09-27,CUST0396,Enterprise,South,Standing Desk,Furniture,14999,1,20.0,14999,11999.2,9299.38,2699.82
101831,2023-09-28,CUST0063,Corporate,West,Notebook Set,Stationery,199,1,0.0,199,199.0,89.55,109.45
101832,2023-09-28,CUST0309,Corporate,South,Table Lamp,Furniture,899,1,20.0,899,719.2,557.38,161.82
101833,2023-09-28,CUST0120,Small Business,West,Table Lamp,Furniture,899,2,0.0,1798,1798.0,1114.76,683.24
101834,2023-09-28,CUST0260,Consumer,Central,Bluetooth Speaker,Electronics,1999,2,0.0,3998,3998.0,2718.64,1279.36
101835,2023-09-28,CUST0220,Corporate,South,Table Lamp,Furniture,899,1,0.0,899,899.0,557.38,341.62
101836,2023-09-29,CUST0393,Consumer,West,Bluetooth Speaker,Electronics,1999,1,0.0,1999,1999.0,1359.32,639.68
101837,2023-09-29,CUST0131,Consumer,South,USB-C Hub,Electronics,1299,2,0.0,2598,2598.0,1766.64,831.36
101838,2023-09-29,CUST0063,Corporate,West,Wireless Mouse,Electronics,599,1,5.0,599,569.05,407.32,161.73
101839,2023-09-29,CUST0325,Enterprise,West,Table Lamp,Furniture,899,1,0.0,899,899.0,557.38,341.62
101840,2023-09-29,CUST0259,Small Business,East,Sticky Notes Pack,Stationery,99,2,0.0,198,198.0,89.1,108.9
101841,2023-09-30,CUST0374,Small Business,East,Wireless Mouse,Electronics,599,1,0.0,599,599.0,407.32,191.68
101842,2023-09-30,CUST0282,Consumer,East,Bluetooth Speaker,Electronics,1999,2,0.0,3998,3998.0,2718.64,1279.36
101843,2023-09-30,CUST0217,Consumer,East,Sticky Notes Pack,Stationery,99,1,5.0,99,94.05,44.55,49.5
101844,2023-10-01,CUST0105,Corporate,West,27in Monitor,Electronics,12999,1,15.0,12999,11049.15,8839.32,2209.83
101845,2023-10-01,CUST0258,Small Business,East,Wireless Mouse,Electronics,599,1,0.0,599,599.0,407.32,191.68
101846,2023-10-01,CUST0140,Enterprise,North,Bookshelf,Furniture,3499,2,0.0,6998,6998.0,4338.76,2659.24
101847,2023-10-01,CUST0253,Corporate,East,Water Bottle,Accessories,349,4,0.0,1396,1396.0,767.8,628.2
101848,2023-10-01,CUST0259,Small Business,East,Table Lamp,Furniture,899,2,0.0,1798,1798.0,1114.76,683.24
101849,2023-10-01,CUST0096,Consumer,Central,Mechanical Keyboard,Electronics,2499,1,10.0,2499,2249.1,1699.32,549.78
101850,2023-10-01,CUST0275,Small Business,North,Standing Desk,Furniture,14999,1,0.0,14999,14999.0,9299.38,5699.62
101851,2023-10-01,CUST0166,Corporate,North,Backpack,Accessories,1799,1,0.0,1799,1799.0,989.45,809.55
101852,2023-10-01,CUST0128,Corporate,South,Whiteboard,Stationery,1499,2,0.0,2998,2998.0,1349.1,1648.9
101853,2023-10-01,CUST0395,Consumer,Central,Wall Clock,Home Decor,749,1,10.0,749,674.1,374.5,299.6
101854,2023-10-02,CUST0044,Corporate,North,Whiteboard,Stationery,1499,1,0.0,1499,1499.0,674.55,824.45
101855,2023-10-02,CUST0226,Consumer,South,Water Bottle,Accessories,349,1,0.0,349,349.0,191.95,157.05
101856,2023-10-02,CUST0372,Consumer,South,Photo Frame Set,Home Decor,549,1,0.0,549,549.0,274.5,274.5
101857,2023-10-02,CUST0194,Small Business,Central,Backpack,Accessories,1799,1,0.0,1799,1799.0,989.45,809.55
101858,2023-10-02,CUST0243,Corporate,Central,Whiteboard,Stationery,1499,1,0.0,1499,1499.0,674.55,824.45
101859,2023-10-02,CUST0029,Small Business,West,Office Chair,Furniture,6499,1,0.0,6499,6499.0,4029.38,2469.62
101860,2023-10-02,CUST0028,Small Business,Central,Water Bottle,Accessories,349,1,0.0,349,349.0,191.95,157.05
101861,2023-10-02,CUST0322,Small Business,Central,Standing Desk,Furniture,14999,1,0.0,14999,14999.0,9299.38,5699.62
101862,2023-10-03,CUST0396,Enterprise,South,Wireless Mouse,Electronics,599,1,0.0,599,599.0,407.32,191.68
101863,2023-10-03,CUST0090,Consumer,West,Office Chair,Furniture,6499,3,0.0,19497,19497.0,12088.14,7408.86
101864,2023-10-03,CUST0332,Corporate,South,27in Monitor,Electronics,12999,1,15.0,12999,11049.15,8839.32,2209.83
101865,2023-10-03,CUST0086,Consumer,North,Notebook Set,Stationery,199,1,0.0,199,199.0,89.55,109.45
101866,2023-10-03,CUST0108,Corporate,East,Office Chair,Furniture,6499,1,5.0,6499,6174.05,4029.38,2144.67
101867,2023-10-03,CUST0086,Consumer,North,Wall Clock,Home Decor,749,1,5.0,749,711.55,374.5,337.05
101868,2023-10-03,CUST0364,Small Business,North,Mechanical Keyboard,Electronics,2499,1,5.0,2499,2374.05,1699.32,674.73
101869,2023-10-03,CUST0227,Enterprise,West,Bluetooth Speaker,Electronics,1999,2,10.0,3998,3598.2,2718.64,879.56
101870,2023-10-03,CUST0044,Corporate,North,Wireless Mouse,Electronics,599,1,10.0,599,539.1,407.32,131.78
101871,2023-10-03,CUST0292,Consumer,North,Table Lamp,Furniture,899,1,5.0,899,854.05,557.38,296.67
101872,2023-10-03,CUST0364,Small Business,North,Wall Clock,Home Decor,749,1,10.0,749,674.1,374.5,299.6
101873,2023-10-03,CUST0307,Small Business,Central,Sticky Notes Pack,Stationery,99,1,0.0,99,99.0,44.55,54.45
101874,2023-10-03,CUST0188,Small Business,East,Bookshelf,Furniture,3499,1,0.0,3499,3499.0,2169.38,1329.62
101875,2023-10-03,CUST0256,Small Business,North,Notebook Set,Stationery,199,1,20.0,199,159.2,89.55,69.65
101876,2023-10-03,CUST0071,Corporate,Central,Table Lamp,Furniture,899,1,0.0,899,899.0,557.38,341.62
101877,2023-10-04,CUST0308,Consumer,South,Table Lamp,Furniture,899,2,0.0,1798,1798.0,1114.76,683.24
101878,2023-10-04,CUST0175,Small Business,North,Table Lamp,Furniture,899,2,5.0,1798,1708.1,1114.76,593.34
101879,2023-10-04,CUST0334,Consumer,West,Photo Frame Set,Home Decor,549,2,0.0,1098,1098.0,549.0,549.0
101880,2023-10-04,CUST0102,Small Business,Central,USB-C Hub,Electronics,1299,1,0.0,1299,1299.0,883.32,415.68
101881,2023-10-04,CUST0047,Consumer,West,Photo Frame Set,Home Decor,549,1,10.0,549,494.1,274.5,219.6
101882,2023-10-04,CUST0377,Corporate,West,Wall Clock,Home Decor,749,1,0.0,749,749.0,374.5,374.5
101883,2023-10-04,CUST0257,Enterprise,East,Bluetooth Speaker,Electronics,1999,1,0.0,1999,1999.0,1359.32,639.68
101884,2023-10-05,CUST0362,Small Business,North,Water Bottle,Accessories,349,2,0.0,698,698.0,383.9,314.1
101885,2023-10-05,CUST0365,Enterprise,South,Bluetooth Speaker,Electronics,1999,1,0.0,1999,1999.0,1359.32,639.68
101886,2023-10-05,CUST0117,Corporate,East,Standing Desk,Furniture,14999,1,0.0,14999,14999.0,9299.38,5699.62
101887,2023-10-05,CUST0352,Corporate,North,USB-C Hub,Electronics,1299,1,20.0,1299,1039.2,883.32,155.88
101888,2023-10-05,CUST0358,Small Business,West,Photo Frame Set,Home Decor,549,1,0.0,549,549.0,274.5,274.5
101889,2023-10-05,CUST0112,Consumer,South,27in Monitor,Electronics,12999,1,0.0,12999,12999.0,8839.32,4159.68
101890,2023-10-05,CUST0001,Consumer,North,Mechanical Keyboard,Electronics,2499,1,5.0,2499,2374.05,1699.32,674.73
101891,2023-10-05,CUST0232,Small Business,East,Sticky Notes Pack,Stationery,99,1,0.0,99,99.0,44.55,54.45
101892,2023-10-05,CUST0110,Consumer,West,Office Chair,Furniture,6499,2,0.0,12998,12998.0,8058.76,4939.24
101893,2023-10-06,CUST0289,Consumer,North,Sticky Notes Pack,Stationery,99,1,0.0,99,99.0,44.55,54.45
101894,2023-10-06,CUST0007,Consumer,East,Wall Clock,Home Decor,749,1,0.0,749,749.0,374.5,374.5
101895,2023-10-06,CUST0024,Consumer,West,Backpack,Accessories,1799,4,0.0,7196,7196.0,3957.8,3238.2
101896,2023-10-06,CUST0215,Small Business,Central,Bookshelf,Furniture,3499,2,0.0,6998,6998.0,4338.76,2659.24
101897,2023-10-06,CUST0288,Small Business,Central,Whiteboard,Stationery,1499,1,0.0,1499,1499.0,674.55,824.45
101898,2023-10-06,CUST0309,Corporate,South,Wireless Mouse,Electronics,599,1,0.0,599,599.0,407.32,191.68
101899,2023-10-07,CUST0365,Enterprise,South,Wall Clock,Home Decor,749,1,0.0,749,749.0,374.5,374.5
101900,2023-10-07,CUST0104,Small Business,East,Bluetooth Speaker,Electronics,1999,2,0.0,3998,3998.0,2718.64,1279.36
101901,2023-10-07,CUST0141,Enterprise,Central,27in Monitor,Electronics,12999,2,0.0,25998,25998.0,17678.64,8319.36
101902,2023-10-07,CUST0194,Small Business,Central,Table Lamp,Furniture,899,1,5.0,899,854.05,557.38,296.67
101903,2023-10-07,CUST0170,Small Business,Central,USB-C Hub,Electronics,1299,1,0.0,1299,1299.0,883.32,415.68
101904,2023-10-07,CUST0266,Small Business,Central,Bluetooth Speaker,Electronics,1999,2,0.0,3998,3998.0,2718.64,1279.36
101905,2023-10-07,CUST0145,Consumer,Central,Standing Desk,Furniture,14999,1,0.0,14999,14999.0,9299.38,5699.62
101906,2023-10-07,CUST0392,Consumer,South,Water Bottle,Accessories,349,1,0.0,349,349.0,191.95,157.05
101907,2023-10-07,CUST0233,Small Business,North,Sticky Notes Pack,Stationery,99,1,0.0,99,99.0,44.55,54.45
101908,2023-10-07,CUST0232,Small Business,East,Notebook Set,Stationery,199,2,10.0,398,358.2,179.1,179.1
101909,2023-10-07,CUST0014,Consumer,East,Whiteboard,Stationery,1499,2,0.0,2998,2998.0,1349.1,1648.9
101910,2023-10-07,CUST0381,Consumer,South,Sticky Notes Pack,Stationery,99,1,0.0,99,99.0,44.55,54.45
101911,2023-10-07,CUST0333,Consumer,North,Wall Clock,Home Decor,749,1,0.0,749,749.0,374.5,374.5
101912,2023-10-07,CUST0331,Consumer,West,Standing Desk,Furniture,14999,1,0.0,14999,14999.0,9299.38,5699.62
101913,2023-10-07,CUST0234,Consumer,Central,Wall Clock,Home Decor,749,2,0.0,1498,1498.0,749.0,749.0
101914,2023-10-08,CUST0016,Consumer,North,Wall Clock,Home Decor,749,1,0.0,749,749.0,374.5,374.5
101915,2023-10-08,CUST0108,Corporate,East,Office Chair,Furniture,6499,1,0.0,6499,6499.0,4029.38,2469.62
101916,2023-10-08,CUST0196,Consumer,West,Photo Frame Set,Home Decor,549,1,0.0,549,549.0,274.5,274.5
101917,2023-10-08,CUST0032,Consumer,Central,Bookshelf,Furniture,3499,1,0.0,3499,3499.0,2169.38,1329.62
101918,2023-10-08,CUST0361,Consumer,West,Wall Clock,Home Decor,749,1,15.0,749,636.65,374.5,262.15
101919,2023-10-08,CUST0311,Consumer,East,Bluetooth Speaker,Electronics,1999,1,0.0,1999,1999.0,1359.32,639.68
101920,2023-10-08,CUST0251,Consumer,East,Water Bottle,Accessories,349,1,0.0,349,349.0,191.95,157.05
101921,2023-10-08,CUST0379,Corporate,West,Photo Frame Set,Home Decor,549,2,5.0,1098,1043.1,549.0,494.1
101922,2023-10-08,CUST0041,Consumer,East,Sticky Notes Pack,Stationery,99,1,0.0,99,99.0,44.55,54.45
101923,2023-10-08,CUST0360,Small Business,East,Standing Desk,Furniture,14999,1,10.0,14999,13499.1,9299.38,4199.72
101924,2023-10-08,CUST0104,Small Business,East,Photo Frame Set,Home Decor,549,2,0.0,1098,1098.0,549.0,549.0
101925,2023-10-08,CUST0268,Small Business,South,Backpack,Accessories,1799,1,0.0,1799,1799.0,989.45,809.55
101926,2023-10-08,CUST0089,Corporate,Central,Photo Frame Set,Home Decor,549,1,0.0,549,549.0,274.5,274.5
101927,2023-10-08,CUST0166,Corporate,North,Photo Frame Set,Home Decor,549,2,0.0,1098,1098.0,549.0,549.0
101928,2023-10-08,CUST0134,Consumer,Central,Water Bottle,Accessories,349,2,0.0,698,698.0,383.9,314.1
101929,2023-10-08,CUST0396,Enterprise,South,Whiteboard,Stationery,1499,1,5.0,1499,1424.05,674.55,749.5
101930,2023-10-08,CUST0063,Corporate,West,Office Chair,Furniture,6499,1,0.0,6499,6499.0,4029.38,2469.62
101931,2023-10-08,CUST0040,Consumer,East,27in Monitor,Electronics,12999,1,5.0,12999,12349.05,8839.32,3509.73
101932,2023-10-08,CUST0034,Enterprise,South,Wireless Mouse,Electronics,599,2,20.0,1198,958.4,814.64,143.76
101933,2023-10-09,CUST0263,Consumer,South,Mechanical Keyboard,Electronics,2499,2,10.0,4998,4498.2,3398.64,1099.56
101934,2023-10-09,CUST0170,Small Business,Central,Mechanical Keyboard,Electronics,2499,1,0.0,2499,2499.0,1699.32,799.68
101935,2023-10-09,CUST0343,Consumer,East,Notebook Set,Stationery,199,2,0.0,398,398.0,179.1,218.9
101936,2023-10-09,CUST0201,Small Business,South,Whiteboard,Stationery,1499,1,15.0,1499,1274.15,674.55,599.6
101937,2023-10-09,CUST0125,Consumer,South,Table Lamp,Furniture,899,2,0.0,1798,1798.0,1114.76,683.24
101938,2023-10-09,CUST0166,Corporate,North,Photo Frame Set,Home Decor,549,1,0.0,549,549.0,274.5,274.5
101939,2023-10-09,CUST0221,Small Business,South,27in Monitor,Electronics,12999,1,0.0,12999,12999.0,8839.32,4159.68
101940,2023-10-09,CUST0020,Consumer,South,Backpack,Accessories,1799,1,5.0,1799,1709.05,989.45,719.6
101941,2023-10-09,CUST0077,Corporate,East,Sticky Notes Pack,Stationery,99,1,0.0,99,99.0,44.55,54.45
101942,2023-10-09,CUST0201,Small Business,South,Whiteboard,Stationery,1499,1,0.0,1499,1499.0,674.55,824.45
101943,2023-10-10,CUST0132,Consumer,West,Backpack,Accessories,1799,1,0.0,1799,1799.0,989.45,809.55
101944,2023-10-10,CUST0341,Consumer,South,Sticky Notes Pack,Stationery,99,2,0.0,198,198.0,89.1,108.9
101945,2023-10-10,CUST0058,Consumer,Central,27in Monitor,Electronics,12999,1,0.0,12999,12999.0,8839.32,4159.68
101946,2023-10-10,CUST0061,Consumer,Central,Sticky Notes Pack,Stationery,99,1,10.0,99,89.1,44.55,44.55
101947,2023-10-10,CUST0017,Consumer,West,Office Chair,Furniture,6499,1,0.0,6499,6499.0,4029.38,2469.62
101948,2023-10-10,CUST0315,Corporate,South,Table Lamp,Furniture,899,1,5.0,899,854.05,557.38,296.67
101949,2023-10-10,CUST0206,Consumer,South,Bookshelf,Furniture,3499,1,5.0,3499,3324.05,2169.38,1154.67
101950,2023-10-10,CUST0269,Consumer,West,Wireless Mouse,Electronics,599,1,5.0,599,569.05,407.32,161.73
101951,2023-10-11,CUST0253,Corporate,East,Photo Frame Set,Home Decor,549,1,0.0,549,549.0,274.5,274.5
101952,2023-10-11,CUST0246,Corporate,South,Notebook Set,Stationery,199,1,0.0,199,199.0,89.55,109.45
101953,2023-10-11,CUST0237,Consumer,South,Notebook Set,Stationery,199,1,0.0,199,199.0,89.55,109.45
101954,2023-10-11,CUST0397,Corporate,West,Office Chair,Furniture,6499,1,20.0,6499,5199.2,4029.38,1169.82
101955,2023-10-11,CUST0264,Small Business,East,Water Bottle,Accessories,349,1,0.0,349,349.0,191.95,157.05
101956,2023-10-11,CUST0172,Consumer,South,Photo Frame Set,Home Decor,549,1,0.0,549,549.0,274.5,274.5
101957,2023-10-11,CUST0350,Small Business,West,Bluetooth Speaker,Electronics,1999,1,20.0,1999,1599.2,1359.32,239.88
101958,2023-10-11,CUST0138,Small Business,North,Bookshelf,Furniture,3499,1,0.0,3499,3499.0,2169.38,1329.62
101959,2023-10-11,CUST0168,Consumer,East,Office Chair,Furniture,6499,1,15.0,6499,5524.15,4029.38,1494.77
101960,2023-10-11,CUST0352,Corporate,North,Mechanical Keyboard,Electronics,2499,1,0.0,2499,2499.0,1699.32,799.68
101961,2023-10-11,CUST0099,Consumer,Central,Standing Desk,Furniture,14999,2,10.0,29998,26998.2,18598.76,8399.44
101962,2023-10-12,CUST0209,Consumer,West,Mechanical Keyboard,Electronics,2499,2,0.0,4998,4998.0,3398.64,1599.36
101963,2023-10-12,CUST0371,Consumer,Central,Office Chair,Furniture,6499,1,5.0,6499,6174.05,4029.38,2144.67
101964,2023-10-12,CUST0268,Small Business,South,Photo Frame Set,Home Decor,549,2,5.0,1098,1043.1,549.0,494.1
101965,2023-10-12,CUST0141,Enterprise,Central,Table Lamp,Furniture,899,1,0.0,899,899.0,557.38,341.62
101966,2023-10-12,CUST0227,Enterprise,West,Mechanical Keyboard,Electronics,2499,2,0.0,4998,4998.0,3398.64,1599.36
101967,2023-10-12,CUST0377,Corporate,West,Bluetooth Speaker,Electronics,1999,1,20.0,1999,1599.2,1359.32,239.88
101968,2023-10-12,CUST0243,Corporate,Central,Photo Frame Set,Home Decor,549,1,0.0,549,549.0,274.5,274.5
101969,2023-10-13,CUST0351,Small Business,East,Sticky Notes Pack,Stationery,99,1,5.0,99,94.05,44.55,49.5
101970,2023-10-13,CUST0002,Enterprise,North,Office Chair,Furniture,6499,3,5.0,19497,18522.15,12088.14,6434.01
101971,2023-10-13,CUST0069,Consumer,West,Office Chair,Furniture,6499,1,0.0,6499,6499.0,4029.38,2469.62
101972,2023-10-13,CUST0093,Corporate,North,Mechanical Keyboard,Electronics,2499,2,0.0,4998,4998.0,3398.64,1599.36
101973,2023-10-13,CUST0321,Small Business,North,Photo Frame Set,Home Decor,549,1,0.0,549,549.0,274.5,274.5
101974,2023-10-13,CUST0136,Consumer,West,Sticky Notes Pack,Stationery,99,1,0.0,99,99.0,44.55,54.45
101975,2023-10-13,CUST0222,Small Business,South,Backpack,Accessories,1799,1,10.0,1799,1619.1,989.45,629.65
101976,2023-10-13,CUST0166,Corporate,North,Photo Frame Set,Home Decor,549,3,0.0,1647,1647.0,823.5,823.5
101977,2023-10-13,CUST0346,Small Business,North,Whiteboard,Stationery,1499,2,15.0,2998,2548.3,1349.1,1199.2
101978,2023-10-14,CUST0308,Consumer,South,Standing Desk,Furniture,14999,1,0.0,14999,14999.0,9299.38,5699.62
101979,2023-10-14,CUST0154,Consumer,South,Whiteboard,Stationery,1499,1,5.0,1499,1424.05,674.55,749.5
101980,2023-10-14,CUST0360,Small Business,East,Whiteboard,Stationery,1499,1,0.0,1499,1499.0,674.55,824.45
101981,2023-10-14,CUST0370,Consumer,West,Bluetooth Speaker,Electronics,1999,1,0.0,1999,1999.0,1359.32,639.68
101982,2023-10-14,CUST0095,Corporate,North,Bookshelf,Furniture,3499,1,0.0,3499,3499.0,2169.38,1329.62
101983,2023-10-14,CUST0322,Small Business,Central,Mechanical Keyboard,Electronics,2499,2,0.0,4998,4998.0,3398.64,1599.36
101984,2023-10-14,CUST0042,Consumer,South,Mechanical Keyboard,Electronics,2499,2,0.0,4998,4998.0,3398.64,1599.36
101985,2023-10-14,CUST0331,Consumer,West,Sticky Notes Pack,Stationery,99,1,0.0,99,99.0,44.55,54.45
101986,2023-10-14,CUST0305,Small Business,East,Table Lamp,Furniture,899,1,0.0,899,899.0,557.38,341.62
101987,2023-10-14,CUST0275,Small Business,North,Office Chair,Furniture,6499,1,0.0,6499,6499.0,4029.38,2469.62
101988,2023-10-15,CUST0107,Consumer,West,Whiteboard,Stationery,1499,1,0.0,1499,1499.0,674.55,824.45
101989,2023-10-15,CUST0135,Enterprise,North,27in Monitor,Electronics,12999,1,0.0,12999,12999.0,8839.32,4159.68
101990,2023-10-15,CUST0273,Corporate,North,Water Bottle,Accessories,349,1,0.0,349,349.0,191.95,157.05
101991,2023-10-15,CUST0399,Corporate,Central,Notebook Set,Stationery,199,2,0.0,398,398.0,179.1,218.9
101992,2023-10-15,CUST0003,Small Business,North,Photo Frame Set,Home Decor,549,1,0.0,549,549.0,274.5,274.5
101993,2023-10-15,CUST0154,Consumer,South,Office Chair,Furniture,6499,1,5.0,6499,6174.05,4029.38,2144.67
101994,2023-10-15,CUST0120,Small Business,West,Water Bottle,Accessories,349,2,0.0,698,698.0,383.9,314.1
101995,2023-10-15,CUST0257,Enterprise,East,Backpack,Accessories,1799,2,15.0,3598,3058.3,1978.9,1079.4
101996,2023-10-15,CUST0180,Consumer,Central,27in Monitor,Electronics,12999,2,0.0,25998,25998.0,17678.64,8319.36
101997,2023-10-15,CUST0155,Enterprise,South,Office Chair,Furniture,6499,2,0.0,12998,12998.0,8058.76,4939.24
101998,2023-10-15,CUST0323,Small Business,West,Photo Frame Set,Home Decor,549,1,0.0,549,549.0,274.5,274.5
101999,2023-10-15,CUST0292,Consumer,North,Wall Clock,Home Decor,749,1,0.0,749,749.0,374.5,374.5
102000,2023-10-16,CUST0024,Consumer,West,Photo Frame Set,Home Decor,549,1,0.0,549,549.0,274.5,274.5
102001,2023-10-16,CUST0109,Consumer,East,Office Chair,Furniture,6499,1,0.0,6499,6499.0,4029.38,2469.62
102002,2023-10-16,CUST0033,Consumer,Central,27in Monitor,Electronics,12999,1,10.0,12999,11699.1,8839.32,2859.78
102003,2023-10-16,CUST0147,Small Business,East,Whiteboard,Stationery,1499,1,0.0,1499,1499.0,674.55,824.45
102004,2023-10-16,CUST0396,Enterprise,South,Photo Frame Set,Home Decor,549,1,0.0,549,549.0,274.5,274.5
102005,2023-10-16,CUST0003,Small Business,North,USB-C Hub,Electronics,1299,2,0.0,2598,2598.0,1766.64,831.36
102006,2023-10-16,CUST0107,Consumer,West,USB-C Hub,Electronics,1299,1,0.0,1299,1299.0,883.32,415.68
102007,2023-10-16,CUST0380,Consumer,North,Photo Frame Set,Home Decor,549,1,0.0,549,549.0,274.5,274.5
102008,2023-10-16,CUST0013,Corporate,North,Mechanical Keyboard,Electronics,2499,2,0.0,4998,4998.0,3398.64,1599.36
102009,2023-10-16,CUST0146,Consumer,Central,Sticky Notes Pack,Stationery,99,1,0.0,99,99.0,44.55,54.45
102010,2023-10-17,CUST0120,Small Business,West,Notebook Set,Stationery,199,2,0.0,398,398.0,179.1,218.9
102011,2023-10-17,CUST0176,Consumer,Central,Whiteboard,Stationery,1499,1,0.0,1499,1499.0,674.55,824.45
102012,2023-10-17,CUST0050,Consumer,Central,Water Bottle,Accessories,349,1,0.0,349,349.0,191.95,157.05
102013,2023-10-17,CUST0016,Consumer,North,Wall Clock,Home Decor,749,1,5.0,749,711.55,374.5,337.05
102014,2023-10-17,CUST0132,Consumer,West,Table Lamp,Furniture,899,1,0.0,899,899.0,557.38,341.62
102015,2023-10-17,CUST0326,Small Business,South,Wall Clock,Home Decor,749,2,0.0,1498,1498.0,749.0,749.0
102016,2023-10-17,CUST0240,Consumer,North,Bluetooth Speaker,Electronics,1999,2,15.0,3998,3398.3,2718.64,679.66
102017,2023-10-17,CUST0036,Corporate,South,Table Lamp,Furniture,899,1,0.0,899,899.0,557.38,341.62
102018,2023-10-17,CUST0042,Consumer,South,Bookshelf,Furniture,3499,1,5.0,3499,3324.05,2169.38,1154.67
102019,2023-10-17,CUST0174,Consumer,East,Backpack,Accessories,1799,1,0.0,1799,1799.0,989.45,809.55
102020,2023-10-17,CUST0335,Consumer,East,Photo Frame Set,Home Decor,549,1,0.0,549,549.0,274.5,274.5
102021,2023-10-17,CUST0230,Small Business,West,Office Chair,Furniture,6499,1,0.0,6499,6499.0,4029.38,2469.62
102022,2023-10-17,CUST0036,Corporate,South,Wireless Mouse,Electronics,599,2,0.0,1198,1198.0,814.64,383.36
102023,2023-10-17,CUST0072,Consumer,West,Whiteboard,Stationery,1499,1,0.0,1499,1499.0,674.55,824.45
102024,2023-10-18,CUST0322,Small Business,Central,Photo Frame Set,Home Decor,549,4,0.0,2196,2196.0,1098.0,1098.0
102025,2023-10-18,CUST0081,Corporate,West,Office Chair,Furniture,6499,4,10.0,25996,23396.4,16117.52,7278.88
102026,2023-10-18,CUST0142,Consumer,West,Mechanical Keyboard,Electronics,2499,2,0.0,4998,4998.0,3398.64,1599.36
102027,2023-10-18,CUST0112,Consumer,South,Wall Clock,Home Decor,749,2,0.0,1498,1498.0,749.0,749.0
102028,2023-10-18,CUST0185,Consumer,Central,Photo Frame Set,Home Decor,549,1,5.0,549,521.55,274.5,247.05
102029,2023-10-18,CUST0117,Corporate,East,Sticky Notes Pack,Stationery,99,1,5.0,99,94.05,44.55,49.5
102030,2023-10-18,CUST0132,Consumer,West,Whiteboard,Stationery,1499,1,10.0,1499,1349.1,674.55,674.55
102031,2023-10-18,CUST0131,Consumer,South,Table Lamp,Furniture,899,1,20.0,899,719.2,557.38,161.82
102032,2023-10-18,CUST0129,Consumer,South,27in Monitor,Electronics,12999,1,0.0,12999,12999.0,8839.32,4159.68
102033,2023-10-18,CUST0368,Corporate,East,USB-C Hub,Electronics,1299,1,0.0,1299,1299.0,883.32,415.68
102034,2023-10-18,CUST0257,Enterprise,East,Standing Desk,Furniture,14999,1,5.0,14999,14249.05,9299.38,4949.67
102035,2023-10-18,CUST0187,Corporate,South,Table Lamp,Furniture,899,1,10.0,899,809.1,557.38,251.72
102036,2023-10-18,CUST0298,Consumer,West,Wireless Mouse,Electronics,599,1,10.0,599,539.1,407.32,131.78
102037,2023-10-18,CUST0341,Consumer,South,Office Chair,Furniture,6499,1,0.0,6499,6499.0,4029.38,2469.62
102038,2023-10-18,CUST0367,Enterprise,South,USB-C Hub,Electronics,1299,2,0.0,2598,2598.0,1766.64,831.36
102039,2023-10-19,CUST0155,Enterprise,South,USB-C Hub,Electronics,1299,4,5.0,5196,4936.2,3533.28,1402.92
102040,2023-10-19,CUST0071,Corporate,Central,Standing Desk,Furniture,14999,2,15.0,29998,25498.3,18598.76,6899.54
102041,2023-10-19,CUST0138,Small Business,North,USB-C Hub,Electronics,1299,1,0.0,1299,1299.0,883.32,415.68
102042,2023-10-19,CUST0101,Consumer,Central,Water Bottle,Accessories,349,2,0.0,698,698.0,383.9,314.1
102043,2023-10-19,CUST0214,Consumer,Central,Bookshelf,Furniture,3499,1,5.0,3499,3324.05,2169.38,1154.67
102044,2023-10-19,CUST0369,Consumer,Central,Office Chair,Furniture,6499,1,0.0,6499,6499.0,4029.38,2469.62
102045,2023-10-19,CUST0259,Small Business,East,USB-C Hub,Electronics,1299,1,0.0,1299,1299.0,883.32,415.68
102046,2023-10-19,CUST0138,Small Business,North,Wireless Mouse,Electronics,599,1,0.0,599,599.0,407.32,191.68
102047,2023-10-19,CUST0356,Small Business,West,Wireless Mouse,Electronics,599,1,0.0,599,599.0,407.32,191.68
102048,2023-10-19,CUST0310,Consumer,East,Table Lamp,Furniture,899,1,5.0,899,854.05,557.38,296.67
102049,2023-10-19,CUST0135,Enterprise,North,Notebook Set,Stationery,199,1,0.0,199,199.0,89.55,109.45
102050,2023-10-20,CUST0185,Consumer,Central,Table Lamp,Furniture,899,1,0.0,899,899.0,557.38,341.62
102051,2023-10-20,CUST0342,Consumer,East,Backpack,Accessories,1799,2,0.0,3598,3598.0,1978.9,1619.1
102052,2023-10-20,CUST0304,Small Business,East,Office Chair,Furniture,6499,1,0.0,6499,6499.0,4029.38,2469.62
102053,2023-10-20,CUST0334,Consumer,West,Wall Clock,Home Decor,749,1,20.0,749,599.2,374.5,224.7
102054,2023-10-20,CUST0303,Small Business,East,Backpack,Accessories,1799,1,0.0,1799,1799.0,989.45,809.55
102055,2023-10-20,CUST0181,Consumer,East,Mechanical Keyboard,Electronics,2499,1,5.0,2499,2374.05,1699.32,674.73
102056,2023-10-20,CUST0168,Consumer,East,Bookshelf,Furniture,3499,1,0.0,3499,3499.0,2169.38,1329.62
102057,2023-10-20,CUST0253,Corporate,East,Bookshelf,Furniture,3499,1,0.0,3499,3499.0,2169.38,1329.62
102058,2023-10-20,CUST0219,Small Business,West,Bluetooth Speaker,Electronics,1999,1,0.0,1999,1999.0,1359.32,639.68
102059,2023-10-20,CUST0036,Corporate,South,Notebook Set,Stationery,199,2,0.0,398,398.0,179.1,218.9
102060,2023-10-20,CUST0009,Small Business,North,27in Monitor,Electronics,12999,2,5.0,25998,24698.1,17678.64,7019.46
102061,2023-10-20,CUST0237,Consumer,South,Bluetooth Speaker,Electronics,1999,1,0.0,1999,1999.0,1359.32,639.68
102062,2023-10-20,CUST0304,Small Business,East,Bookshelf,Furniture,3499,2,0.0,6998,6998.0,4338.76,2659.24
102063,2023-10-20,CUST0107,Consumer,West,Office Chair,Furniture,6499,2,20.0,12998,10398.4,8058.76,2339.64
102064,2023-10-20,CUST0065,Consumer,North,USB-C Hub,Electronics,1299,1,0.0,1299,1299.0,883.32,415.68
102065,2023-10-21,CUST0329,Consumer,Central,Notebook Set,Stationery,199,2,10.0,398,358.2,179.1,179.1
102066,2023-10-21,CUST0367,Enterprise,South,Standing Desk,Furniture,14999,1,0.0,14999,14999.0,9299.38,5699.62
102067,2023-10-21,CUST0309,Corporate,South,Photo Frame Set,Home Decor,549,1,0.0,549,549.0,274.5,274.5
102068,2023-10-21,CUST0239,Small Business,South,Bookshelf,Furniture,3499,1,0.0,3499,3499.0,2169.38,1329.62
102069,2023-10-21,CUST0254,Consumer,West,Whiteboard,Stationery,1499,1,0.0,1499,1499.0,674.55,824.45
102070,2023-10-21,CUST0107,Consumer,West,Mechanical Keyboard,Electronics,2499,3,0.0,7497,7497.0,5097.96,2399.04
102071,2023-10-21,CUST0251,Consumer,East,Bluetooth Speaker,Electronics,1999,2,0.0,3998,3998.0,2718.64,1279.36
102072,2023-10-22,CUST0399,Corporate,Central,Office Chair,Furniture,6499,1,0.0,6499,6499.0,4029.38,2469.62
102073,2023-10-22,CUST0357,Consumer,South,Office Chair,Furniture,6499,1,15.0,6499,5524.15,4029.38,1494.77
102074,2023-10-22,CUST0255,Consumer,West,Photo Frame Set,Home Decor,549,1,10.0,549,494.1,274.5,219.6
102075,2023-10-22,CUST0084,Consumer,West,Backpack,Accessories,1799,1,5.0,1799,1709.05,989.45,719.6
102076,2023-10-22,CUST0116,Corporate,Central,Wireless Mouse,Electronics,599,1,0.0,599,599.0,407.32,191.68
102077,2023-10-22,CUST0091,Consumer,North,Standing Desk,Furniture,14999,1,0.0,14999,14999.0,9299.38,5699.62
102078,2023-10-22,CUST0204,Corporate,East,Backpack,Accessories,1799,4,0.0,7196,7196.0,3957.8,3238.2
102079,2023-10-22,CUST0057,Consumer,Central,Table Lamp,Furniture,899,2,20.0,1798,1438.4,1114.76,323.64
102080,2023-10-22,CUST0157,Small Business,Central,27in Monitor,Electronics,12999,2,0.0,25998,25998.0,17678.64,8319.36
102081,2023-10-22,CUST0075,Small Business,South,USB-C Hub,Electronics,1299,1,5.0,1299,1234.05,883.32,350.73
102082,2023-10-22,CUST0304,Small Business,East,Standing Desk,Furniture,14999,1,0.0,14999,14999.0,9299.38,5699.62
102083,2023-10-22,CUST0375,Consumer,West,Photo Frame Set,Home Decor,549,2,0.0,1098,1098.0,549.0,549.0
102084,2023-10-22,CUST0191,Consumer,North,Sticky Notes Pack,Stationery,99,1,0.0,99,99.0,44.55,54.45
102085,2023-10-22,CUST0106,Consumer,Central,Notebook Set,Stationery,199,2,0.0,398,398.0,179.1,218.9
102086,2023-10-22,CUST0146,Consumer,Central,Wireless Mouse,Electronics,599,1,15.0,599,509.15,407.32,101.83
102087,2023-10-22,CUST0093,Corporate,North,Bluetooth Speaker,Electronics,1999,1,0.0,1999,1999.0,1359.32,639.68
102088,2023-10-22,CUST0133,Consumer,West,Notebook Set,Stationery,199,2,10.0,398,358.2,179.1,179.1
102089,2023-10-22,CUST0008,Corporate,East,27in Monitor,Electronics,12999,1,0.0,12999,12999.0,8839.32,4159.68
102090,2023-10-22,CUST0091,Consumer,North,Water Bottle,Accessories,349,1,0.0,349,349.0,191.95,157.05
102091,2023-10-23,CUST0150,Consumer,East,Photo Frame Set,Home Decor,549,2,0.0,1098,1098.0,549.0,549.0
102092,2023-10-23,CUST0010,Small Business,West,Water Bottle,Accessories,349,1,15.0,349,296.65,191.95,104.7
102093,2023-10-23,CUST0134,Consumer,Central,Photo Frame Set,Home Decor,549,1,0.0,549,549.0,274.5,274.5
102094,2023-10-23,CUST0018,Small Business,West,Backpack,Accessories,1799,1,0.0,1799,1799.0,989.45,809.55
102095,2023-10-23,CUST0068,Corporate,West,Whiteboard,Stationery,1499,1,5.0,1499,1424.05,674.55,749.5
102096,2023-10-23,CUST0066,Small Business,Central,Notebook Set,Stationery,199,1,5.0,199,189.05,89.55,99.5
102097,2023-10-24,CUST0280,Corporate,South,Standing Desk,Furniture,14999,1,0.0,14999,14999.0,9299.38,5699.62
102098,2023-10-24,CUST0389,Corporate,South,Backpack,Accessories,1799,2,0.0,3598,3598.0,1978.9,1619.1
102099,2023-10-24,CUST0122,Corporate,West,27in Monitor,Electronics,12999,1,10.0,12999,11699.1,8839.32,2859.78
102100,2023-10-24,CUST0344,Consumer,Central,Backpack,Accessories,1799,1,0.0,1799,1799.0,989.45,809.55
102101,2023-10-24,CUST0193,Corporate,East,Whiteboard,Stationery,1499,2,5.0,2998,2848.1,1349.1,1499.0
102102,2023-10-24,CUST0282,Consumer,East,Water Bottle,Accessories,349,2,0.0,698,698.0,383.9,314.1
102103,2023-10-24,CUST0094,Small Business,North,Bluetooth Speaker,Electronics,1999,1,0.0,1999,1999.0,1359.32,639.68
102104,2023-10-25,CUST0045,Consumer,South,Whiteboard,Stationery,1499,1,0.0,1499,1499.0,674.55,824.45
102105,2023-10-25,CUST0205,Small Business,East,USB-C Hub,Electronics,1299,1,10.0,1299,1169.1,883.32,285.78
102106,2023-10-25,CUST0280,Corporate,South,USB-C Hub,Electronics,1299,1,5.0,1299,1234.05,883.32,350.73
102107,2023-10-25,CUST0172,Consumer,South,Mechanical Keyboard,Electronics,2499,1,0.0,2499,2499.0,1699.32,799.68
102108,2023-10-25,CUST0376,Consumer,North,Standing Desk,Furniture,14999,2,20.0,29998,23998.4,18598.76,5399.64
102109,2023-10-25,CUST0053,Enterprise,South,Backpack,Accessories,1799,1,0.0,1799,1799.0,989.45,809.55
102110,2023-10-25,CUST0176,Consumer,Central,Sticky Notes Pack,Stationery,99,1,0.0,99,99.0,44.55,54.45
102111,2023-10-25,CUST0175,Small Business,North,Notebook Set,Stationery,199,3,0.0,597,597.0,268.65,328.35
102112,2023-10-25,CUST0322,Small Business,Central,Notebook Set,Stationery,199,1,0.0,199,199.0,89.55,109.45
102113,2023-10-26,CUST0083,Consumer,West,Office Chair,Furniture,6499,1,0.0,6499,6499.0,4029.38,2469.62
102114,2023-10-26,CUST0228,Consumer,North,Bluetooth Speaker,Electronics,1999,1,15.0,1999,1699.15,1359.32,339.83
102115,2023-10-26,CUST0283,Consumer,North,Water Bottle,Accessories,349,1,0.0,349,349.0,191.95,157.05
102116,2023-10-26,CUST0397,Corporate,West,Standing Desk,Furniture,14999,1,0.0,14999,14999.0,9299.38,5699.62
102117,2023-10-26,CUST0380,Consumer,North,27in Monitor,Electronics,12999,1,0.0,12999,12999.0,8839.32,4159.68
102118,2023-10-26,CUST0224,Consumer,East,Mechanical Keyboard,Electronics,2499,1,0.0,2499,2499.0,1699.32,799.68
102119,2023-10-26,CUST0241,Enterprise,West,Notebook Set,Stationery,199,1,5.0,199,189.05,89.55,99.5
102120,2023-10-26,CUST0306,Enterprise,West,Wall Clock,Home Decor,749,2,0.0,1498,1498.0,749.0,749.0
102121,2023-10-27,CUST0018,Small Business,West,Water Bottle,Accessories,349,1,0.0,349,349.0,191.95,157.05
102122,2023-10-27,CUST0104,Small Business,East,Photo Frame Set,Home Decor,549,1,0.0,549,549.0,274.5,274.5
102123,2023-10-27,CUST0341,Consumer,South,Office Chair,Furniture,6499,2,0.0,12998,12998.0,8058.76,4939.24
102124,2023-10-27,CUST0395,Consumer,Central,Table Lamp,Furniture,899,2,0.0,1798,1798.0,1114.76,683.24
102125,2023-10-27,CUST0050,Consumer,Central,Notebook Set,Stationery,199,2,0.0,398,398.0,179.1,218.9
102126,2023-10-27,CUST0378,Consumer,North,Bluetooth Speaker,Electronics,1999,1,0.0,1999,1999.0,1359.32,639.68
102127,2023-10-27,CUST0262,Enterprise,Central,Notebook Set,Stationery,199,1,0.0,199,199.0,89.55,109.45
102128,2023-10-27,CUST0003,Small Business,North,Whiteboard,Stationery,1499,2,0.0,2998,2998.0,1349.1,1648.9
102129,2023-10-27,CUST0390,Corporate,South,Bluetooth Speaker,Electronics,1999,1,5.0,1999,1899.05,1359.32,539.73
102130,2023-10-27,CUST0329,Consumer,Central,Whiteboard,Stationery,1499,1,0.0,1499,1499.0,674.55,824.45
102131,2023-10-27,CUST0038,Consumer,East,Bookshelf,Furniture,3499,1,10.0,3499,3149.1,2169.38,979.72
102132,2023-10-27,CUST0245,Consumer,Central,Table Lamp,Furniture,899,1,5.0,899,854.05,557.38,296.67
102133,2023-10-27,CUST0334,Consumer,West,Office Chair,Furniture,6499,1,0.0,6499,6499.0,4029.38,2469.62
102134,2023-10-28,CUST0130,Small Business,West,27in Monitor,Electronics,12999,1,5.0,12999,12349.05,8839.32,3509.73
102135,2023-10-28,CUST0358,Small Business,West,27in Monitor,Electronics,12999,1,0.0,12999,12999.0,8839.32,4159.68
102136,2023-10-28,CUST0017,Consumer,West,Wireless Mouse,Electronics,599,1,0.0,599,599.0,407.32,191.68
102137,2023-10-28,CUST0059,Consumer,Central,Table Lamp,Furniture,899,1,20.0,899,719.2,557.38,161.82
102138,2023-10-28,CUST0399,Corporate,Central,Table Lamp,Furniture,899,2,0.0,1798,1798.0,1114.76,683.24
102139,2023-10-28,CUST0134,Consumer,Central,Standing Desk,Furniture,14999,2,0.0,29998,29998.0,18598.76,11399.24
102140,2023-10-28,CUST0113,Corporate,North,Bookshelf,Furniture,3499,1,0.0,3499,3499.0,2169.38,1329.62
102141,2023-10-28,CUST0120,Small Business,West,Whiteboard,Stationery,1499,2,0.0,2998,2998.0,1349.1,1648.9
102142,2023-10-28,CUST0398,Consumer,North,Bookshelf,Furniture,3499,4,0.0,13996,13996.0,8677.52,5318.48
102143,2023-10-28,CUST0356,Small Business,West,Whiteboard,Stationery,1499,1,0.0,1499,1499.0,674.55,824.45
102144,2023-10-28,CUST0109,Consumer,East,Notebook Set,Stationery,199,1,0.0,199,199.0,89.55,109.45
102145,2023-10-28,CUST0373,Consumer,West,Table Lamp,Furniture,899,1,0.0,899,899.0,557.38,341.62
102146,2023-10-28,CUST0137,Small Business,East,Wireless Mouse,Electronics,599,2,0.0,1198,1198.0,814.64,383.36
102147,2023-10-28,CUST0045,Consumer,South,Photo Frame Set,Home Decor,549,1,5.0,549,521.55,274.5,247.05
102148,2023-10-28,CUST0001,Consumer,North,Sticky Notes Pack,Stationery,99,3,0.0,297,297.0,133.65,163.35
102149,2023-10-28,CUST0164,Small Business,Central,USB-C Hub,Electronics,1299,1,5.0,1299,1234.05,883.32,350.73
102150,2023-10-28,CUST0132,Consumer,West,Bookshelf,Furniture,3499,1,0.0,3499,3499.0,2169.38,1329.62
102151,2023-10-28,CUST0202,Consumer,South,Table Lamp,Furniture,899,1,,899,899.0,557.38,341.62
102152,2023-10-28,CUST0196,Consumer,West,Backpack,Accessories,1799,1,0.0,1799,1799.0,989.45,809.55
102153,2023-10-29,CUST0027,Consumer,East,Photo Frame Set,Home Decor,549,1,10.0,549,494.1,274.5,219.6
102154,2023-10-29,CUST0204,Corporate,East,Standing Desk,Furniture,14999,1,0.0,14999,14999.0,9299.38,5699.62
102155,2023-10-29,CUST0228,Consumer,North,Notebook Set,Stationery,199,1,5.0,199,189.05,89.55,99.5
102156,2023-10-29,CUST0382,Small Business,Central,Bluetooth Speaker,Electronics,1999,1,20.0,1999,1599.2,1359.32,239.88
102157,2023-10-29,CUST0116,Corporate,Central,Backpack,Accessories,1799,2,0.0,3598,3598.0,1978.9,1619.1
102158,2023-10-29,CUST0016,Consumer,North,Table Lamp,Furniture,899,1,0.0,899,899.0,557.38,341.62
102159,2023-10-29,CUST0103,Consumer,Central,Wall Clock,Home Decor,749,2,0.0,1498,1498.0,749.0,749.0
102160,2023-10-29,CUST0373,Consumer,West,Office Chair,Furniture,6499,1,0.0,6499,6499.0,4029.38,2469.62
102161,2023-10-29,CUST0086,Consumer,North,Photo Frame Set,Home Decor,549,1,20.0,549,439.2,274.5,164.7
102162,2023-10-29,CUST0186,Small Business,South,Wall Clock,Home Decor,749,1,10.0,749,674.1,374.5,299.6
102163,2023-10-29,CUST0076,Small Business,East,Wall Clock,Home Decor,749,2,10.0,1498,1348.2,749.0,599.2
102164,2023-10-29,CUST0128,Corporate,South,Table Lamp,Furniture,899,1,0.0,899,899.0,557.38,341.62
102165,2023-10-29,CUST0071,Corporate,Central,Sticky Notes Pack,Stationery,99,2,0.0,198,198.0,89.1,108.9
102166,2023-10-29,CUST0071,Corporate,Central,Sticky Notes Pack,Stationery,99,2,15.0,198,168.3,89.1,79.2
102167,2023-10-30,CUST0296,Small Business,West,Backpack,Accessories,1799,2,0.0,3598,3598.0,1978.9,1619.1
102168,2023-10-30,CUST0083,Consumer,West,Table Lamp,Furniture,899,1,0.0,899,899.0,557.38,341.62
102169,2023-10-30,CUST0215,Small Business,Central,Sticky Notes Pack,Stationery,99,1,0.0,99,99.0,44.55,54.45
102170,2023-10-30,CUST0344,Consumer,Central,Wireless Mouse,Electronics,599,1,0.0,599,599.0,407.32,191.68
102171,2023-10-30,CUST0102,Small Business,Central,Mechanical Keyboard,Electronics,2499,1,15.0,2499,2124.15,1699.32,424.83
102172,2023-10-30,CUST0179,Enterprise,Central,Bookshelf,Furniture,3499,1,10.0,3499,3149.1,2169.38,979.72
102173,2023-10-30,CUST0063,Corporate,West,27in Monitor,Electronics,12999,1,0.0,12999,12999.0,8839.32,4159.68
102174,2023-10-30,CUST0334,Consumer,West,Sticky Notes Pack,Stationery,99,4,10.0,396,356.4,178.2,178.2
102175,2023-10-30,CUST0080,Consumer,South,Mechanical Keyboard,Electronics,2499,2,20.0,4998,3998.4,3398.64,599.76
102176,2023-10-30,CUST0393,Consumer,West,Backpack,Accessories,1799,1,10.0,1799,1619.1,989.45,629.65
102177,2023-10-30,CUST0164,Small Business,Central,Backpack,Accessories,1799,1,0.0,1799,1799.0,989.45,809.55
102178,2023-10-30,CUST0245,Consumer,Central,Sticky Notes Pack,Stationery,99,2,0.0,198,198.0,89.1,108.9
102179,2023-10-31,CUST0022,Consumer,Central,Water Bottle,Accessories,349,3,0.0,1047,1047.0,575.85,471.15
102180,2023-10-31,CUST0370,Consumer,West,Wall Clock,Home Decor,749,1,0.0,749,749.0,374.5,374.5
102181,2023-10-31,CUST0168,Consumer,East,Wireless Mouse,Electronics,599,1,0.0,599,599.0,407.32,191.68
102182,2023-10-31,CUST0227,Enterprise,West,Whiteboard,Stationery,1499,1,0.0,1499,1499.0,674.55,824.45
102183,2023-10-31,CUST0041,Consumer,East,Wireless Mouse,Electronics,599,2,0.0,1198,1198.0,814.64,383.36
102184,2023-10-31,CUST0161,Consumer,South,Wireless Mouse,Electronics,599,4,10.0,2396,2156.4,1629.28,527.12
102185,2023-10-31,CUST0255,Consumer,West,Sticky Notes Pack,Stationery,99,1,5.0,99,94.05,44.55,49.5
102186,2023-10-31,CUST0045,Consumer,South,Table Lamp,Furniture,899,1,10.0,899,809.1,557.38,251.72
102187,2023-10-31,CUST0337,Corporate,North,Water Bottle,Accessories,349,1,0.0,349,349.0,191.95,157.05
102188,2023-11-01,CUST0340,Consumer,South,Notebook Set,Stationery,199,2,0.0,398,398.0,179.1,218.9
102189,2023-11-01,CUST0378,Consumer,North,Whiteboard,Stationery,1499,2,10.0,2998,2698.2,1349.1,1349.1
102190,2023-11-01,CUST0308,Consumer,South,Table Lamp,Furniture,899,4,5.0,3596,3416.2,2229.52,1186.68
102191,2023-11-01,CUST0134,Consumer,Central,Whiteboard,Stationery,1499,2,0.0,2998,2998.0,1349.1,1648.9
102192,2023-11-01,CUST0117,Corporate,East,Sticky Notes Pack,Stationery,99,2,0.0,198,198.0,89.1,108.9
102193,2023-11-01,CUST0325,Enterprise,West,Backpack,Accessories,1799,1,0.0,1799,1799.0,989.45,809.55
102194,2023-11-01,CUST0386,Corporate,East,Whiteboard,Stationery,1499,3,5.0,4497,4272.15,2023.65,2248.5
102195,2023-11-01,CUST0354,Consumer,East,Standing Desk,Furniture,14999,1,10.0,14999,13499.1,9299.38,4199.72
102196,2023-11-01,CUST0383,Small Business,East,Wall Clock,Home Decor,749,1,0.0,749,749.0,374.5,374.5
102197,2023-11-02,CUST0367,Enterprise,South,Notebook Set,Stationery,199,2,0.0,398,398.0,179.1,218.9
102198,2023-11-02,CUST0014,Consumer,East,Wireless Mouse,Electronics,599,2,15.0,1198,1018.3,814.64,203.66
102199,2023-11-02,CUST0189,Small Business,North,Bluetooth Speaker,Electronics,1999,1,0.0,1999,1999.0,1359.32,639.68
102200,2023-11-02,CUST0370,Consumer,West,27in Monitor,Electronics,12999,1,0.0,12999,12999.0,8839.32,4159.68
102201,2023-11-02,CUST0083,Consumer,West,Whiteboard,Stationery,1499,2,0.0,2998,2998.0,1349.1,1648.9
102202,2023-11-02,CUST0083,Consumer,West,Wireless Mouse,Electronics,599,2,5.0,1198,1138.1,814.64,323.46
102203,2023-11-02,CUST0022,Consumer,Central,Whiteboard,Stationery,1499,2,15.0,2998,2548.3,1349.1,1199.2
102204,2023-11-02,CUST0267,Small Business,Central,Whiteboard,Stationery,1499,1,0.0,1499,1499.0,674.55,824.45
102205,2023-11-02,CUST0038,Consumer,East,Bookshelf,Furniture,3499,1,20.0,3499,2799.2,2169.38,629.82
102206,2023-11-02,CUST0136,Consumer,West,Notebook Set,Stationery,199,3,0.0,597,597.0,268.65,328.35
102207,2023-11-03,CUST0241,Enterprise,West,Wall Clock,Home Decor,749,4,0.0,2996,2996.0,1498.0,1498.0
102208,2023-11-03,CUST0282,Consumer,East,Photo Frame Set,Home Decor,549,1,10.0,549,494.1,274.5,219.6
102209,2023-11-03,CUST0212,Small Business,North,Wireless Mouse,Electronics,599,1,0.0,599,599.0,407.32,191.68
102210,2023-11-03,CUST0081,Corporate,West,Backpack,Accessories,1799,1,0.0,1799,1799.0,989.45,809.55
102211,2023-11-04,CUST0302,Small Business,East,Whiteboard,Stationery,1499,1,0.0,1499,1499.0,674.55,824.45
102212,2023-11-04,CUST0307,Small Business,Central,Sticky Notes Pack,Stationery,99,4,10.0,396,356.4,178.2,178.2
102213,2023-11-04,CUST0179,Enterprise,Central,27in Monitor,Electronics,12999,2,0.0,25998,25998.0,17678.64,8319.36
102214,2023-11-04,CUST0164,Small Business,Central,Bookshelf,Furniture,3499,1,0.0,3499,3499.0,2169.38,1329.62
102215,2023-11-04,CUST0310,Consumer,East,Photo Frame Set,Home Decor,549,1,0.0,549,549.0,274.5,274.5
102216,2023-11-04,CUST0146,Consumer,Central,Table Lamp,Furniture,899,1,0.0,899,899.0,557.38,341.62
102217,2023-11-04,CUST0219,Small Business,West,Bookshelf,Furniture,3499,1,5.0,3499,3324.05,2169.38,1154.67
102218,2023-11-04,CUST0269,Consumer,West,Office Chair,Furniture,6499,2,10.0,12998,11698.2,8058.76,3639.44
102219,2023-11-04,CUST0147,Small Business,East,Standing Desk,Furniture,14999,4,0.0,59996,59996.0,37197.52,22798.48
102220,2023-11-04,CUST0014,Consumer,East,Office Chair,Furniture,6499,1,0.0,6499,6499.0,4029.38,2469.62
102221,2023-11-04,CUST0228,Consumer,North,Standing Desk,Furniture,14999,1,0.0,14999,14999.0,9299.38,5699.62
102222,2023-11-04,CUST0225,Consumer,East,Wall Clock,Home Decor,749,2,0.0,1498,1498.0,749.0,749.0
102223,2023-11-04,CUST0024,Consumer,West,Sticky Notes Pack,Stationery,99,1,0.0,99,99.0,44.55,54.45
102224,2023-11-05,CUST0276,Small Business,West,Mechanical Keyboard,Electronics,2499,2,0.0,4998,4998.0,3398.64,1599.36
102225,2023-11-05,CUST0039,Small Business,Central,Bookshelf,Furniture,3499,1,0.0,3499,3499.0,2169.38,1329.62
102226,2023-11-05,CUST0283,Consumer,North,Table Lamp,Furniture,899,2,0.0,1798,1798.0,1114.76,683.24
102227,2023-11-05,CUST0273,Corporate,North,Notebook Set,Stationery,199,1,0.0,199,199.0,89.55,109.45
102228,2023-11-05,CUST0116,Corporate,Central,Mechanical Keyboard,Electronics,2499,1,0.0,2499,2499.0,1699.32,799.68
102229,2023-11-05,CUST0313,Consumer,Central,Standing Desk,Furniture,14999,1,0.0,14999,14999.0,9299.38,5699.62
102230,2023-11-05,CUST0023,Consumer,East,Wall Clock,Home Decor,749,1,0.0,749,749.0,374.5,374.5
102231,2023-11-05,CUST0046,Small Business,South,Wireless Mouse,Electronics,599,1,0.0,599,599.0,407.32,191.68
102232,2023-11-05,CUST0015,Consumer,West,Standing Desk,Furniture,14999,1,0.0,14999,14999.0,9299.38,5699.62
102233,2023-11-05,CUST0241,Enterprise,West,Standing Desk,Furniture,14999,1,0.0,14999,14999.0,9299.38,5699.62
102234,2023-11-05,CUST0277,Corporate,South,Photo Frame Set,Home Decor,549,2,0.0,1098,1098.0,549.0,549.0
102235,2023-11-05,CUST0295,Consumer,Central,Wireless Mouse,Electronics,599,1,0.0,599,599.0,407.32,191.68
102236,2023-11-05,CUST0013,Corporate,North,Wall Clock,Home Decor,749,1,10.0,749,674.1,374.5,299.6
102237,2023-11-05,CUST0230,Small Business,West,Bookshelf,Furniture,3499,1,0.0,3499,3499.0,2169.38,1329.62
102238,2023-11-06,CUST0333,Consumer,North,Standing Desk,Furniture,14999,1,15.0,14999,12749.15,9299.38,3449.77
102239,2023-11-06,CUST0397,Corporate,West,Sticky Notes Pack,Stationery,99,1,5.0,99,94.05,44.55,49.5
102240,2023-11-06,CUST0178,Consumer,North,Sticky Notes Pack,Stationery,99,1,10.0,99,89.1,44.55,44.55
102241,2023-11-06,CUST0277,Corporate,South,27in Monitor,Electronics,12999,2,0.0,25998,25998.0,17678.64,8319.36
102242,2023-11-06,CUST0052,Corporate,North,Office Chair,Furniture,6499,1,0.0,6499,6499.0,4029.38,2469.62
102243,2023-11-06,CUST0252,Consumer,North,Photo Frame Set,Home Decor,549,1,0.0,549,549.0,274.5,274.5
102244,2023-11-06,CUST0249,Enterprise,East,Table Lamp,Furniture,899,1,10.0,899,809.1,557.38,251.72
102245,2023-11-06,CUST0140,Enterprise,North,Mechanical Keyboard,Electronics,2499,1,0.0,2499,2499.0,1699.32,799.68
102246,2023-11-07,CUST0198,Corporate,North,Table Lamp,Furniture,899,1,10.0,899,809.1,557.38,251.72
102247,2023-11-07,CUST0178,Consumer,North,Wall Clock,Home Decor,749,1,0.0,749,749.0,374.5,374.5
102248,2023-11-07,CUST0168,Consumer,East,Office Chair,Furniture,6499,1,0.0,6499,6499.0,4029.38,2469.62
102249,2023-11-07,CUST0364,Small Business,North,Notebook Set,Stationery,199,1,10.0,199,179.1,89.55,89.55
102250,2023-11-07,CUST0291,Consumer,West,Standing Desk,Furniture,14999,2,10.0,29998,26998.2,18598.76,8399.44
102251,2023-11-07,CUST0361,Consumer,West,Wall Clock,Home Decor,749,1,0.0,749,749.0,374.5,374.5
102252,2023-11-08,CUST0169,Consumer,North,27in Monitor,Electronics,12999,2,0.0,25998,25998.0,17678.64,8319.36
102253,2023-11-08,CUST0253,Corporate,East,Wall Clock,Home Decor,749,1,20.0,749,599.2,374.5,224.7
102254,2023-11-08,CUST0303,Small Business,East,Office Chair,Furniture,6499,1,0.0,6499,6499.0,4029.38,2469.62
102255,2023-11-08,CUST0062,Consumer,North,Backpack,Accessories,1799,2,0.0,3598,3598.0,1978.9,1619.1
102256,2023-11-08,CUST0340,Consumer,South,Bluetooth Speaker,Electronics,1999,1,0.0,1999,1999.0,1359.32,639.68
102257,2023-11-08,CUST0106,Consumer,Central,Standing Desk,Furniture,14999,2,20.0,29998,23998.4,18598.76,5399.64
102258,2023-11-08,CUST0264,Small Business,East,Backpack,Accessories,1799,1,0.0,1799,1799.0,989.45,809.55
102259,2023-11-08,CUST0369,Consumer,Central,Table Lamp,Furniture,899,2,0.0,1798,1798.0,1114.76,683.24
102260,2023-11-08,CUST0276,Small Business,West,Sticky Notes Pack,Stationery,99,1,0.0,99,99.0,44.55,54.45
102261,2023-11-08,CUST0175,Small Business,North,Whiteboard,Stationery,1499,1,5.0,1499,1424.05,674.55,749.5
102262,2023-11-08,CUST0083,Consumer,West,Backpack,Accessories,1799,1,0.0,1799,1799.0,989.45,809.55
102263,2023-11-08,CUST0283,Consumer,North,Table Lamp,Furniture,899,1,0.0,899,899.0,557.38,341.62
102264,2023-11-09,CUST0278,Small Business,South,Water Bottle,Accessories,349,1,0.0,349,349.0,191.95,157.05
102265,2023-11-09,CUST0356,Small Business,West,Wireless Mouse,Electronics,599,1,0.0,599,599.0,407.32,191.68
102266,2023-11-09,CUST0321,Small Business,North,Backpack,Accessories,1799,2,0.0,3598,3598.0,1978.9,1619.1
102267,2023-11-09,CUST0191,Consumer,North,Sticky Notes Pack,Stationery,99,2,0.0,198,198.0,89.1,108.9
102268,2023-11-09,CUST0094,Small Business,North,Sticky Notes Pack,Stationery,99,1,0.0,99,99.0,44.55,54.45
102269,2023-11-09,CUST0133,Consumer,West,Bluetooth Speaker,Electronics,1999,1,0.0,1999,1999.0,1359.32,639.68
102270,2023-11-09,CUST0116,Corporate,Central,Whiteboard,Stationery,1499,1,0.0,1499,1499.0,674.55,824.45
102271,2023-11-09,CUST0348,Consumer,Central,Office Chair,Furniture,6499,1,20.0,6499,5199.2,4029.38,1169.82
102272,2023-11-09,CUST0337,Corporate,North,Standing Desk,Furniture,14999,2,5.0,29998,28498.1,18598.76,9899.34
102273,2023-11-09,CUST0217,Consumer,East,Wireless Mouse,Electronics,599,2,0.0,1198,1198.0,814.64,383.36
102274,2023-11-09,CUST0158,Corporate,Central,27in Monitor,Electronics,12999,1,0.0,12999,12999.0,8839.32,4159.68
102275,2023-11-09,CUST0134,Consumer,Central,Wall Clock,Home Decor,749,2,0.0,1498,1498.0,749.0,749.0
102276,2023-11-09,CUST0053,Enterprise,South,Office Chair,Furniture,6499,4,10.0,25996,23396.4,16117.52,7278.88
102277,2023-11-09,CUST0220,Corporate,South,Sticky Notes Pack,Stationery,99,1,10.0,99,89.1,44.55,44.55
102278,2023-11-10,CUST0040,Consumer,East,Bookshelf,Furniture,3499,1,0.0,3499,3499.0,2169.38,1329.62
102279,2023-11-10,CUST0245,Consumer,Central,Sticky Notes Pack,Stationery,99,2,0.0,198,198.0,89.1,108.9
102280,2023-11-10,CUST0309,Corporate,South,Office Chair,Furniture,6499,1,15.0,6499,5524.15,4029.38,1494.77
102281,2023-11-10,CUST0358,Small Business,West,Wireless Mouse,Electronics,599,1,0.0,599,599.0,407.32,191.68
102282,2023-11-10,CUST0193,Corporate,East,Notebook Set,Stationery,199,1,0.0,199,199.0,89.55,109.45
102283,2023-11-10,CUST0146,Consumer,Central,Bluetooth Speaker,Electronics,1999,2,0.0,3998,3998.0,2718.64,1279.36
102284,2023-11-10,CUST0286,Consumer,North,Bookshelf,Furniture,3499,1,0.0,3499,3499.0,2169.38,1329.62
102285,2023-11-10,CUST0281,Corporate,Central,Wall Clock,Home Decor,749,1,0.0,749,749.0,374.5,374.5
102286,2023-11-10,CUST0343,Consumer,East,27in Monitor,Electronics,12999,2,0.0,25998,25998.0,17678.64,8319.36
102287,2023-11-10,CUST0297,Corporate,South,Water Bottle,Accessories,349,1,5.0,349,331.55,191.95,139.6
102288,2023-11-10,CUST0098,Consumer,West,Photo Frame Set,Home Decor,549,2,0.0,1098,1098.0,549.0,549.0
102289,2023-11-10,CUST0270,Consumer,South,Bookshelf,Furniture,3499,1,0.0,3499,3499.0,2169.38,1329.62
102290,2023-11-10,CUST0055,Small Business,South,Wireless Mouse,Electronics,599,1,5.0,599,569.05,407.32,161.73
102291,2023-11-11,CUST0102,Small Business,Central,Bluetooth Speaker,Electronics,1999,1,5.0,1999,1899.05,1359.32,539.73
102292,2023-11-11,CUST0263,Consumer,South,Office Chair,Furniture,6499,2,10.0,12998,11698.2,8058.76,3639.44
102293,2023-11-11,CUST0291,Consumer,West,Standing Desk,Furniture,14999,2,0.0,29998,29998.0,18598.76,11399.24
102294,2023-11-11,CUST0394,Corporate,South,Office Chair,Furniture,6499,2,0.0,12998,12998.0,8058.76,4939.24
102295,2023-11-11,CUST0400,Corporate,North,Office Chair,Furniture,6499,1,0.0,6499,6499.0,4029.38,2469.62
102296,2023-11-11,CUST0006,Consumer,Central,Wireless Mouse,Electronics,599,1,0.0,599,599.0,407.32,191.68
102297,2023-11-11,CUST0299,Small Business,South,USB-C Hub,Electronics,1299,1,0.0,1299,1299.0,883.32,415.68
102298,2023-11-11,CUST0388,Consumer,North,Backpack,Accessories,1799,2,5.0,3598,3418.1,1978.9,1439.2
102299,2023-11-11,CUST0291,Consumer,West,Wireless Mouse,Electronics,599,2,0.0,1198,1198.0,814.64,383.36
102300,2023-11-11,CUST0171,Small Business,North,Table Lamp,Furniture,899,2,0.0,1798,1798.0,1114.76,683.24
102301,2023-11-11,CUST0341,Consumer,South,Water Bottle,Accessories,349,4,10.0,1396,1256.4,767.8,488.6
102302,2023-11-11,CUST0247,Consumer,Central,Photo Frame Set,Home Decor,549,2,0.0,1098,1098.0,549.0,549.0
102303,2023-11-12,CUST0226,Consumer,South,27in Monitor,Electronics,12999,2,0.0,25998,25998.0,17678.64,8319.36
102304,2023-11-12,CUST0152,Consumer,North,Bookshelf,Furniture,3499,1,0.0,3499,3499.0,2169.38,1329.62
102305,2023-11-12,CUST0044,Corporate,North,Office Chair,Furniture,6499,1,0.0,6499,6499.0,4029.38,2469.62
102306,2023-11-12,CUST0331,Consumer,West,Wireless Mouse,Electronics,599,1,0.0,599,599.0,407.32,191.68
102307,2023-11-12,CUST0043,Consumer,West,Office Chair,Furniture,6499,1,0.0,6499,6499.0,4029.38,2469.62
102308,2023-11-12,CUST0020,Consumer,South,Wall Clock,Home Decor,749,3,0.0,2247,2247.0,1123.5,1123.5
102309,2023-11-12,CUST0280,Corporate,South,27in Monitor,Electronics,12999,1,0.0,12999,12999.0,8839.32,4159.68
102310,2023-11-12,CUST0154,Consumer,South,Sticky Notes Pack,Stationery,99,1,0.0,99,99.0,44.55,54.45
102311,2023-11-12,CUST0359,Enterprise,West,Office Chair,Furniture,6499,1,0.0,6499,6499.0,4029.38,2469.62
102312,2023-11-12,CUST0309,Corporate,South,Water Bottle,Accessories,349,2,10.0,698,628.2,383.9,244.3
102313,2023-11-12,CUST0187,Corporate,South,27in Monitor,Electronics,12999,2,0.0,25998,25998.0,17678.64,8319.36
102314,2023-11-12,CUST0068,Corporate,West,Bluetooth Speaker,Electronics,1999,1,0.0,1999,1999.0,1359.32,639.68
102315,2023-11-12,CUST0267,Small Business,Central,Table Lamp,Furniture,899,4,5.0,3596,3416.2,2229.52,1186.68
102316,2023-11-12,CUST0026,Corporate,West,Bookshelf,Furniture,3499,1,0.0,3499,3499.0,2169.38,1329.62
102317,2023-11-13,CUST0191,Consumer,North,Table Lamp,Furniture,899,1,0.0,899,899.0,557.38,341.62
102318,2023-11-13,CUST0328,Small Business,North,Table Lamp,Furniture,899,2,0.0,1798,1798.0,1114.76,683.24
102319,2023-11-13,CUST0111,Consumer,North,Standing Desk,Furniture,14999,1,0.0,14999,14999.0,9299.38,5699.62
102320,2023-11-13,CUST0290,Small Business,South,USB-C Hub,Electronics,1299,1,0.0,1299,1299.0,883.32,415.68
102321,2023-11-13,CUST0184,Corporate,Central,Water Bottle,Accessories,349,1,0.0,349,349.0,191.95,157.05
102322,2023-11-13,CUST0346,Small Business,North,Office Chair,Furniture,6499,1,0.0,6499,6499.0,4029.38,2469.62
102323,2023-11-13,CUST0249,Enterprise,East,Whiteboard,Stationery,1499,1,5.0,1499,1424.05,674.55,749.5
102324,2023-11-13,CUST0171,Small Business,North,Backpack,Accessories,1799,1,0.0,1799,1799.0,989.45,809.55
102325,2023-11-13,CUST0186,Small Business,South,Bookshelf,Furniture,3499,2,10.0,6998,6298.2,4338.76,1959.44
102326,2023-11-13,CUST0154,Consumer,South,Backpack,Accessories,1799,1,0.0,1799,1799.0,989.45,809.55
102327,2023-11-13,CUST0212,Small Business,North,Wireless Mouse,Electronics,599,1,5.0,599,569.05,407.32,161.73
102328,2023-11-13,CUST0335,Consumer,East,Whiteboard,Stationery,1499,1,5.0,1499,1424.05,674.55,749.5
102329,2023-11-13,CUST0279,Small Business,North,Office Chair,Furniture,6499,1,0.0,6499,6499.0,4029.38,2469.62
102330,2023-11-13,CUST0310,Consumer,East,USB-C Hub,Electronics,1299,2,0.0,2598,2598.0,1766.64,831.36
102331,2023-11-13,CUST0329,Consumer,Central,Sticky Notes Pack,Stationery,99,1,0.0,99,99.0,44.55,54.45
102332,2023-11-13,CUST0373,Consumer,West,Standing Desk,Furniture,14999,2,0.0,29998,29998.0,18598.76,11399.24
102333,2023-11-13,CUST0281,Corporate,Central,Standing Desk,Furniture,14999,1,0.0,14999,14999.0,9299.38,5699.62
102334,2023-11-13,CUST0335,Consumer,East,Table Lamp,Furniture,899,1,0.0,899,899.0,557.38,341.62
102335,2023-11-14,CUST0060,Consumer,East,Bluetooth Speaker,Electronics,1999,2,15.0,3998,3398.3,2718.64,679.66
102336,2023-11-14,CUST0285,Small Business,North,27in Monitor,Electronics,12999,1,0.0,12999,12999.0,8839.32,4159.68
102337,2023-11-14,CUST0146,Consumer,Central,Wireless Mouse,Electronics,599,1,0.0,599,599.0,407.32,191.68
102338,2023-11-14,CUST0140,Enterprise,North,Office Chair,Furniture,6499,1,5.0,6499,6174.05,4029.38,2144.67
102339,2023-11-14,CUST0201,Small Business,South,27in Monitor,Electronics,12999,2,0.0,25998,25998.0,17678.64,8319.36
102340,2023-11-14,CUST0023,Consumer,East,Wall Clock,Home Decor,749,1,0.0,749,749.0,374.5,374.5
102341,2023-11-14,CUST0366,Consumer,East,Standing Desk,Furniture,14999,1,0.0,14999,14999.0,9299.38,5699.62
102342,2023-11-14,CUST0356,Small Business,West,Whiteboard,Stationery,1499,1,0.0,1499,1499.0,674.55,824.45
102343,2023-11-14,CUST0289,Consumer,North,Mechanical Keyboard,Electronics,2499,1,20.0,2499,1999.2,1699.32,299.88
102344,2023-11-14,CUST0227,Enterprise,West,27in Monitor,Electronics,12999,1,15.0,12999,11049.15,8839.32,2209.83
102345,2023-11-14,CUST0041,Consumer,East,Office Chair,Furniture,6499,2,10.0,12998,11698.2,8058.76,3639.44
102346,2023-11-14,CUST0205,Small Business,East,Wall Clock,Home Decor,749,2,0.0,1498,1498.0,749.0,749.0
102347,2023-11-14,CUST0142,Consumer,West,Mechanical Keyboard,Electronics,2499,1,0.0,2499,2499.0,1699.32,799.68
102348,2023-11-15,CUST0045,Consumer,South,27in Monitor,Electronics,12999,1,0.0,12999,12999.0,8839.32,4159.68
102349,2023-11-15,CUST0038,Consumer,East,Bluetooth Speaker,Electronics,1999,1,10.0,1999,1799.1,1359.32,439.78
102350,2023-11-15,CUST0262,Enterprise,Central,Water Bottle,Accessories,349,1,0.0,349,349.0,191.95,157.05
102351,2023-11-15,CUST0201,Small Business,South,Notebook Set,Stationery,199,2,5.0,398,378.1,179.1,199.0
102352,2023-11-15,CUST0286,Consumer,North,Sticky Notes Pack,Stationery,99,1,0.0,99,99.0,44.55,54.45
102353,2023-11-15,CUST0328,Small Business,North,27in Monitor,Electronics,12999,1,0.0,12999,12999.0,8839.32,4159.68
102354,2023-11-15,CUST0193,Corporate,East,Water Bottle,Accessories,349,2,0.0,698,698.0,383.9,314.1
102355,2023-11-15,CUST0043,Consumer,West,Mechanical Keyboard,Electronics,2499,1,10.0,2499,2249.1,1699.32,549.78
102356,2023-11-15,CUST0270,Consumer,South,Wall Clock,Home Decor,749,2,0.0,1498,1498.0,749.0,749.0
102357,2023-11-16,CUST0090,Consumer,West,Standing Desk,Furniture,14999,1,15.0,14999,12749.15,9299.38,3449.77
102358,2023-11-16,CUST0263,Consumer,South,Wall Clock,Home Decor,749,1,10.0,749,674.1,374.5,299.6
102359,2023-11-16,CUST0374,Small Business,East,Office Chair,Furniture,6499,1,0.0,6499,6499.0,4029.38,2469.62
102360,2023-11-16,CUST0256,Small Business,North,Water Bottle,Accessories,349,1,0.0,349,349.0,191.95,157.05
102361,2023-11-16,CUST0384,Corporate,West,Mechanical Keyboard,Electronics,2499,2,5.0,4998,4748.1,3398.64,1349.46
102362,2023-11-16,CUST0155,Enterprise,South,Office Chair,Furniture,6499,2,5.0,12998,12348.1,8058.76,4289.34
102363,2023-11-16,CUST0321,Small Business,North,Whiteboard,Stationery,1499,1,0.0,1499,1499.0,674.55,824.45
102364,2023-11-16,CUST0144,Consumer,West,Table Lamp,Furniture,899,1,0.0,899,899.0,557.38,341.62
102365,2023-11-16,CUST0041,Consumer,East,Office Chair,Furniture,6499,1,0.0,6499,6499.0,4029.38,2469.62
102366,2023-11-17,CUST0205,Small Business,East,Photo Frame Set,Home Decor,549,1,5.0,549,521.55,274.5,247.05
102367,2023-11-17,CUST0248,Enterprise,East,Notebook Set,Stationery,199,1,0.0,199,199.0,89.55,109.45
102368,2023-11-17,CUST0240,Consumer,North,Standing Desk,Furniture,14999,1,5.0,14999,14249.05,9299.38,4949.67
102369,2023-11-17,CUST0084,Consumer,West,Wireless Mouse,Electronics,599,1,5.0,599,569.05,407.32,161.73
102370,2023-11-17,CUST0339,Consumer,West,Sticky Notes Pack,Stationery,99,2,0.0,198,198.0,89.1,108.9
102371,2023-11-17,CUST0135,Enterprise,North,Bookshelf,Furniture,3499,1,0.0,3499,3499.0,2169.38,1329.62
102372,2023-11-17,CUST0359,Enterprise,West,Backpack,Accessories,1799,1,15.0,1799,1529.15,989.45,539.7
102373,2023-11-17,CUST0342,Consumer,East,Photo Frame Set,Home Decor,549,1,0.0,549,549.0,274.5,274.5
102374,2023-11-17,CUST0146,Consumer,Central,Backpack,Accessories,1799,1,20.0,1799,1439.2,989.45,449.75
102375,2023-11-17,CUST0362,Small Business,North,Sticky Notes Pack,Stationery,99,1,0.0,99,99.0,44.55,54.45
102376,2023-11-17,CUST0103,Consumer,Central,Photo Frame Set,Home Decor,549,2,0.0,1098,1098.0,549.0,549.0
102377,2023-11-17,CUST0220,Corporate,South,Photo Frame Set,Home Decor,549,2,0.0,1098,1098.0,549.0,549.0
102378,2023-11-17,CUST0036,Corporate,South,27in Monitor,Electronics,12999,1,0.0,12999,12999.0,8839.32,4159.68
102379,2023-11-17,CUST0318,Consumer,South,Standing Desk,Furniture,14999,1,0.0,14999,14999.0,9299.38,5699.62
102380,2023-11-18,CUST0347,Small Business,North,Wireless Mouse,Electronics,599,2,0.0,1198,1198.0,814.64,383.36
102381,2023-11-18,CUST0056,Corporate,South,Table Lamp,Furniture,899,1,0.0,899,899.0,557.38,341.62
102382,2023-11-18,CUST0388,Consumer,North,27in Monitor,Electronics,12999,1,0.0,12999,12999.0,8839.32,4159.68
102383,2023-11-18,CUST0250,Corporate,East,Water Bottle,Accessories,349,1,0.0,349,349.0,191.95,157.05
102384,2023-11-18,CUST0010,Small Business,West,Notebook Set,Stationery,199,1,0.0,199,199.0,89.55,109.45
102385,2023-11-18,CUST0040,Consumer,East,Sticky Notes Pack,Stationery,99,1,20.0,99,79.2,44.55,34.65
102386,2023-11-18,CUST0137,Small Business,East,Standing Desk,Furniture,14999,1,0.0,14999,14999.0,9299.38,5699.62
102387,2023-11-18,CUST0299,Small Business,South,Standing Desk,Furniture,14999,2,10.0,29998,26998.2,18598.76,8399.44
102388,2023-11-18,CUST0384,Corporate,West,Backpack,Accessories,1799,2,0.0,3598,3598.0,1978.9,1619.1
102389,2023-11-18,CUST0165,Consumer,South,Wireless Mouse,Electronics,599,1,0.0,599,599.0,407.32,191.68
102390,2023-11-18,CUST0362,Small Business,North,Wireless Mouse,Electronics,599,2,0.0,1198,1198.0,814.64,383.36
102391,2023-11-18,CUST0339,Consumer,West,Bookshelf,Furniture,3499,1,10.0,3499,3149.1,2169.38,979.72
102392,2023-11-18,CUST0169,Consumer,North,Photo Frame Set,Home Decor,549,1,0.0,549,549.0,274.5,274.5
102393,2023-11-18,CUST0202,Consumer,South,Notebook Set,Stationery,199,1,,199,189.05,89.55,99.5
102394,2023-11-19,CUST0381,Consumer,South,Bluetooth Speaker,Electronics,1999,2,0.0,3998,3998.0,2718.64,1279.36
102395,2023-11-19,CUST0360,Small Business,East,Wireless Mouse,Electronics,599,3,20.0,1797,1437.6,1221.96,215.64
102396,2023-11-19,CUST0177,Small Business,West,Photo Frame Set,Home Decor,549,2,0.0,1098,1098.0,549.0,549.0
102397,2023-11-19,CUST0037,Consumer,Central,Wireless Mouse,Electronics,599,1,0.0,599,599.0,407.32,191.68
102398,2023-11-19,CUST0224,Consumer,East,Whiteboard,Stationery,1499,1,5.0,1499,1424.05,674.55,749.5
102399,2023-11-19,CUST0287,Consumer,East,Bluetooth Speaker,Electronics,1999,1,0.0,1999,1999.0,1359.32,639.68
102400,2023-11-19,CUST0271,Corporate,Central,Office Chair,Furniture,6499,1,5.0,6499,6174.05,4029.38,2144.67
102401,2023-11-19,CUST0300,Consumer,Central,Backpack,Accessories,1799,1,15.0,1799,1529.15,989.45,539.7
102402,2023-11-20,CUST0157,Small Business,Central,Bluetooth Speaker,Electronics,1999,2,0.0,3998,3998.0,2718.64,1279.36
102403,2023-11-20,CUST0168,Consumer,East,Bluetooth Speaker,Electronics,1999,1,0.0,1999,1999.0,1359.32,639.68
102404,2023-11-20,CUST0122,Corporate,West,Wireless Mouse,Electronics,599,1,0.0,599,599.0,407.32,191.68
102405,2023-11-20,CUST0261,Small Business,South,Water Bottle,Accessories,349,1,0.0,349,349.0,191.95,157.05
102406,2023-11-20,CUST0160,Small Business,North,Office Chair,Furniture,6499,1,15.0,6499,5524.15,4029.38,1494.77
102407,2023-11-20,CUST0247,Consumer,Central,Standing Desk,Furniture,14999,1,0.0,14999,14999.0,9299.38,5699.62
102408,2023-11-21,CUST0020,Consumer,South,27in Monitor,Electronics,12999,1,5.0,12999,12349.05,8839.32,3509.73
102409,2023-11-21,CUST0025,Consumer,North,Office Chair,Furniture,6499,1,15.0,6499,5524.15,4029.38,1494.77
102410,2023-11-21,CUST0038,Consumer,East,Table Lamp,Furniture,899,1,0.0,899,899.0,557.38,341.62
102411,2023-11-21,CUST0399,Corporate,Central,Bluetooth Speaker,Electronics,1999,1,0.0,1999,1999.0,1359.32,639.68
102412,2023-11-21,CUST0016,Consumer,North,Water Bottle,Accessories,349,3,0.0,1047,1047.0,575.85,471.15
102413,2023-11-21,CUST0134,Consumer,Central,Water Bottle,Accessories,349,1,0.0,349,349.0,191.95,157.05
102414,2023-11-21,CUST0360,Small Business,East,Mechanical Keyboard,Electronics,2499,1,10.0,2499,2249.1,1699.32,549.78
102415,2023-11-21,CUST0197,Small Business,North,USB-C Hub,Electronics,1299,1,10.0,1299,1169.1,883.32,285.78
102416,2023-11-21,CUST0135,Enterprise,North,Standing Desk,Furniture,14999,2,15.0,29998,25498.3,18598.76,6899.54
102417,2023-11-21,CUST0287,Consumer,East,Water Bottle,Accessories,349,1,0.0,349,349.0,191.95,157.05
102418,2023-11-21,CUST0232,Small Business,East,Bluetooth Speaker,Electronics,1999,1,0.0,1999,1999.0,1359.32,639.68
102419,2023-11-21,CUST0113,Corporate,North,Bluetooth Speaker,Electronics,1999,2,0.0,3998,3998.0,2718.64,1279.36
102420,2023-11-21,CUST0278,Small Business,South,USB-C Hub,Electronics,1299,3,0.0,3897,3897.0,2649.96,1247.04
102421,2023-11-21,CUST0017,Consumer,West,Table Lamp,Furniture,899,1,10.0,899,809.1,557.38,251.72
102422,2023-11-22,CUST0093,Corporate,North,Mechanical Keyboard,Electronics,2499,1,0.0,2499,2499.0,1699.32,799.68
102423,2023-11-22,CUST0172,Consumer,South,27in Monitor,Electronics,12999,2,0.0,25998,25998.0,17678.64,8319.36
102424,2023-11-22,CUST0066,Small Business,Central,Wireless Mouse,Electronics,599,2,0.0,1198,1198.0,814.64,383.36
102425,2023-11-22,CUST0158,Corporate,Central,Backpack,Accessories,1799,1,10.0,1799,1619.1,989.45,629.65
102426,2023-11-22,CUST0236,Small Business,West,Bookshelf,Furniture,3499,1,0.0,3499,3499.0,2169.38,1329.62
102427,2023-11-22,CUST0338,Small Business,Central,Photo Frame Set,Home Decor,549,1,0.0,549,549.0,274.5,274.5
102428,2023-11-22,CUST0079,Consumer,Central,Bookshelf,Furniture,3499,1,5.0,3499,3324.05,2169.38,1154.67
102429,2023-11-22,CUST0260,Consumer,Central,27in Monitor,Electronics,12999,1,0.0,12999,12999.0,8839.32,4159.68
102430,2023-11-22,CUST0343,Consumer,East,Sticky Notes Pack,Stationery,99,1,10.0,99,89.1,44.55,44.55
102431,2023-11-22,CUST0331,Consumer,West,Whiteboard,Stationery,1499,1,10.0,1499,1349.1,674.55,674.55
102432,2023-11-22,CUST0115,Small Business,North,Table Lamp,Furniture,899,1,0.0,899,899.0,557.38,341.62
102433,2023-11-22,CUST0252,Consumer,North,Standing Desk,Furniture,14999,1,0.0,14999,14999.0,9299.38,5699.62
102434,2023-11-22,CUST0002,Enterprise,North,Photo Frame Set,Home Decor,549,1,0.0,549,549.0,274.5,274.5
102435,2023-11-22,CUST0333,Consumer,North,Sticky Notes Pack,Stationery,99,1,0.0,99,99.0,44.55,54.45
102436,2023-11-23,CUST0220,Corporate,South,Office Chair,Furniture,6499,2,0.0,12998,12998.0,8058.76,4939.24
102437,2023-11-23,CUST0298,Consumer,West,Backpack,Accessories,1799,1,0.0,1799,1799.0,989.45,809.55
102438,2023-11-23,CUST0370,Consumer,West,Standing Desk,Furniture,14999,2,15.0,29998,25498.3,18598.76,6899.54
102439,2023-11-23,CUST0306,Enterprise,West,Whiteboard,Stationery,1499,1,15.0,1499,1274.15,674.55,599.6
102440,2023-11-23,CUST0331,Consumer,West,Whiteboard,Stationery,1499,1,0.0,1499,1499.0,674.55,824.45
102441,2023-11-23,CUST0153,Consumer,South,Photo Frame Set,Home Decor,549,1,0.0,549,549.0,274.5,274.5
102442,2023-11-23,CUST0348,Consumer,Central,USB-C Hub,Electronics,1299,2,0.0,2598,2598.0,1766.64,831.36
102443,2023-11-23,CUST0366,Consumer,East,Notebook Set,Stationery,199,2,5.0,398,378.1,179.1,199.0
102444,2023-11-23,CUST0243,Corporate,Central,Backpack,Accessories,1799,2,10.0,3598,3238.2,1978.9,1259.3
102445,2023-11-24,CUST0096,Consumer,Central,27in Monitor,Electronics,12999,1,10.0,12999,11699.1,8839.32,2859.78
102446,2023-11-24,CUST0308,Consumer,South,Whiteboard,Stationery,1499,1,5.0,1499,1424.05,674.55,749.5
102447,2023-11-24,CUST0326,Small Business,South,27in Monitor,Electronics,12999,2,0.0,25998,25998.0,17678.64,8319.36
102448,2023-11-24,CUST0061,Consumer,Central,Sticky Notes Pack,Stationery,99,1,5.0,99,94.05,44.55,49.5
102449,2023-11-24,CUST0260,Consumer,Central,Bookshelf,Furniture,3499,1,0.0,3499,3499.0,2169.38,1329.62
102450,2023-11-24,CUST0069,Consumer,West,Table Lamp,Furniture,899,2,0.0,1798,1798.0,1114.76,683.24
102451,2023-11-24,CUST0265,Corporate,East,Bookshelf,Furniture,3499,1,0.0,3499,3499.0,2169.38,1329.62
102452,2023-11-24,CUST0224,Consumer,East,Standing Desk,Furniture,14999,2,5.0,29998,28498.1,18598.76,9899.34
102453,2023-11-24,CUST0083,Consumer,West,Bluetooth Speaker,Electronics,1999,2,0.0,3998,3998.0,2718.64,1279.36
102454,2023-11-25,CUST0127,Corporate,West,USB-C Hub,Electronics,1299,1,0.0,1299,1299.0,883.32,415.68
102455,2023-11-25,CUST0107,Consumer,West,Notebook Set,Stationery,199,2,5.0,398,378.1,179.1,199.0
102456,2023-11-25,CUST0153,Consumer,South,Mechanical Keyboard,Electronics,2499,1,0.0,2499,2499.0,1699.32,799.68
102457,2023-11-25,CUST0178,Consumer,North,Office Chair,Furniture,6499,1,0.0,6499,6499.0,4029.38,2469.62
102458,2023-11-25,CUST0247,Consumer,Central,Bluetooth Speaker,Electronics,1999,1,0.0,1999,1999.0,1359.32,639.68
102459,2023-11-25,CUST0266,Small Business,Central,Photo Frame Set,Home Decor,549,1,10.0,549,494.1,274.5,219.6
102460,2023-11-25,CUST0132,Consumer,West,Standing Desk,Furniture,14999,2,0.0,29998,29998.0,18598.76,11399.24
102461,2023-11-25,CUST0053,Enterprise,South,Bluetooth Speaker,Electronics,1999,1,0.0,1999,1999.0,1359.32,639.68
102462,2023-11-25,CUST0097,Small Business,South,Table Lamp,Furniture,899,2,0.0,1798,1798.0,1114.76,683.24
102463,2023-11-25,CUST0065,Consumer,North,Wall Clock,Home Decor,749,1,0.0,749,749.0,374.5,374.5
102464,2023-11-25,CUST0012,Enterprise,Central,Sticky Notes Pack,Stationery,99,2,15.0,198,168.3,89.1,79.2
102465,2023-11-25,CUST0286,Consumer,North,Office Chair,Furniture,6499,1,15.0,6499,5524.15,4029.38,1494.77
102466,2023-11-25,CUST0166,Corporate,North,Whiteboard,Stationery,1499,1,5.0,1499,1424.05,674.55,749.5
102467,2023-11-25,CUST0189,Small Business,North,Wall Clock,Home Decor,749,2,0.0,1498,1498.0,749.0,749.0
102468,2023-11-25,CUST0377,Corporate,West,Table Lamp,Furniture,899,1,0.0,899,899.0,557.38,341.62
102469,2023-11-25,CUST0160,Small Business,North,Wall Clock,Home Decor,749,1,0.0,749,749.0,374.5,374.5
102470,2023-11-25,CUST0352,Corporate,North,Backpack,Accessories,1799,1,10.0,1799,1619.1,989.45,629.65
102471,2023-11-25,CUST0330,Consumer,South,Wall Clock,Home Decor,749,1,0.0,749,749.0,374.5,374.5
102472,2023-11-26,CUST0351,Small Business,East,Wireless Mouse,Electronics,599,1,0.0,599,599.0,407.32,191.68
102473,2023-11-26,CUST0278,Small Business,South,Backpack,Accessories,1799,1,5.0,1799,1709.05,989.45,719.6
102474,2023-11-26,CUST0153,Consumer,South,Mechanical Keyboard,Electronics,2499,1,0.0,2499,2499.0,1699.32,799.68
102475,2023-11-26,CUST0219,Small Business,West,Mechanical Keyboard,Electronics,2499,1,0.0,2499,2499.0,1699.32,799.68
102476,2023-11-26,CUST0083,Consumer,West,Sticky Notes Pack,Stationery,99,3,0.0,297,297.0,133.65,163.35
102477,2023-11-26,CUST0290,Small Business,South,Wall Clock,Home Decor,749,1,0.0,749,749.0,374.5,374.5
102478,2023-11-26,CUST0333,Consumer,North,Water Bottle,Accessories,349,2,20.0,698,558.4,383.9,174.5
102479,2023-11-26,CUST0207,Consumer,West,Backpack,Accessories,1799,1,0.0,1799,1799.0,989.45,809.55
102480,2023-11-26,CUST0246,Corporate,South,Standing Desk,Furniture,14999,1,15.0,14999,12749.15,9299.38,3449.77
102481,2023-11-26,CUST0019,Consumer,East,Mechanical Keyboard,Electronics,2499,1,0.0,2499,2499.0,1699.32,799.68
102482,2023-11-27,CUST0207,Consumer,West,Office Chair,Furniture,6499,1,0.0,6499,6499.0,4029.38,2469.62
102483,2023-11-27,CUST0330,Consumer,South,Sticky Notes Pack,Stationery,99,2,0.0,198,198.0,89.1,108.9
102484,2023-11-27,CUST0394,Corporate,South,Whiteboard,Stationery,1499,2,15.0,2998,2548.3,1349.1,1199.2
102485,2023-11-27,CUST0300,Consumer,Central,Sticky Notes Pack,Stationery,99,2,15.0,198,168.3,89.1,79.2
102486,2023-11-27,CUST0400,Corporate,North,Photo Frame Set,Home Decor,549,2,0.0,1098,1098.0,549.0,549.0
102487,2023-11-27,CUST0149,Consumer,South,27in Monitor,Electronics,12999,1,0.0,12999,12999.0,8839.32,4159.68
102488,2023-11-27,CUST0021,Small Business,Central,Sticky Notes Pack,Stationery,99,2,0.0,198,198.0,89.1,108.9
102489,2023-11-27,CUST0076,Small Business,East,Table Lamp,Furniture,899,1,10.0,899,809.1,557.38,251.72
102490,2023-11-27,CUST0290,Small Business,South,Office Chair,Furniture,6499,1,0.0,6499,6499.0,4029.38,2469.62
102491,2023-11-27,CUST0006,Consumer,Central,Water Bottle,Accessories,349,1,0.0,349,349.0,191.95,157.05
102492,2023-11-27,CUST0218,Small Business,East,Mechanical Keyboard,Electronics,2499,2,5.0,4998,4748.1,3398.64,1349.46
102493,2023-11-27,CUST0087,Small Business,North,Notebook Set,Stationery,199,2,15.0,398,338.3,179.1,159.2
102494,2023-11-27,CUST0030,Consumer,Central,Wireless Mouse,Electronics,599,2,0.0,1198,1198.0,814.64,383.36
102495,2023-11-28,CUST0242,Enterprise,West,Whiteboard,Stationery,1499,1,5.0,1499,1424.05,674.55,749.5
102496,2023-11-28,CUST0343,Consumer,East,Photo Frame Set,Home Decor,549,1,10.0,549,494.1,274.5,219.6
102497,2023-11-28,CUST0202,Consumer,South,Photo Frame Set,Home Decor,549,1,0.0,549,549.0,274.5,274.5
102498,2023-11-28,CUST0337,Corporate,North,Wall Clock,Home Decor,749,1,0.0,749,749.0,374.5,374.5
102499,2023-11-28,CUST0271,Corporate,Central,Photo Frame Set,Home Decor,549,1,0.0,549,549.0,274.5,274.5
102500,2023-11-28,CUST0010,Small Business,West,Sticky Notes Pack,Stationery,99,1,0.0,99,99.0,44.55,54.45
102501,2023-11-28,CUST0351,Small Business,East,Backpack,Accessories,1799,1,0.0,1799,1799.0,989.45,809.55
102502,2023-11-28,CUST0239,Small Business,South,Table Lamp,Furniture,899,1,0.0,899,899.0,557.38,341.62
102503,2023-11-28,CUST0246,Corporate,South,27in Monitor,Electronics,12999,1,0.0,12999,12999.0,8839.32,4159.68
102504,2023-11-28,CUST0367,Enterprise,South,USB-C Hub,Electronics,1299,1,15.0,1299,1104.15,883.32,220.83
102505,2023-11-29,CUST0261,Small Business,South,Sticky Notes Pack,Stationery,99,1,5.0,99,94.05,44.55,49.5
102506,2023-11-29,CUST0069,Consumer,West,Water Bottle,Accessories,349,2,5.0,698,663.1,383.9,279.2
102507,2023-11-29,CUST0349,Consumer,Central,Table Lamp,Furniture,899,1,0.0,899,899.0,557.38,341.62
102508,2023-11-29,CUST0396,Enterprise,South,Bluetooth Speaker,Electronics,1999,2,5.0,3998,3798.1,2718.64,1079.46
102509,2023-11-29,CUST0192,Corporate,North,Bluetooth Speaker,Electronics,1999,2,0.0,3998,3998.0,2718.64,1279.36
102510,2023-11-29,CUST0176,Consumer,Central,Wireless Mouse,Electronics,599,1,0.0,599,599.0,407.32,191.68
102511,2023-11-29,CUST0259,Small Business,East,Wall Clock,Home Decor,749,1,0.0,749,749.0,374.5,374.5
102512,2023-11-29,CUST0343,Consumer,East,Notebook Set,Stationery,199,2,0.0,398,398.0,179.1,218.9
102513,2023-11-29,CUST0173,Small Business,North,Water Bottle,Accessories,349,2,0.0,698,698.0,383.9,314.1
102514,2023-11-29,CUST0111,Consumer,North,Standing Desk,Furniture,14999,1,0.0,14999,14999.0,9299.38,5699.62
102515,2023-11-29,CUST0231,Corporate,South,Wireless Mouse,Electronics,599,2,0.0,1198,1198.0,814.64,383.36
102516,2023-11-30,CUST0133,Consumer,West,Water Bottle,Accessories,349,1,0.0,349,349.0,191.95,157.05
102517,2023-11-30,CUST0205,Small Business,East,Sticky Notes Pack,Stationery,99,2,0.0,198,198.0,89.1,108.9
102518,2023-11-30,CUST0190,Consumer,Central,Bluetooth Speaker,Electronics,1999,1,0.0,1999,1999.0,1359.32,639.68
102519,2023-11-30,CUST0233,Small Business,North,Whiteboard,Stationery,1499,2,15.0,2998,2548.3,1349.1,1199.2
102520,2023-11-30,CUST0383,Small Business,East,Standing Desk,Furniture,14999,3,0.0,44997,44997.0,27898.14,17098.86
102521,2023-12-01,CUST0013,Corporate,North,Wall Clock,Home Decor,749,1,0.0,749,749.0,374.5,374.5
102522,2023-12-01,CUST0247,Consumer,Central,Photo Frame Set,Home Decor,549,1,0.0,549,549.0,274.5,274.5
102523,2023-12-01,CUST0291,Consumer,West,Standing Desk,Furniture,14999,1,10.0,14999,13499.1,9299.38,4199.72
102524,2023-12-01,CUST0242,Enterprise,West,Water Bottle,Accessories,349,1,0.0,349,349.0,191.95,157.05
102525,2023-12-01,CUST0096,Consumer,Central,27in Monitor,Electronics,12999,1,10.0,12999,11699.1,8839.32,2859.78
102526,2023-12-01,CUST0058,Consumer,Central,Notebook Set,Stationery,199,3,0.0,597,597.0,268.65,328.35
102527,2023-12-01,CUST0052,Corporate,North,Wall Clock,Home Decor,749,2,0.0,1498,1498.0,749.0,749.0
102528,2023-12-01,CUST0066,Small Business,Central,Bluetooth Speaker,Electronics,1999,1,5.0,1999,1899.05,1359.32,539.73
102529,2023-12-01,CUST0205,Small Business,East,Standing Desk,Furniture,14999,1,0.0,14999,14999.0,9299.38,5699.62
102530,2023-12-01,CUST0135,Enterprise,North,Wireless Mouse,Electronics,599,1,0.0,599,599.0,407.32,191.68
102531,2023-12-01,CUST0334,Consumer,West,27in Monitor,Electronics,12999,1,0.0,12999,12999.0,8839.32,4159.68
102532,2023-12-01,CUST0243,Corporate,Central,Mechanical Keyboard,Electronics,2499,1,0.0,2499,2499.0,1699.32,799.68
102533,2023-12-02,CUST0149,Consumer,South,Wall Clock,Home Decor,749,2,5.0,1498,1423.1,749.0,674.1
102534,2023-12-02,CUST0016,Consumer,North,Bluetooth Speaker,Electronics,1999,1,0.0,1999,1999.0,1359.32,639.68
102535,2023-12-02,CUST0146,Consumer,Central,Table Lamp,Furniture,899,2,5.0,1798,1708.1,1114.76,593.34
102536,2023-12-02,CUST0053,Enterprise,South,Wall Clock,Home Decor,749,1,5.0,749,711.55,374.5,337.05
102537,2023-12-02,CUST0242,Enterprise,West,Wireless Mouse,Electronics,599,1,5.0,599,569.05,407.32,161.73
102538,2023-12-02,CUST0233,Small Business,North,Table Lamp,Furniture,899,2,0.0,1798,1798.0,1114.76,683.24
102539,2023-12-02,CUST0259,Small Business,East,Whiteboard,Stationery,1499,2,0.0,2998,2998.0,1349.1,1648.9
102540,2023-12-02,CUST0291,Consumer,West,Office Chair,Furniture,6499,1,5.0,6499,6174.05,4029.38,2144.67
102541,2023-12-02,CUST0317,Consumer,North,27in Monitor,Electronics,12999,1,0.0,12999,12999.0,8839.32,4159.68
102542,2023-12-02,CUST0136,Consumer,West,Notebook Set,Stationery,199,1,0.0,199,199.0,89.55,109.45
102543,2023-12-02,CUST0155,Enterprise,South,Whiteboard,Stationery,1499,2,10.0,2998,2698.2,1349.1,1349.1
102544,2023-12-02,CUST0016,Consumer,North,Sticky Notes Pack,Stationery,99,2,0.0,198,198.0,89.1,108.9
102545,2023-12-02,CUST0283,Consumer,North,Wireless Mouse,Electronics,599,3,0.0,1797,1797.0,1221.96,575.04
102546,2023-12-02,CUST0310,Consumer,East,Bluetooth Speaker,Electronics,1999,2,0.0,3998,3998.0,2718.64,1279.36
102547,2023-12-02,CUST0192,Corporate,North,27in Monitor,Electronics,12999,1,5.0,12999,12349.05,8839.32,3509.73
102548,2023-12-02,CUST0215,Small Business,Central,Sticky Notes Pack,Stationery,99,1,15.0,99,84.15,44.55,39.6
102549,2023-12-02,CUST0314,Enterprise,West,Wall Clock,Home Decor,749,2,0.0,1498,1498.0,749.0,749.0
102550,2023-12-02,CUST0235,Consumer,Central,Wall Clock,Home Decor,749,1,0.0,749,749.0,374.5,374.5
102551,2023-12-02,CUST0038,Consumer,East,Wall Clock,Home Decor,749,1,20.0,749,599.2,374.5,224.7
102552,2023-12-02,CUST0241,Enterprise,West,Bluetooth Speaker,Electronics,1999,2,15.0,3998,3398.3,2718.64,679.66
102553,2023-12-02,CUST0394,Corporate,South,Office Chair,Furniture,6499,2,0.0,12998,12998.0,8058.76,4939.24
102554,2023-12-03,CUST0163,Small Business,East,Water Bottle,Accessories,349,1,0.0,349,349.0,191.95,157.05
102555,2023-12-03,CUST0194,Small Business,Central,Sticky Notes Pack,Stationery,99,1,5.0,99,94.05,44.55,49.5
102556,2023-12-03,CUST0278,Small Business,South,Mechanical Keyboard,Electronics,2499,1,0.0,2499,2499.0,1699.32,799.68
102557,2023-12-03,CUST0317,Consumer,North,Bookshelf,Furniture,3499,1,10.0,3499,3149.1,2169.38,979.72
102558,2023-12-03,CUST0287,Consumer,East,Wall Clock,Home Decor,749,1,0.0,749,749.0,374.5,374.5
102559,2023-12-03,CUST0095,Corporate,North,Sticky Notes Pack,Stationery,99,4,0.0,396,396.0,178.2,217.8
102560,2023-12-03,CUST0244,Consumer,South,Standing Desk,Furniture,14999,1,5.0,14999,14249.05,9299.38,4949.67
102561,2023-12-03,CUST0148,Small Business,Central,Standing Desk,Furniture,14999,1,10.0,14999,13499.1,9299.38,4199.72
102562,2023-12-03,CUST0120,Small Business,West,Standing Desk,Furniture,14999,1,10.0,14999,13499.1,9299.38,4199.72
102563,2023-12-03,CUST0143,Consumer,Central,Whiteboard,Stationery,1499,1,0.0,1499,1499.0,674.55,824.45
102564,2023-12-03,CUST0329,Consumer,Central,Water Bottle,Accessories,349,1,0.0,349,349.0,191.95,157.05
102565,2023-12-03,CUST0324,Consumer,North,Water Bottle,Accessories,349,1,10.0,349,314.1,191.95,122.15
102566,2023-12-03,CUST0109,Consumer,East,Wireless Mouse,Electronics,599,1,15.0,599,509.15,407.32,101.83
102567,2023-12-03,CUST0355,Consumer,Central,Whiteboard,Stationery,1499,2,0.0,2998,2998.0,1349.1,1648.9
102568,2023-12-03,CUST0085,Consumer,Central,Wall Clock,Home Decor,749,1,15.0,749,636.65,374.5,262.15
102569,2023-12-03,CUST0262,Enterprise,Central,27in Monitor,Electronics,12999,2,0.0,25998,25998.0,17678.64,8319.36
102570,2023-12-03,CUST0189,Small Business,North,Wireless Mouse,Electronics,599,1,0.0,599,599.0,407.32,191.68
102571,2023-12-03,CUST0190,Consumer,Central,Bluetooth Speaker,Electronics,1999,1,0.0,1999,1999.0,1359.32,639.68
102572,2023-12-04,CUST0285,Small Business,North,Backpack,Accessories,1799,1,0.0,1799,1799.0,989.45,809.55
102573,2023-12-04,CUST0101,Consumer,Central,Table Lamp,Furniture,899,1,0.0,899,899.0,557.38,341.62
102574,2023-12-04,CUST0028,Small Business,Central,Photo Frame Set,Home Decor,549,1,15.0,549,466.65,274.5,192.15
102575,2023-12-04,CUST0372,Consumer,South,Wall Clock,Home Decor,749,1,0.0,749,749.0,374.5,374.5
102576,2023-12-04,CUST0137,Small Business,East,Photo Frame Set,Home Decor,549,1,15.0,549,466.65,274.5,192.15
102577,2023-12-04,CUST0333,Consumer,North,Bluetooth Speaker,Electronics,1999,1,0.0,1999,1999.0,1359.32,639.68
102578,2023-12-04,CUST0203,Consumer,South,Photo Frame Set,Home Decor,549,1,0.0,549,549.0,274.5,274.5
102579,2023-12-04,CUST0169,Consumer,North,Backpack,Accessories,1799,1,5.0,1799,1709.05,989.45,719.6
102580,2023-12-04,CUST0248,Enterprise,East,27in Monitor,Electronics,12999,1,5.0,12999,12349.05,8839.32,3509.73
102581,2023-12-04,CUST0013,Corporate,North,Office Chair,Furniture,6499,2,0.0,12998,12998.0,8058.76,4939.24
102582,2023-12-04,CUST0015,Consumer,West,Sticky Notes Pack,Stationery,99,1,0.0,99,99.0,44.55,54.45
102583,2023-12-04,CUST0132,Consumer,West,Wall Clock,Home Decor,749,1,0.0,749,749.0,374.5,374.5
102584,2023-12-04,CUST0222,Small Business,South,Notebook Set,Stationery,199,2,0.0,398,398.0,179.1,218.9
102585,2023-12-04,CUST0157,Small Business,Central,Bluetooth Speaker,Electronics,1999,1,0.0,1999,1999.0,1359.32,639.68
102586,2023-12-04,CUST0171,Small Business,North,Photo Frame Set,Home Decor,549,1,0.0,549,549.0,274.5,274.5
102587,2023-12-04,CUST0307,Small Business,Central,Backpack,Accessories,1799,1,0.0,1799,1799.0,989.45,809.55
102588,2023-12-05,CUST0194,Small Business,Central,Mechanical Keyboard,Electronics,2499,2,0.0,4998,4998.0,3398.64,1599.36
102589,2023-12-05,CUST0110,Consumer,West,27in Monitor,Electronics,12999,1,0.0,12999,12999.0,8839.32,4159.68
102590,2023-12-05,CUST0285,Small Business,North,27in Monitor,Electronics,12999,2,10.0,25998,23398.2,17678.64,5719.56
102591,2023-12-05,CUST0301,Consumer,South,27in Monitor,Electronics,12999,1,10.0,12999,11699.1,8839.32,2859.78
102592,2023-12-05,CUST0193,Corporate,East,Mechanical Keyboard,Electronics,2499,1,0.0,2499,2499.0,1699.32,799.68
102593,2023-12-05,CUST0184,Corporate,Central,Whiteboard,Stationery,1499,1,20.0,1499,1199.2,674.55,524.65
102594,2023-12-05,CUST0172,Consumer,South,Wireless Mouse,Electronics,599,1,0.0,599,599.0,407.32,191.68
102595,2023-12-05,CUST0034,Enterprise,South,Backpack,Accessories,1799,1,0.0,1799,1799.0,989.45,809.55
102596,2023-12-05,CUST0260,Consumer,Central,Notebook Set,Stationery,199,1,0.0,199,199.0,89.55,109.45
102597,2023-12-05,CUST0216,Consumer,South,Bookshelf,Furniture,3499,1,0.0,3499,3499.0,2169.38,1329.62
102598,2023-12-05,CUST0186,Small Business,South,Standing Desk,Furniture,14999,1,0.0,14999,14999.0,9299.38,5699.62
102599,2023-12-06,CUST0351,Small Business,East,Notebook Set,Stationery,199,1,10.0,199,179.1,89.55,89.55
102600,2023-12-06,CUST0042,Consumer,South,Backpack,Accessories,1799,1,0.0,1799,1799.0,989.45,809.55
102601,2023-12-06,CUST0047,Consumer,West,Wall Clock,Home Decor,749,2,0.0,1498,1498.0,749.0,749.0
102602,2023-12-06,CUST0209,Consumer,West,Standing Desk,Furniture,14999,1,0.0,14999,14999.0,9299.38,5699.62
102603,2023-12-06,CUST0291,Consumer,West,USB-C Hub,Electronics,1299,1,15.0,1299,1104.15,883.32,220.83
102604,2023-12-06,CUST0052,Corporate,North,Water Bottle,Accessories,349,1,0.0,349,349.0,191.95,157.05
102605,2023-12-06,CUST0030,Consumer,Central,Notebook Set,Stationery,199,1,0.0,199,199.0,89.55,109.45
102606,2023-12-06,CUST0163,Small Business,East,Bluetooth Speaker,Electronics,1999,1,0.0,1999,1999.0,1359.32,639.68
102607,2023-12-06,CUST0063,Corporate,West,Water Bottle,Accessories,349,2,0.0,698,698.0,383.9,314.1
102608,2023-12-06,CUST0157,Small Business,Central,Bookshelf,Furniture,3499,3,0.0,10497,10497.0,6508.14,3988.86
102609,2023-12-06,CUST0369,Consumer,Central,Wall Clock,Home Decor,749,2,5.0,1498,1423.1,749.0,674.1
102610,2023-12-06,CUST0298,Consumer,West,Whiteboard,Stationery,1499,1,0.0,1499,1499.0,674.55,824.45
102611,2023-12-06,CUST0016,Consumer,North,Standing Desk,Furniture,14999,1,0.0,14999,14999.0,9299.38,5699.62
102612,2023-12-06,CUST0162,Small Business,North,Whiteboard,Stationery,1499,2,10.0,2998,2698.2,1349.1,1349.1
102613,2023-12-06,CUST0197,Small Business,North,Table Lamp,Furniture,899,3,0.0,2697,2697.0,1672.14,1024.86
102614,2023-12-06,CUST0149,Consumer,South,Water Bottle,Accessories,349,2,10.0,698,628.2,383.9,244.3
102615,2023-12-07,CUST0046,Small Business,South,Notebook Set,Stationery,199,1,5.0,199,189.05,89.55,99.5
102616,2023-12-07,CUST0353,Small Business,East,Photo Frame Set,Home Decor,549,1,0.0,549,549.0,274.5,274.5
102617,2023-12-07,CUST0136,Consumer,West,Mechanical Keyboard,Electronics,2499,2,5.0,4998,4748.1,3398.64,1349.46
102618,2023-12-07,CUST0198,Corporate,North,Whiteboard,Stationery,1499,1,0.0,1499,1499.0,674.55,824.45
102619,2023-12-07,CUST0294,Consumer,East,Sticky Notes Pack,Stationery,99,2,10.0,198,178.2,89.1,89.1
102620,2023-12-07,CUST0032,Consumer,Central,Wireless Mouse,Electronics,599,2,0.0,1198,1198.0,814.64,383.36
102621,2023-12-07,CUST0235,Consumer,Central,Wall Clock,Home Decor,749,2,0.0,1498,1498.0,749.0,749.0
102622,2023-12-07,CUST0359,Enterprise,West,Standing Desk,Furniture,14999,1,5.0,14999,14249.05,9299.38,4949.67
102623,2023-12-07,CUST0379,Corporate,West,Mechanical Keyboard,Electronics,2499,1,0.0,2499,2499.0,1699.32,799.68
102624,2023-12-07,CUST0079,Consumer,Central,Backpack,Accessories,1799,3,5.0,5397,5127.15,2968.35,2158.8
102625,2023-12-07,CUST0050,Consumer,Central,Bluetooth Speaker,Electronics,1999,1,0.0,1999,1999.0,1359.32,639.68
102626,2023-12-08,CUST0205,Small Business,East,Water Bottle,Accessories,349,1,0.0,349,349.0,191.95,157.05
102627,2023-12-08,CUST0178,Consumer,North,Wireless Mouse,Electronics,599,1,0.0,599,599.0,407.32,191.68
102628,2023-12-08,CUST0337,Corporate,North,Whiteboard,Stationery,1499,1,0.0,1499,1499.0,674.55,824.45
102629,2023-12-08,CUST0351,Small Business,East,Backpack,Accessories,1799,1,0.0,1799,1799.0,989.45,809.55
102630,2023-12-08,CUST0281,Corporate,Central,Backpack,Accessories,1799,1,5.0,1799,1709.05,989.45,719.6
102631,2023-12-08,CUST0103,Consumer,Central,Table Lamp,Furniture,899,1,5.0,899,854.05,557.38,296.67
102632,2023-12-08,CUST0272,Corporate,Central,Bluetooth Speaker,Electronics,1999,1,10.0,1999,1799.1,1359.32,439.78
102633,2023-12-08,CUST0137,Small Business,East,27in Monitor,Electronics,12999,1,0.0,12999,12999.0,8839.32,4159.68
102634,2023-12-08,CUST0148,Small Business,Central,USB-C Hub,Electronics,1299,1,20.0,1299,1039.2,883.32,155.88
102635,2023-12-08,CUST0300,Consumer,Central,Bluetooth Speaker,Electronics,1999,1,20.0,1999,1599.2,1359.32,239.88
102636,2023-12-08,CUST0255,Consumer,West,Notebook Set,Stationery,199,1,0.0,199,199.0,89.55,109.45
102637,2023-12-09,CUST0097,Small Business,South,Bookshelf,Furniture,3499,1,10.0,3499,3149.1,2169.38,979.72
102638,2023-12-09,CUST0156,Consumer,East,Wireless Mouse,Electronics,599,1,0.0,599,599.0,407.32,191.68
102639,2023-12-09,CUST0205,Small Business,East,Table Lamp,Furniture,899,1,0.0,899,899.0,557.38,341.62
102640,2023-12-09,CUST0117,Corporate,East,Mechanical Keyboard,Electronics,2499,1,0.0,2499,2499.0,1699.32,799.68
102641,2023-12-09,CUST0189,Small Business,North,Notebook Set,Stationery,199,2,0.0,398,398.0,179.1,218.9
102642,2023-12-09,CUST0274,Corporate,Central,27in Monitor,Electronics,12999,4,0.0,51996,51996.0,35357.28,16638.72
102643,2023-12-09,CUST0287,Consumer,East,Whiteboard,Stationery,1499,1,0.0,1499,1499.0,674.55,824.45
102644,2023-12-09,CUST0162,Small Business,North,Whiteboard,Stationery,1499,1,0.0,1499,1499.0,674.55,824.45
102645,2023-12-09,CUST0274,Corporate,Central,Bluetooth Speaker,Electronics,1999,1,5.0,1999,1899.05,1359.32,539.73
102646,2023-12-09,CUST0116,Corporate,Central,Mechanical Keyboard,Electronics,2499,1,,2499,2374.05,1699.32,674.73
102647,2023-12-09,CUST0211,Small Business,East,Water Bottle,Accessories,349,1,0.0,349,349.0,191.95,157.05
102648,2023-12-10,CUST0388,Consumer,North,Photo Frame Set,Home Decor,549,2,0.0,1098,1098.0,549.0,549.0
102649,2023-12-10,CUST0193,Corporate,East,Table Lamp,Furniture,899,2,0.0,1798,1798.0,1114.76,683.24
102650,2023-12-10,CUST0134,Consumer,Central,Wall Clock,Home Decor,749,3,0.0,2247,2247.0,1123.5,1123.5
102651,2023-12-10,CUST0246,Corporate,South,Standing Desk,Furniture,14999,2,10.0,29998,26998.2,18598.76,8399.44
102652,2023-12-10,CUST0359,Enterprise,West,Bookshelf,Furniture,3499,1,5.0,3499,3324.05,2169.38,1154.67
102653,2023-12-10,CUST0155,Enterprise,South,Mechanical Keyboard,Electronics,2499,1,0.0,2499,2499.0,1699.32,799.68
102654,2023-12-10,CUST0336,Consumer,South,Bluetooth Speaker,Electronics,1999,1,0.0,1999,1999.0,1359.32,639.68
102655,2023-12-10,CUST0392,Consumer,South,Photo Frame Set,Home Decor,549,2,0.0,1098,1098.0,549.0,549.0
102656,2023-12-10,CUST0176,Consumer,Central,27in Monitor,Electronics,12999,1,0.0,12999,12999.0,8839.32,4159.68
102657,2023-12-10,CUST0318,Consumer,South,Standing Desk,Furniture,14999,1,20.0,14999,11999.2,9299.38,2699.82
102658,2023-12-10,CUST0092,Small Business,West,Photo Frame Set,Home Decor,549,2,0.0,1098,1098.0,549.0,549.0
102659,2023-12-10,CUST0289,Consumer,North,Sticky Notes Pack,Stationery,99,2,5.0,198,188.1,89.1,99.0
102660,2023-12-10,CUST0364,Small Business,North,Water Bottle,Accessories,349,1,10.0,349,314.1,191.95,122.15
102661,2023-12-10,CUST0014,Consumer,East,27in Monitor,Electronics,12999,2,0.0,25998,25998.0,17678.64,8319.36
102662,2023-12-10,CUST0300,Consumer,Central,Wireless Mouse,Electronics,599,2,0.0,1198,1198.0,814.64,383.36
102663,2023-12-11,CUST0264,Small Business,East,27in Monitor,Electronics,12999,2,0.0,25998,25998.0,17678.64,8319.36
102664,2023-12-11,CUST0213,Small Business,North,Table Lamp,Furniture,899,2,0.0,1798,1798.0,1114.76,683.24
102665,2023-12-11,CUST0112,Consumer,South,Backpack,Accessories,1799,1,0.0,1799,1799.0,989.45,809.55
102666,2023-12-11,CUST0087,Small Business,North,Photo Frame Set,Home Decor,549,1,10.0,549,494.1,274.5,219.6
102667,2023-12-11,CUST0090,Consumer,West,Wall Clock,Home Decor,749,1,0.0,749,749.0,374.5,374.5
102668,2023-12-11,CUST0167,Consumer,East,Office Chair,Furniture,6499,1,5.0,6499,6174.05,4029.38,2144.67
102669,2023-12-11,CUST0106,Consumer,Central,Water Bottle,Accessories,349,4,10.0,1396,1256.4,767.8,488.6
102670,2023-12-11,CUST0154,Consumer,South,Water Bottle,Accessories,349,2,0.0,698,698.0,383.9,314.1
102671,2023-12-11,CUST0018,Small Business,West,Water Bottle,Accessories,349,1,,349,349.0,191.95,157.05
102672,2023-12-11,CUST0145,Consumer,Central,Notebook Set,Stationery,199,2,5.0,398,378.1,179.1,199.0
102673,2023-12-11,CUST0063,Corporate,West,Photo Frame Set,Home Decor,549,1,15.0,549,466.65,274.5,192.15
102674,2023-12-11,CUST0134,Consumer,Central,USB-C Hub,Electronics,1299,1,20.0,1299,1039.2,883.32,155.88
102675,2023-12-11,CUST0128,Corporate,South,Wall Clock,Home Decor,749,2,10.0,1498,1348.2,749.0,599.2
102676,2023-12-11,CUST0180,Consumer,Central,Notebook Set,Stationery,199,1,0.0,199,199.0,89.55,109.45
102677,2023-12-11,CUST0270,Consumer,South,Bookshelf,Furniture,3499,1,5.0,3499,3324.05,2169.38,1154.67
102678,2023-12-12,CUST0285,Small Business,North,Standing Desk,Furniture,14999,1,0.0,14999,14999.0,9299.38,5699.62
102679,2023-12-12,CUST0144,Consumer,West,27in Monitor,Electronics,12999,1,0.0,12999,12999.0,8839.32,4159.68
102680,2023-12-12,CUST0281,Corporate,Central,Bookshelf,Furniture,3499,1,0.0,3499,3499.0,2169.38,1329.62
102681,2023-12-12,CUST0399,Corporate,Central,Wireless Mouse,Electronics,599,1,0.0,599,599.0,407.32,191.68
102682,2023-12-12,CUST0186,Small Business,South,27in Monitor,Electronics,12999,1,0.0,12999,12999.0,8839.32,4159.68
102683,2023-12-12,CUST0135,Enterprise,North,27in Monitor,Electronics,12999,1,10.0,12999,11699.1,8839.32,2859.78
102684,2023-12-12,CUST0289,Consumer,North,Wireless Mouse,Electronics,599,3,0.0,1797,1797.0,1221.96,575.04
102685,2023-12-13,CUST0266,Small Business,Central,Whiteboard,Stationery,1499,1,0.0,1499,1499.0,674.55,824.45
102686,2023-12-13,CUST0295,Consumer,Central,Notebook Set,Stationery,199,3,20.0,597,477.6,268.65,208.95
102687,2023-12-13,CUST0214,Consumer,Central,27in Monitor,Electronics,12999,1,0.0,12999,12999.0,8839.32,4159.68
102688,2023-12-13,CUST0204,Corporate,East,Water Bottle,Accessories,349,2,5.0,698,663.1,383.9,279.2
102689,2023-12-13,CUST0304,Small Business,East,Bluetooth Speaker,Electronics,1999,1,0.0,1999,1999.0,1359.32,639.68
102690,2023-12-13,CUST0229,Corporate,North,Whiteboard,Stationery,1499,4,0.0,5996,5996.0,2698.2,3297.8
102691,2023-12-13,CUST0254,Consumer,West,Mechanical Keyboard,Electronics,2499,2,0.0,4998,4998.0,3398.64,1599.36
102692,2023-12-13,CUST0388,Consumer,North,Table Lamp,Furniture,899,1,5.0,899,854.05,557.38,296.67
102693,2023-12-13,CUST0049,Small Business,Central,Wall Clock,Home Decor,749,1,10.0,749,674.1,374.5,299.6
102694,2023-12-13,CUST0274,Corporate,Central,Standing Desk,Furniture,14999,1,0.0,14999,14999.0,9299.38,5699.62
102695,2023-12-13,CUST0007,Consumer,East,Bookshelf,Furniture,3499,1,0.0,3499,3499.0,2169.38,1329.62
102696,2023-12-14,CUST0104,Small Business,East,Water Bottle,Accessories,349,2,20.0,698,558.4,383.9,174.5
102697,2023-12-14,CUST0144,Consumer,West,Backpack,Accessories,1799,1,10.0,1799,1619.1,989.45,629.65
102698,2023-12-14,CUST0068,Corporate,West,USB-C Hub,Electronics,1299,1,0.0,1299,1299.0,883.32,415.68
102699,2023-12-14,CUST0352,Corporate,North,Backpack,Accessories,1799,1,0.0,1799,1799.0,989.45,809.55
102700,2023-12-14,CUST0155,Enterprise,South,Bluetooth Speaker,Electronics,1999,1,0.0,1999,1999.0,1359.32,639.68
102701,2023-12-14,CUST0213,Small Business,North,Photo Frame Set,Home Decor,549,1,10.0,549,494.1,274.5,219.6
102702,2023-12-14,CUST0216,Consumer,South,Photo Frame Set,Home Decor,549,1,5.0,549,521.55,274.5,247.05
102703,2023-12-14,CUST0114,Corporate,North,Wireless Mouse,Electronics,599,1,0.0,599,599.0,407.32,191.68
102704,2023-12-14,CUST0179,Enterprise,Central,27in Monitor,Electronics,12999,1,10.0,12999,11699.1,8839.32,2859.78
102705,2023-12-14,CUST0325,Enterprise,West,Office Chair,Furniture,6499,1,10.0,6499,5849.1,4029.38,1819.72
102706,2023-12-14,CUST0253,Corporate,East,Sticky Notes Pack,Stationery,99,1,0.0,99,99.0,44.55,54.45
102707,2023-12-15,CUST0125,Consumer,South,Whiteboard,Stationery,1499,2,5.0,2998,2848.1,1349.1,1499.0
102708,2023-12-15,CUST0240,Consumer,North,Office Chair,Furniture,6499,1,20.0,6499,5199.2,4029.38,1169.82
102709,2023-12-15,CUST0231,Corporate,South,Photo Frame Set,Home Decor,549,1,0.0,549,549.0,274.5,274.5
102710,2023-12-15,CUST0118,Consumer,North,Sticky Notes Pack,Stationery,99,2,5.0,198,188.1,89.1,99.0
102711,2023-12-15,CUST0399,Corporate,Central,Wireless Mouse,Electronics,599,1,0.0,599,599.0,407.32,191.68
102712,2023-12-15,CUST0239,Small Business,South,Table Lamp,Furniture,899,2,0.0,1798,1798.0,1114.76,683.24
102713,2023-12-15,CUST0077,Corporate,East,Wall Clock,Home Decor,749,3,0.0,2247,2247.0,1123.5,1123.5
102714,2023-12-16,CUST0001,Consumer,North,Table Lamp,Furniture,899,1,,899,899.0,557.38,341.62
102715,2023-12-16,CUST0173,Small Business,North,Whiteboard,Stationery,1499,1,0.0,1499,1499.0,674.55,824.45
102716,2023-12-16,CUST0338,Small Business,Central,Bookshelf,Furniture,3499,1,10.0,3499,3149.1,2169.38,979.72
102717,2023-12-16,CUST0203,Consumer,South,Sticky Notes Pack,Stationery,99,1,5.0,99,94.05,44.55,49.5
102718,2023-12-16,CUST0351,Small Business,East,Mechanical Keyboard,Electronics,2499,1,0.0,2499,2499.0,1699.32,799.68
102719,2023-12-16,CUST0161,Consumer,South,Wall Clock,Home Decor,749,1,5.0,749,711.55,374.5,337.05
102720,2023-12-16,CUST0037,Consumer,Central,Wall Clock,Home Decor,749,2,0.0,1498,1498.0,749.0,749.0
102721,2023-12-16,CUST0012,Enterprise,Central,Sticky Notes Pack,Stationery,99,2,0.0,198,198.0,89.1,108.9
102722,2023-12-16,CUST0135,Enterprise,North,Mechanical Keyboard,Electronics,2499,1,0.0,2499,2499.0,1699.32,799.68
102723,2023-12-16,CUST0206,Consumer,South,Photo Frame Set,Home Decor,549,2,0.0,1098,1098.0,549.0,549.0
102724,2023-12-16,CUST0337,Corporate,North,27in Monitor,Electronics,12999,4,10.0,51996,46796.4,35357.28,11439.12
102725,2023-12-16,CUST0319,Consumer,West,Bluetooth Speaker,Electronics,1999,1,0.0,1999,1999.0,1359.32,639.68
102726,2023-12-16,CUST0190,Consumer,Central,Standing Desk,Furniture,14999,2,5.0,29998,28498.1,18598.76,9899.34
102727,2023-12-16,CUST0331,Consumer,West,Standing Desk,Furniture,14999,1,0.0,14999,14999.0,9299.38,5699.62
102728,2023-12-16,CUST0166,Corporate,North,Whiteboard,Stationery,1499,1,0.0,1499,1499.0,674.55,824.45
102729,2023-12-16,CUST0073,Consumer,East,USB-C Hub,Electronics,1299,1,0.0,1299,1299.0,883.32,415.68
102730,2023-12-16,CUST0268,Small Business,South,Whiteboard,Stationery,1499,1,0.0,1499,1499.0,674.55,824.45
102731,2023-12-17,CUST0265,Corporate,East,Standing Desk,Furniture,14999,1,10.0,14999,13499.1,9299.38,4199.72
102732,2023-12-17,CUST0318,Consumer,South,Bookshelf,Furniture,3499,1,0.0,3499,3499.0,2169.38,1329.62
102733,2023-12-17,CUST0182,Consumer,Central,Bookshelf,Furniture,3499,1,0.0,3499,3499.0,2169.38,1329.62
102734,2023-12-17,CUST0382,Small Business,Central,Standing Desk,Furniture,14999,1,0.0,14999,14999.0,9299.38,5699.62
102735,2023-12-17,CUST0092,Small Business,West,Backpack,Accessories,1799,1,0.0,1799,1799.0,989.45,809.55
102736,2023-12-17,CUST0053,Enterprise,South,Notebook Set,Stationery,199,1,0.0,199,199.0,89.55,109.45
102737,2023-12-18,CUST0142,Consumer,West,Wireless Mouse,Electronics,599,2,0.0,1198,1198.0,814.64,383.36
102738,2023-12-18,CUST0292,Consumer,North,Sticky Notes Pack,Stationery,99,2,0.0,198,198.0,89.1,108.9
102739,2023-12-18,CUST0257,Enterprise,East,Notebook Set,Stationery,199,3,5.0,597,567.15,268.65,298.5
102740,2023-12-18,CUST0039,Small Business,Central,27in Monitor,Electronics,12999,2,10.0,25998,23398.2,17678.64,5719.56
102741,2023-12-18,CUST0301,Consumer,South,Mechanical Keyboard,Electronics,2499,1,5.0,2499,2374.05,1699.32,674.73
102742,2023-12-18,CUST0398,Consumer,North,Notebook Set,Stationery,199,2,10.0,398,358.2,179.1,179.1
102743,2023-12-18,CUST0006,Consumer,Central,Whiteboard,Stationery,1499,2,0.0,2998,2998.0,1349.1,1648.9
102744,2023-12-18,CUST0344,Consumer,Central,Standing Desk,Furniture,14999,1,0.0,14999,14999.0,9299.38,5699.62
102745,2023-12-18,CUST0083,Consumer,West,Whiteboard,Stationery,1499,1,0.0,1499,1499.0,674.55,824.45
102746,2023-12-18,CUST0022,Consumer,Central,Mechanical Keyboard,Electronics,2499,1,0.0,2499,2499.0,1699.32,799.68
102747,2023-12-19,CUST0131,Consumer,South,Wireless Mouse,Electronics,599,1,0.0,599,599.0,407.32,191.68
102748,2023-12-19,CUST0072,Consumer,West,Wireless Mouse,Electronics,599,1,0.0,599,599.0,407.32,191.68
102749,2023-12-19,CUST0232,Small Business,East,Wireless Mouse,Electronics,599,1,0.0,599,599.0,407.32,191.68
102750,2023-12-19,CUST0246,Corporate,South,Standing Desk,Furniture,14999,1,0.0,14999,14999.0,9299.38,5699.62
102751,2023-12-19,CUST0194,Small Business,Central,Wall Clock,Home Decor,749,1,0.0,749,749.0,374.5,374.5
102752,2023-12-19,CUST0010,Small Business,West,Mechanical Keyboard,Electronics,2499,1,0.0,2499,2499.0,1699.32,799.68
102753,2023-12-19,CUST0270,Consumer,South,USB-C Hub,Electronics,1299,1,0.0,1299,1299.0,883.32,415.68
102754,2023-12-19,CUST0272,Corporate,Central,Backpack,Accessories,1799,2,5.0,3598,3418.1,1978.9,1439.2
102755,2023-12-19,CUST0294,Consumer,East,Table Lamp,Furniture,899,1,0.0,899,899.0,557.38,341.62
102756,2023-12-19,CUST0319,Consumer,West,Bookshelf,Furniture,3499,1,20.0,3499,2799.2,2169.38,629.82
102757,2023-12-20,CUST0067,Consumer,West,Wireless Mouse,Electronics,599,2,5.0,1198,1138.1,814.64,323.46
102758,2023-12-20,CUST0119,Corporate,East,Wireless Mouse,Electronics,599,1,0.0,599,599.0,407.32,191.68
102759,2023-12-20,CUST0185,Consumer,Central,Standing Desk,Furniture,14999,1,15.0,14999,12749.15,9299.38,3449.77
102760,2023-12-20,CUST0077,Corporate,East,Wireless Mouse,Electronics,599,1,0.0,599,599.0,407.32,191.68
102761,2023-12-20,CUST0165,Consumer,South,Photo Frame Set,Home Decor,549,1,0.0,549,549.0,274.5,274.5
102762,2023-12-20,CUST0235,Consumer,Central,Notebook Set,Stationery,199,1,5.0,199,189.05,89.55,99.5
102763,2023-12-20,CUST0005,Consumer,North,Backpack,Accessories,1799,2,0.0,3598,3598.0,1978.9,1619.1
102764,2023-12-20,CUST0343,Consumer,East,Standing Desk,Furniture,14999,2,0.0,29998,29998.0,18598.76,11399.24
102765,2023-12-20,CUST0307,Small Business,Central,Photo Frame Set,Home Decor,549,1,0.0,549,549.0,274.5,274.5
102766,2023-12-21,CUST0190,Consumer,Central,Mechanical Keyboard,Electronics,2499,1,,2499,2499.0,1699.32,799.68
102767,2023-12-21,CUST0392,Consumer,South,Photo Frame Set,Home Decor,549,1,0.0,549,549.0,274.5,274.5
102768,2023-12-21,CUST0041,Consumer,East,Table Lamp,Furniture,899,1,20.0,899,719.2,557.38,161.82
102769,2023-12-21,CUST0373,Consumer,West,27in Monitor,Electronics,12999,1,0.0,12999,12999.0,8839.32,4159.68
102770,2023-12-21,CUST0324,Consumer,North,Sticky Notes Pack,Stationery,99,2,10.0,198,178.2,89.1,89.1
102771,2023-12-21,CUST0322,Small Business,Central,Wireless Mouse,Electronics,599,4,0.0,2396,2396.0,1629.28,766.72
102772,2023-12-21,CUST0016,Consumer,North,27in Monitor,Electronics,12999,2,15.0,25998,22098.3,17678.64,4419.66
102773,2023-12-21,CUST0127,Corporate,West,27in Monitor,Electronics,12999,1,0.0,12999,12999.0,8839.32,4159.68
102774,2023-12-21,CUST0385,Small Business,Central,Standing Desk,Furniture,14999,1,5.0,14999,14249.05,9299.38,4949.67
102775,2023-12-21,CUST0065,Consumer,North,USB-C Hub,Electronics,1299,1,0.0,1299,1299.0,883.32,415.68
102776,2023-12-22,CUST0375,Consumer,West,USB-C Hub,Electronics,1299,2,0.0,2598,2598.0,1766.64,831.36
102777,2023-12-22,CUST0321,Small Business,North,Wireless Mouse,Electronics,599,1,5.0,599,569.05,407.32,161.73
102778,2023-12-22,CUST0278,Small Business,South,Wireless Mouse,Electronics,599,2,0.0,1198,1198.0,814.64,383.36
102779,2023-12-22,CUST0095,Corporate,North,Bluetooth Speaker,Electronics,1999,2,0.0,3998,3998.0,2718.64,1279.36
102780,2023-12-22,CUST0014,Consumer,East,Bookshelf,Furniture,3499,2,0.0,6998,6998.0,4338.76,2659.24
102781,2023-12-22,CUST0376,Consumer,North,Whiteboard,Stationery,1499,1,0.0,1499,1499.0,674.55,824.45
102782,2023-12-22,CUST0036,Corporate,South,Wall Clock,Home Decor,749,1,20.0,749,599.2,374.5,224.7
102783,2023-12-22,CUST0260,Consumer,Central,Sticky Notes Pack,Stationery,99,1,5.0,99,94.05,44.55,49.5
102784,2023-12-23,CUST0202,Consumer,South,Wireless Mouse,Electronics,599,1,20.0,599,479.2,407.32,71.88
102785,2023-12-23,CUST0067,Consumer,West,Notebook Set,Stationery,199,4,5.0,796,756.2,358.2,398.0
102786,2023-12-23,CUST0274,Corporate,Central,Whiteboard,Stationery,1499,1,15.0,1499,1274.15,674.55,599.6
102787,2023-12-23,CUST0152,Consumer,North,Bluetooth Speaker,Electronics,1999,1,0.0,1999,1999.0,1359.32,639.68
102788,2023-12-23,CUST0379,Corporate,West,Wall Clock,Home Decor,749,1,20.0,749,599.2,374.5,224.7
102789,2023-12-23,CUST0084,Consumer,West,Whiteboard,Stationery,1499,1,0.0,1499,1499.0,674.55,824.45
102790,2023-12-23,CUST0309,Corporate,South,Bluetooth Speaker,Electronics,1999,1,10.0,1999,1799.1,1359.32,439.78
102791,2023-12-23,CUST0302,Small Business,East,Standing Desk,Furniture,14999,1,5.0,14999,14249.05,9299.38,4949.67
102792,2023-12-23,CUST0389,Corporate,South,Wall Clock,Home Decor,749,1,0.0,749,749.0,374.5,374.5
102793,2023-12-23,CUST0082,Small Business,South,Bluetooth Speaker,Electronics,1999,1,20.0,1999,1599.2,1359.32,239.88
102794,2023-12-23,CUST0278,Small Business,South,Mechanical Keyboard,Electronics,2499,1,0.0,2499,2499.0,1699.32,799.68
102795,2023-12-24,CUST0175,Small Business,North,27in Monitor,Electronics,12999,2,15.0,25998,22098.3,17678.64,4419.66
102796,2023-12-24,CUST0115,Small Business,North,Standing Desk,Furniture,14999,1,0.0,14999,14999.0,9299.38,5699.62
102797,2023-12-24,CUST0226,Consumer,South,Standing Desk,Furniture,14999,2,0.0,29998,29998.0,18598.76,11399.24
102798,2023-12-24,CUST0024,Consumer,West,Table Lamp,Furniture,899,1,0.0,899,899.0,557.38,341.62
102799,2023-12-24,CUST0255,Consumer,West,Wireless Mouse,Electronics,599,1,10.0,599,539.1,407.32,131.78
102800,2023-12-24,CUST0220,Corporate,South,Photo Frame Set,Home Decor,549,1,0.0,549,549.0,274.5,274.5
102801,2023-12-24,CUST0375,Consumer,West,Mechanical Keyboard,Electronics,2499,2,0.0,4998,4998.0,3398.64,1599.36
102802,2023-12-24,CUST0042,Consumer,South,Table Lamp,Furniture,899,3,0.0,2697,2697.0,1672.14,1024.86
102803,2023-12-24,CUST0288,Small Business,Central,Mechanical Keyboard,Electronics,2499,2,0.0,4998,4998.0,3398.64,1599.36
102804,2023-12-25,CUST0219,Small Business,West,Wall Clock,Home Decor,749,1,0.0,749,749.0,374.5,374.5
102805,2023-12-25,CUST0369,Consumer,Central,Bluetooth Speaker,Electronics,1999,1,15.0,1999,1699.15,1359.32,339.83
102806,2023-12-25,CUST0190,Consumer,Central,Notebook Set,Stationery,199,2,5.0,398,378.1,179.1,199.0
102807,2023-12-25,CUST0336,Consumer,South,Bluetooth Speaker,Electronics,1999,1,5.0,1999,1899.05,1359.32,539.73
102808,2023-12-25,CUST0380,Consumer,North,Table Lamp,Furniture,899,1,0.0,899,899.0,557.38,341.62
102809,2023-12-25,CUST0049,Small Business,Central,Bookshelf,Furniture,3499,1,10.0,3499,3149.1,2169.38,979.72
102810,2023-12-25,CUST0148,Small Business,Central,27in Monitor,Electronics,12999,1,0.0,12999,12999.0,8839.32,4159.68
102811,2023-12-25,CUST0305,Small Business,East,USB-C Hub,Electronics,1299,1,10.0,1299,1169.1,883.32,285.78
102812,2023-12-26,CUST0042,Consumer,South,USB-C Hub,Electronics,1299,1,20.0,1299,1039.2,883.32,155.88
102813,2023-12-26,CUST0180,Consumer,Central,Bluetooth Speaker,Electronics,1999,1,10.0,1999,1799.1,1359.32,439.78
102814,2023-12-26,CUST0126,Consumer,West,27in Monitor,Electronics,12999,4,0.0,51996,51996.0,35357.28,16638.72
102815,2023-12-26,CUST0299,Small Business,South,USB-C Hub,Electronics,1299,2,5.0,2598,2468.1,1766.64,701.46
102816,2023-12-26,CUST0125,Consumer,South,Mechanical Keyboard,Electronics,2499,1,5.0,2499,2374.05,1699.32,674.73
102817,2023-12-26,CUST0024,Consumer,West,Bluetooth Speaker,Electronics,1999,1,5.0,1999,1899.05,1359.32,539.73
102818,2023-12-26,CUST0010,Small Business,West,Wireless Mouse,Electronics,599,1,0.0,599,599.0,407.32,191.68
102819,2023-12-26,CUST0126,Consumer,West,Notebook Set,Stationery,199,1,20.0,199,159.2,89.55,69.65
102820,2023-12-26,CUST0021,Small Business,Central,Mechanical Keyboard,Electronics,2499,2,0.0,4998,4998.0,3398.64,1599.36
102821,2023-12-26,CUST0240,Consumer,North,Wall Clock,Home Decor,749,1,0.0,749,749.0,374.5,374.5
102822,2023-12-26,CUST0242,Enterprise,West,Bookshelf,Furniture,3499,1,0.0,3499,3499.0,2169.38,1329.62
102823,2023-12-27,CUST0178,Consumer,North,Bookshelf,Furniture,3499,1,5.0,3499,3324.05,2169.38,1154.67
102824,2023-12-27,CUST0108,Corporate,East,Office Chair,Furniture,6499,2,0.0,12998,12998.0,8058.76,4939.24
102825,2023-12-27,CUST0164,Small Business,Central,27in Monitor,Electronics,12999,1,0.0,12999,12999.0,8839.32,4159.68
102826,2023-12-27,CUST0238,Consumer,North,Mechanical Keyboard,Electronics,2499,1,0.0,2499,2499.0,1699.32,799.68
102827,2023-12-27,CUST0123,Consumer,West,Bluetooth Speaker,Electronics,1999,4,5.0,7996,7596.2,5437.28,2158.92
102828,2023-12-27,CUST0198,Corporate,North,Office Chair,Furniture,6499,1,0.0,6499,6499.0,4029.38,2469.62
102829,2023-12-27,CUST0332,Corporate,South,Standing Desk,Furniture,14999,1,5.0,14999,14249.05,9299.38,4949.67
102830,2023-12-28,CUST0231,Corporate,South,Mechanical Keyboard,Electronics,2499,2,0.0,4998,4998.0,3398.64,1599.36
102831,2023-12-28,CUST0276,Small Business,West,27in Monitor,Electronics,12999,2,0.0,25998,25998.0,17678.64,8319.36
102832,2023-12-28,CUST0066,Small Business,Central,Standing Desk,Furniture,14999,1,0.0,14999,14999.0,9299.38,5699.62
102833,2023-12-28,CUST0130,Small Business,West,Bluetooth Speaker,Electronics,1999,2,0.0,3998,3998.0,2718.64,1279.36
102834,2023-12-28,CUST0226,Consumer,South,Mechanical Keyboard,Electronics,2499,1,0.0,2499,2499.0,1699.32,799.68
102835,2023-12-28,CUST0340,Consumer,South,Mechanical Keyboard,Electronics,2499,1,10.0,2499,2249.1,1699.32,549.78
102836,2023-12-28,CUST0204,Corporate,East,Wall Clock,Home Decor,749,1,5.0,749,711.55,374.5,337.05
102837,2023-12-28,CUST0016,Consumer,North,Office Chair,Furniture,6499,4,5.0,25996,24696.2,16117.52,8578.68
102838,2023-12-29,CUST0334,Consumer,West,Wall Clock,Home Decor,749,1,0.0,749,749.0,374.5,374.5
102839,2023-12-29,CUST0172,Consumer,South,Wall Clock,Home Decor,749,1,0.0,749,749.0,374.5,374.5
102840,2023-12-29,CUST0030,Consumer,Central,Wall Clock,Home Decor,749,1,0.0,749,749.0,374.5,374.5
102841,2023-12-29,CUST0173,Small Business,North,Table Lamp,Furniture,899,1,0.0,899,899.0,557.38,341.62
102842,2023-12-29,CUST0228,Consumer,North,Backpack,Accessories,1799,1,5.0,1799,1709.05,989.45,719.6
102843,2023-12-29,CUST0173,Small Business,North,Wall Clock,Home Decor,749,1,0.0,749,749.0,374.5,374.5
102844,2023-12-29,CUST0133,Consumer,West,Standing Desk,Furniture,14999,1,0.0,14999,14999.0,9299.38,5699.62
102845,2023-12-29,CUST0350,Small Business,West,Office Chair,Furniture,6499,1,5.0,6499,6174.05,4029.38,2144.67
102846,2023-12-29,CUST0025,Consumer,North,Bluetooth Speaker,Electronics,1999,1,0.0,1999,1999.0,1359.32,639.68
102847,2023-12-29,CUST0328,Small Business,North,Standing Desk,Furniture,14999,1,0.0,14999,14999.0,9299.38,5699.62
102848,2023-12-29,CUST0189,Small Business,North,Wall Clock,Home Decor,749,4,0.0,2996,2996.0,1498.0,1498.0
102849,2023-12-29,CUST0395,Consumer,Central,Notebook Set,Stationery,199,1,5.0,199,189.05,89.55,99.5
102850,2023-12-29,CUST0350,Small Business,West,Whiteboard,Stationery,1499,2,0.0,2998,2998.0,1349.1,1648.9
102851,2023-12-30,CUST0156,Consumer,East,USB-C Hub,Electronics,1299,1,10.0,1299,1169.1,883.32,285.78
102852,2023-12-30,CUST0369,Consumer,Central,Office Chair,Furniture,6499,1,0.0,6499,6499.0,4029.38,2469.62
102853,2023-12-30,CUST0241,Enterprise,West,Table Lamp,Furniture,899,1,0.0,899,899.0,557.38,341.62
102854,2023-12-30,CUST0095,Corporate,North,Photo Frame Set,Home Decor,549,1,0.0,549,549.0,274.5,274.5
102855,2023-12-30,CUST0155,Enterprise,South,Backpack,Accessories,1799,1,0.0,1799,1799.0,989.45,809.55
102856,2023-12-30,CUST0240,Consumer,North,USB-C Hub,Electronics,1299,2,5.0,2598,2468.1,1766.64,701.46
102857,2023-12-30,CUST0182,Consumer,Central,27in Monitor,Electronics,12999,1,0.0,12999,12999.0,8839.32,4159.68
102858,2023-12-30,CUST0014,Consumer,East,Bookshelf,Furniture,3499,2,15.0,6998,5948.3,4338.76,1609.54
102859,2023-12-30,CUST0072,Consumer,West,Whiteboard,Stationery,1499,1,0.0,1499,1499.0,674.55,824.45
102860,2023-12-30,CUST0154,Consumer,South,Wall Clock,Home Decor,749,1,0.0,749,749.0,374.5,374.5
102861,2023-12-30,CUST0112,Consumer,South,Standing Desk,Furniture,14999,1,5.0,14999,14249.05,9299.38,4949.67
102862,2023-12-31,CUST0384,Corporate,West,USB-C Hub,Electronics,1299,1,0.0,1299,1299.0,883.32,415.68
102863,2023-12-31,CUST0042,Consumer,South,27in Monitor,Electronics,12999,1,0.0,12999,12999.0,8839.32,4159.68
102864,2023-12-31,CUST0097,Small Business,South,Wireless Mouse,Electronics,599,3,5.0,1797,1707.15,1221.96,485.19
102865,2023-12-31,CUST0043,Consumer,West,Whiteboard,Stationery,1499,1,0.0,1499,1499.0,674.55,824.45
102866,2023-12-31,CUST0345,Consumer,Central,Office Chair,Furniture,6499,2,20.0,12998,10398.4,8058.76,2339.64
102867,2023-12-31,CUST0246,Corporate,South,Bookshelf,Furniture,3499,2,0.0,6998,6998.0,4338.76,2659.24
102868,2023-12-31,CUST0265,Corporate,East,Bookshelf,Furniture,3499,3,0.0,10497,10497.0,6508.14,3988.86
102869,2023-12-31,CUST0036,Corporate,South,Notebook Set,Stationery,199,1,0.0,199,199.0,89.55,109.45
102870,2023-12-31,CUST0069,Consumer,West,Wireless Mouse,Electronics,599,1,5.0,599,569.05,407.32,161.73
102871,2023-12-31,CUST0363,Consumer,East,Bookshelf,Furniture,3499,1,0.0,3499,3499.0,2169.38,1329.62
102872,2023-12-31,CUST0236,Small Business,West,Whiteboard,Stationery,1499,1,0.0,1499,1499.0,674.55,824.45
102873,2023-12-31,CUST0221,Small Business,South,Table Lamp,Furniture,899,1,5.0,899,854.05,557.38,296.67
102874,2023-12-31,CUST0042,Consumer,South,Table Lamp,Furniture,899,1,5.0,899,854.05,557.38,296.67
102875,2023-12-31,CUST0014,Consumer,East,Backpack,Accessories,1799,1,0.0,1799,1799.0,989.45,809.55
102876,2023-12-31,CUST0320,Consumer,North,Bookshelf,Furniture,3499,2,0.0,6998,6998.0,4338.76,2659.24
102877,2023-12-31,CUST0119,Corporate,East,Table Lamp,Furniture,899,1,0.0,899,899.0,557.38,341.62
102878,2024-01-01,CUST0239,Small Business,South,Notebook Set,Stationery,199,2,0.0,398,398.0,179.1,218.9
102879,2024-01-01,CUST0167,Consumer,East,Water Bottle,Accessories,349,1,5.0,349,331.55,191.95,139.6
102880,2024-01-01,CUST0150,Consumer,East,Backpack,Accessories,1799,1,10.0,1799,1619.1,989.45,629.65
102881,2024-01-02,CUST0255,Consumer,West,Photo Frame Set,Home Decor,549,1,0.0,549,549.0,274.5,274.5
102882,2024-01-02,CUST0130,Small Business,West,Water Bottle,Accessories,349,2,0.0,698,698.0,383.9,314.1
102883,2024-01-02,CUST0328,Small Business,North,Water Bottle,Accessories,349,2,0.0,698,698.0,383.9,314.1
102884,2024-01-03,CUST0271,Corporate,Central,Water Bottle,Accessories,349,1,0.0,349,349.0,191.95,157.05
102885,2024-01-03,CUST0230,Small Business,West,Sticky Notes Pack,Stationery,99,1,5.0,99,94.05,44.55,49.5
102886,2024-01-03,CUST0073,Consumer,East,27in Monitor,Electronics,12999,1,0.0,12999,12999.0,8839.32,4159.68
102887,2024-01-03,CUST0058,Consumer,Central,Bookshelf,Furniture,3499,1,5.0,3499,3324.05,2169.38,1154.67
102888,2024-01-03,CUST0075,Small Business,South,Photo Frame Set,Home Decor,549,2,0.0,1098,1098.0,549.0,549.0
102889,2024-01-03,CUST0018,Small Business,West,Water Bottle,Accessories,349,2,5.0,698,663.1,383.9,279.2
102890,2024-01-03,CUST0232,Small Business,East,USB-C Hub,Electronics,1299,1,0.0,1299,1299.0,883.32,415.68
102891,2024-01-04,CUST0369,Consumer,Central,Backpack,Accessories,1799,1,0.0,1799,1799.0,989.45,809.55
102892,2024-01-04,CUST0025,Consumer,North,Sticky Notes Pack,Stationery,99,1,0.0,99,99.0,44.55,54.45
102893,2024-01-04,CUST0240,Consumer,North,Sticky Notes Pack,Stationery,99,1,0.0,99,99.0,44.55,54.45
102894,2024-01-04,CUST0195,Consumer,Central,Bluetooth Speaker,Electronics,1999,1,0.0,1999,1999.0,1359.32,639.68
102895,2024-01-04,CUST0322,Small Business,Central,Notebook Set,Stationery,199,1,0.0,199,199.0,89.55,109.45
102896,2024-01-04,CUST0105,Corporate,West,Standing Desk,Furniture,14999,1,0.0,14999,14999.0,9299.38,5699.62
102897,2024-01-05,CUST0174,Consumer,East,Bookshelf,Furniture,3499,1,0.0,3499,3499.0,2169.38,1329.62
102898,2024-01-05,CUST0095,Corporate,North,Wall Clock,Home Decor,749,2,10.0,1498,1348.2,749.0,599.2
102899,2024-01-05,CUST0119,Corporate,East,USB-C Hub,Electronics,1299,2,5.0,2598,2468.1,1766.64,701.46
102900,2024-01-05,CUST0308,Consumer,South,Bluetooth Speaker,Electronics,1999,1,5.0,1999,1899.05,1359.32,539.73
102901,2024-01-05,CUST0360,Small Business,East,Mechanical Keyboard,Electronics,2499,1,5.0,2499,2374.05,1699.32,674.73
102902,2024-01-05,CUST0221,Small Business,South,Bluetooth Speaker,Electronics,1999,1,0.0,1999,1999.0,1359.32,639.68
102903,2024-01-05,CUST0344,Consumer,Central,27in Monitor,Electronics,12999,4,0.0,51996,51996.0,35357.28,16638.72
102904,2024-01-05,CUST0145,Consumer,Central,Standing Desk,Furniture,14999,1,10.0,14999,13499.1,9299.38,4199.72
102905,2024-01-05,CUST0187,Corporate,South,Wireless Mouse,Electronics,599,1,10.0,599,539.1,407.32,131.78
102906,2024-01-06,CUST0303,Small Business,East,Office Chair,Furniture,6499,1,0.0,6499,6499.0,4029.38,2469.62
102907,2024-01-06,CUST0021,Small Business,Central,Bluetooth Speaker,Electronics,1999,1,5.0,1999,1899.05,1359.32,539.73
102908,2024-01-06,CUST0270,Consumer,South,Wall Clock,Home Decor,749,1,5.0,749,711.55,374.5,337.05
102909,2024-01-06,CUST0262,Enterprise,Central,Mechanical Keyboard,Electronics,2499,4,0.0,9996,9996.0,6797.28,3198.72
102910,2024-01-06,CUST0263,Consumer,South,Office Chair,Furniture,6499,1,15.0,6499,5524.15,4029.38,1494.77
102911,2024-01-06,CUST0397,Corporate,West,Wireless Mouse,Electronics,599,1,5.0,599,569.05,407.32,161.73
102912,2024-01-07,CUST0029,Small Business,West,Bookshelf,Furniture,3499,1,0.0,3499,3499.0,2169.38,1329.62
102913,2024-01-07,CUST0117,Corporate,East,Office Chair,Furniture,6499,1,0.0,6499,6499.0,4029.38,2469.62
102914,2024-01-07,CUST0164,Small Business,Central,Wall Clock,Home Decor,749,1,0.0,749,749.0,374.5,374.5
102915,2024-01-07,CUST0375,Consumer,West,27in Monitor,Electronics,12999,2,20.0,25998,20798.4,17678.64,3119.76
102916,2024-01-07,CUST0006,Consumer,Central,Wireless Mouse,Electronics,599,1,0.0,599,599.0,407.32,191.68
102917,2024-01-07,CUST0145,Consumer,Central,Standing Desk,Furniture,14999,1,10.0,14999,13499.1,9299.38,4199.72
102918,2024-01-08,CUST0109,Consumer,East,Sticky Notes Pack,Stationery,99,1,0.0,99,99.0,44.55,54.45
102919,2024-01-08,CUST0044,Corporate,North,Photo Frame Set,Home Decor,549,1,0.0,549,549.0,274.5,274.5
102920,2024-01-08,CUST0274,Corporate,Central,Water Bottle,Accessories,349,3,0.0,1047,1047.0,575.85,471.15
102921,2024-01-08,CUST0074,Corporate,South,Water Bottle,Accessories,349,1,10.0,349,314.1,191.95,122.15
102922,2024-01-08,CUST0399,Corporate,Central,27in Monitor,Electronics,12999,2,0.0,25998,25998.0,17678.64,8319.36
102923,2024-01-09,CUST0063,Corporate,West,Whiteboard,Stationery,1499,1,0.0,1499,1499.0,674.55,824.45
102924,2024-01-09,CUST0347,Small Business,North,Standing Desk,Furniture,14999,1,10.0,14999,13499.1,9299.38,4199.72
102925,2024-01-09,CUST0120,Small Business,West,Backpack,Accessories,1799,4,5.0,7196,6836.2,3957.8,2878.4
102926,2024-01-09,CUST0040,Consumer,East,Whiteboard,Stationery,1499,2,0.0,2998,2998.0,1349.1,1648.9
102927,2024-01-09,CUST0299,Small Business,South,Backpack,Accessories,1799,1,10.0,1799,1619.1,989.45,629.65
102928,2024-01-09,CUST0027,Consumer,East,Whiteboard,Stationery,1499,2,0.0,2998,2998.0,1349.1,1648.9
102929,2024-01-09,CUST0300,Consumer,Central,Notebook Set,Stationery,199,1,0.0,199,199.0,89.55,109.45
102930,2024-01-10,CUST0202,Consumer,South,Wall Clock,Home Decor,749,1,5.0,749,711.55,374.5,337.05
102931,2024-01-10,CUST0019,Consumer,East,Water Bottle,Accessories,349,1,0.0,349,349.0,191.95,157.05
102932,2024-01-10,CUST0311,Consumer,East,Mechanical Keyboard,Electronics,2499,2,0.0,4998,4998.0,3398.64,1599.36
102933,2024-01-10,CUST0244,Consumer,South,Whiteboard,Stationery,1499,1,10.0,1499,1349.1,674.55,674.55
102934,2024-01-10,CUST0394,Corporate,South,Wall Clock,Home Decor,749,1,0.0,749,749.0,374.5,374.5
102935,2024-01-10,CUST0202,Consumer,South,Water Bottle,Accessories,349,2,10.0,698,628.2,383.9,244.3
102936,2024-01-10,CUST0025,Consumer,North,Bluetooth Speaker,Electronics,1999,1,10.0,1999,1799.1,1359.32,439.78
102937,2024-01-10,CUST0200,Corporate,West,Photo Frame Set,Home Decor,549,2,0.0,1098,1098.0,549.0,549.0
102938,2024-01-11,CUST0221,Small Business,South,Wall Clock,Home Decor,749,2,0.0,1498,1498.0,749.0,749.0
102939,2024-01-11,CUST0053,Enterprise,South,Water Bottle,Accessories,349,3,0.0,1047,1047.0,575.85,471.15
102940,2024-01-11,CUST0046,Small Business,South,27in Monitor,Electronics,12999,1,0.0,12999,12999.0,8839.32,4159.68
102941,2024-01-11,CUST0308,Consumer,South,Whiteboard,Stationery,1499,2,0.0,2998,2998.0,1349.1,1648.9
102942,2024-01-11,CUST0119,Corporate,East,Photo Frame Set,Home Decor,549,1,0.0,549,549.0,274.5,274.5
102943,2024-01-11,CUST0342,Consumer,East,Photo Frame Set,Home Decor,549,1,0.0,549,549.0,274.5,274.5
102944,2024-01-11,CUST0381,Consumer,South,Sticky Notes Pack,Stationery,99,2,5.0,198,188.1,89.1,99.0
102945,2024-01-12,CUST0228,Consumer,North,Backpack,Accessories,1799,1,0.0,1799,1799.0,989.45,809.55
102946,2024-01-12,CUST0364,Small Business,North,Sticky Notes Pack,Stationery,99,1,0.0,99,99.0,44.55,54.45
102947,2024-01-12,CUST0177,Small Business,West,Wall Clock,Home Decor,749,2,0.0,1498,1498.0,749.0,749.0
102948,2024-01-12,CUST0335,Consumer,East,Table Lamp,Furniture,899,1,0.0,899,899.0,557.38,341.62
102949,2024-01-12,CUST0293,Corporate,North,Photo Frame Set,Home Decor,549,1,0.0,549,549.0,274.5,274.5
102950,2024-01-12,CUST0343,Consumer,East,Standing Desk,Furniture,14999,1,5.0,14999,14249.05,9299.38,4949.67
102951,2024-01-12,CUST0111,Consumer,North,Backpack,Accessories,1799,3,0.0,5397,5397.0,2968.35,2428.65
102952,2024-01-13,CUST0286,Consumer,North,Wireless Mouse,Electronics,599,2,0.0,1198,1198.0,814.64,383.36
102953,2024-01-13,CUST0310,Consumer,East,Standing Desk,Furniture,14999,1,10.0,14999,13499.1,9299.38,4199.72
102954,2024-01-13,CUST0180,Consumer,Central,Wall Clock,Home Decor,749,2,0.0,1498,1498.0,749.0,749.0
102955,2024-01-13,CUST0163,Small Business,East,27in Monitor,Electronics,12999,2,0.0,25998,25998.0,17678.64,8319.36
102956,2024-01-13,CUST0014,Consumer,East,Water Bottle,Accessories,349,1,0.0,349,349.0,191.95,157.05
102957,2024-01-13,CUST0019,Consumer,East,Mechanical Keyboard,Electronics,2499,1,10.0,2499,2249.1,1699.32,549.78
102958,2024-01-14,CUST0202,Consumer,South,27in Monitor,Electronics,12999,1,0.0,12999,12999.0,8839.32,4159.68
102959,2024-01-14,CUST0112,Consumer,South,Office Chair,Furniture,6499,2,0.0,12998,12998.0,8058.76,4939.24
102960,2024-01-14,CUST0392,Consumer,South,Photo Frame Set,Home Decor,549,2,0.0,1098,1098.0,549.0,549.0
102961,2024-01-15,CUST0192,Corporate,North,27in Monitor,Electronics,12999,1,10.0,12999,11699.1,8839.32,2859.78
102962,2024-01-15,CUST0107,Consumer,West,Mechanical Keyboard,Electronics,2499,1,0.0,2499,2499.0,1699.32,799.68
102963,2024-01-15,CUST0086,Consumer,North,Whiteboard,Stationery,1499,1,0.0,1499,1499.0,674.55,824.45
102964,2024-01-15,CUST0343,Consumer,East,Notebook Set,Stationery,199,1,0.0,199,199.0,89.55,109.45
102965,2024-01-15,CUST0256,Small Business,North,Wireless Mouse,Electronics,599,1,0.0,599,599.0,407.32,191.68
102966,2024-01-15,CUST0355,Consumer,Central,Wall Clock,Home Decor,749,1,0.0,749,749.0,374.5,374.5
102967,2024-01-16,CUST0061,Consumer,Central,Notebook Set,Stationery,199,1,20.0,199,159.2,89.55,69.65
102968,2024-01-16,CUST0026,Corporate,West,Office Chair,Furniture,6499,1,5.0,6499,6174.05,4029.38,2144.67
102969,2024-01-16,CUST0039,Small Business,Central,Sticky Notes Pack,Stationery,99,1,0.0,99,99.0,44.55,54.45
102970,2024-01-16,CUST0304,Small Business,East,Office Chair,Furniture,6499,1,0.0,6499,6499.0,4029.38,2469.62
102971,2024-01-16,CUST0384,Corporate,West,Bookshelf,Furniture,3499,4,0.0,13996,13996.0,8677.52,5318.48
102972,2024-01-16,CUST0335,Consumer,East,Wall Clock,Home Decor,749,1,0.0,749,749.0,374.5,374.5
102973,2024-01-16,CUST0376,Consumer,North,Bookshelf,Furniture,3499,2,0.0,6998,6998.0,4338.76,2659.24
102974,2024-01-16,CUST0228,Consumer,North,Sticky Notes Pack,Stationery,99,1,20.0,99,79.2,44.55,34.65
102975,2024-01-16,CUST0362,Small Business,North,Mechanical Keyboard,Electronics,2499,1,0.0,2499,2499.0,1699.32,799.68
102976,2024-01-16,CUST0204,Corporate,East,Standing Desk,Furniture,14999,1,10.0,14999,13499.1,9299.38,4199.72
102977,2024-01-16,CUST0399,Corporate,Central,Water Bottle,Accessories,349,1,10.0,349,314.1,191.95,122.15
102978,2024-01-17,CUST0205,Small Business,East,27in Monitor,Electronics,12999,2,10.0,25998,23398.2,17678.64,5719.56
102979,2024-01-17,CUST0312,Consumer,North,Backpack,Accessories,1799,2,0.0,3598,3598.0,1978.9,1619.1
102980,2024-01-17,CUST0024,Consumer,West,Photo Frame Set,Home Decor,549,1,0.0,549,549.0,274.5,274.5
102981,2024-01-17,CUST0194,Small Business,Central,Mechanical Keyboard,Electronics,2499,2,5.0,4998,4748.1,3398.64,1349.46
102982,2024-01-17,CUST0032,Consumer,Central,Wireless Mouse,Electronics,599,1,10.0,599,539.1,407.32,131.78
102983,2024-01-18,CUST0349,Consumer,Central,Water Bottle,Accessories,349,1,0.0,349,349.0,191.95,157.05
102984,2024-01-18,CUST0138,Small Business,North,Wireless Mouse,Electronics,599,1,0.0,599,599.0,407.32,191.68
102985,2024-01-18,CUST0138,Small Business,North,27in Monitor,Electronics,12999,3,0.0,38997,38997.0,26517.96,12479.04
102986,2024-01-19,CUST0047,Consumer,West,Table Lamp,Furniture,899,1,0.0,899,899.0,557.38,341.62
102987,2024-01-19,CUST0207,Consumer,West,Mechanical Keyboard,Electronics,2499,1,5.0,2499,2374.05,1699.32,674.73
102988,2024-01-20,CUST0107,Consumer,West,Photo Frame Set,Home Decor,549,1,15.0,549,466.65,274.5,192.15
102989,2024-01-20,CUST0134,Consumer,Central,Wireless Mouse,Electronics,599,1,0.0,599,599.0,407.32,191.68
102990,2024-01-20,CUST0382,Small Business,Central,Wall Clock,Home Decor,749,1,0.0,749,749.0,374.5,374.5
102991,2024-01-20,CUST0087,Small Business,North,Photo Frame Set,Home Decor,549,1,15.0,549,466.65,274.5,192.15
102992,2024-01-20,CUST0324,Consumer,North,USB-C Hub,Electronics,1299,1,0.0,1299,1299.0,883.32,415.68
102993,2024-01-20,CUST0394,Corporate,South,Office Chair,Furniture,6499,1,0.0,6499,6499.0,4029.38,2469.62
102994,2024-01-20,CUST0248,Enterprise,East,Office Chair,Furniture,6499,1,0.0,6499,6499.0,4029.38,2469.62
102995,2024-01-20,CUST0112,Consumer,South,Table Lamp,Furniture,899,1,5.0,899,854.05,557.38,296.67
102996,2024-01-21,CUST0382,Small Business,Central,Table Lamp,Furniture,899,1,0.0,899,899.0,557.38,341.62
102997,2024-01-21,CUST0275,Small Business,North,USB-C Hub,Electronics,1299,1,20.0,1299,1039.2,883.32,155.88
102998,2024-01-21,CUST0038,Consumer,East,Water Bottle,Accessories,349,1,0.0,349,349.0,191.95,157.05
102999,2024-01-21,CUST0154,Consumer,South,Bookshelf,Furniture,3499,2,0.0,6998,6998.0,4338.76,2659.24
103000,2024-01-21,CUST0086,Consumer,North,Office Chair,Furniture,6499,1,0.0,6499,6499.0,4029.38,2469.62
103001,2024-01-21,CUST0398,Consumer,North,Water Bottle,Accessories,349,2,0.0,698,698.0,383.9,314.1
103002,2024-01-21,CUST0172,Consumer,South,Photo Frame Set,Home Decor,549,2,0.0,1098,1098.0,549.0,549.0
103003,2024-01-21,CUST0244,Consumer,South,Photo Frame Set,Home Decor,549,3,0.0,1647,1647.0,823.5,823.5
103004,2024-01-21,CUST0293,Corporate,North,USB-C Hub,Electronics,1299,1,0.0,1299,1299.0,883.32,415.68
103005,2024-01-21,CUST0166,Corporate,North,27in Monitor,Electronics,12999,1,0.0,12999,12999.0,8839.32,4159.68
103006,2024-01-22,CUST0089,Corporate,Central,Whiteboard,Stationery,1499,2,0.0,2998,2998.0,1349.1,1648.9
103007,2024-01-22,CUST0006,Consumer,Central,Notebook Set,Stationery,199,1,0.0,199,199.0,89.55,109.45
103008,2024-01-22,CUST0006,Consumer,Central,Table Lamp,Furniture,899,2,0.0,1798,1798.0,1114.76,683.24
103009,2024-01-22,CUST0085,Consumer,Central,Sticky Notes Pack,Stationery,99,4,5.0,396,376.2,178.2,198.0
103010,2024-01-22,CUST0201,Small Business,South,Notebook Set,Stationery,199,1,0.0,199,199.0,89.55,109.45
103011,2024-01-23,CUST0298,Consumer,West,Mechanical Keyboard,Electronics,2499,2,0.0,4998,4998.0,3398.64,1599.36
103012,2024-01-23,CUST0290,Small Business,South,Notebook Set,Stationery,199,3,0.0,597,597.0,268.65,328.35
103013,2024-01-23,CUST0228,Consumer,North,Backpack,Accessories,1799,4,20.0,7196,5756.8,3957.8,1799.0
103014,2024-01-23,CUST0189,Small Business,North,Table Lamp,Furniture,899,1,0.0,899,899.0,557.38,341.62
103015,2024-01-24,CUST0235,Consumer,Central,Photo Frame Set,Home Decor,549,1,0.0,549,549.0,274.5,274.5
103016,2024-01-24,CUST0015,Consumer,West,Sticky Notes Pack,Stationery,99,1,0.0,99,99.0,44.55,54.45
103017,2024-01-24,CUST0372,Consumer,South,Bookshelf,Furniture,3499,1,0.0,3499,3499.0,2169.38,1329.62
103018,2024-01-24,CUST0200,Corporate,West,USB-C Hub,Electronics,1299,1,0.0,1299,1299.0,883.32,415.68
103019,2024-01-24,CUST0259,Small Business,East,Office Chair,Furniture,6499,1,0.0,6499,6499.0,4029.38,2469.62
103020,2024-01-24,CUST0140,Enterprise,North,Notebook Set,Stationery,199,4,0.0,796,796.0,358.2,437.8
103021,2024-01-24,CUST0216,Consumer,South,Mechanical Keyboard,Electronics,2499,3,0.0,7497,7497.0,5097.96,2399.04
103022,2024-01-24,CUST0387,Consumer,East,Wall Clock,Home Decor,749,1,0.0,749,749.0,374.5,374.5
103023,2024-01-25,CUST0365,Enterprise,South,Water Bottle,Accessories,349,3,10.0,1047,942.3,575.85,366.45
103024,2024-01-25,CUST0079,Consumer,Central,Bookshelf,Furniture,3499,1,0.0,3499,3499.0,2169.38,1329.62
103025,2024-01-25,CUST0051,Enterprise,South,Mechanical Keyboard,Electronics,2499,1,0.0,2499,2499.0,1699.32,799.68
103026,2024-01-25,CUST0206,Consumer,South,Notebook Set,Stationery,199,1,0.0,199,199.0,89.55,109.45
103027,2024-01-25,CUST0311,Consumer,East,Wireless Mouse,Electronics,599,2,0.0,1198,1198.0,814.64,383.36
103028,2024-01-25,CUST0010,Small Business,West,Bluetooth Speaker,Electronics,1999,1,0.0,1999,1999.0,1359.32,639.68
103029,2024-01-26,CUST0065,Consumer,North,27in Monitor,Electronics,12999,1,0.0,12999,12999.0,8839.32,4159.68
103030,2024-01-26,CUST0137,Small Business,East,Mechanical Keyboard,Electronics,2499,1,10.0,2499,2249.1,1699.32,549.78
103031,2024-01-26,CUST0176,Consumer,Central,Photo Frame Set,Home Decor,549,1,0.0,549,549.0,274.5,274.5
103032,2024-01-26,CUST0218,Small Business,East,Table Lamp,Furniture,899,1,5.0,899,854.05,557.38,296.67
103033,2024-01-26,CUST0067,Consumer,West,USB-C Hub,Electronics,1299,1,5.0,1299,1234.05,883.32,350.73
103034,2024-01-26,CUST0342,Consumer,East,Bookshelf,Furniture,3499,1,5.0,3499,3324.05,2169.38,1154.67
103035,2024-01-26,CUST0106,Consumer,Central,USB-C Hub,Electronics,1299,2,0.0,2598,2598.0,1766.64,831.36
103036,2024-01-26,CUST0077,Corporate,East,Notebook Set,Stationery,199,2,0.0,398,398.0,179.1,218.9
103037,2024-01-26,CUST0006,Consumer,Central,Notebook Set,Stationery,199,1,10.0,199,179.1,89.55,89.55
103038,2024-01-26,CUST0168,Consumer,East,Office Chair,Furniture,6499,1,5.0,6499,6174.05,4029.38,2144.67
103039,2024-01-27,CUST0254,Consumer,West,Table Lamp,Furniture,899,1,20.0,899,719.2,557.38,161.82
103040,2024-01-27,CUST0331,Consumer,West,Bookshelf,Furniture,3499,1,0.0,3499,3499.0,2169.38,1329.62
103041,2024-01-27,CUST0028,Small Business,Central,Bluetooth Speaker,Electronics,1999,2,0.0,3998,3998.0,2718.64,1279.36
103042,2024-01-27,CUST0333,Consumer,North,Photo Frame Set,Home Decor,549,1,5.0,549,521.55,274.5,247.05
103043,2024-01-27,CUST0176,Consumer,Central,Notebook Set,Stationery,199,1,10.0,199,179.1,89.55,89.55
103044,2024-01-27,CUST0002,Enterprise,North,27in Monitor,Electronics,12999,1,0.0,12999,12999.0,8839.32,4159.68
103045,2024-01-27,CUST0186,Small Business,South,Bookshelf,Furniture,3499,1,10.0,3499,3149.1,2169.38,979.72
103046,2024-01-27,CUST0198,Corporate,North,Mechanical Keyboard,Electronics,2499,1,5.0,2499,2374.05,1699.32,674.73
103047,2024-01-27,CUST0290,Small Business,South,Photo Frame Set,Home Decor,549,1,5.0,549,521.55,274.5,247.05
103048,2024-01-27,CUST0251,Consumer,East,Office Chair,Furniture,6499,1,0.0,6499,6499.0,4029.38,2469.62
103049,2024-01-28,CUST0161,Consumer,South,Office Chair,Furniture,6499,3,5.0,19497,18522.15,12088.14,6434.01
103050,2024-01-28,CUST0330,Consumer,South,Table Lamp,Furniture,899,2,0.0,1798,1798.0,1114.76,683.24
103051,2024-01-28,CUST0394,Corporate,South,Table Lamp,Furniture,899,1,0.0,899,899.0,557.38,341.62
103052,2024-01-28,CUST0388,Consumer,North,Sticky Notes Pack,Stationery,99,1,0.0,99,99.0,44.55,54.45
103053,2024-01-28,CUST0098,Consumer,West,Sticky Notes Pack,Stationery,99,1,10.0,99,89.1,44.55,44.55
103054,2024-01-29,CUST0309,Corporate,South,Wireless Mouse,Electronics,599,2,0.0,1198,1198.0,814.64,383.36
103055,2024-01-29,CUST0251,Consumer,East,Bluetooth Speaker,Electronics,1999,3,10.0,5997,5397.3,4077.96,1319.34
103056,2024-01-29,CUST0175,Small Business,North,USB-C Hub,Electronics,1299,1,5.0,1299,1234.05,883.32,350.73
103057,2024-01-29,CUST0324,Consumer,North,Whiteboard,Stationery,1499,2,0.0,2998,2998.0,1349.1,1648.9
103058,2024-01-30,CUST0077,Corporate,East,Wall Clock,Home Decor,749,1,0.0,749,749.0,374.5,374.5
103059,2024-01-30,CUST0353,Small Business,East,Water Bottle,Accessories,349,1,0.0,349,349.0,191.95,157.05
103060,2024-01-30,CUST0190,Consumer,Central,Office Chair,Furniture,6499,1,0.0,6499,6499.0,4029.38,2469.62
103061,2024-01-30,CUST0133,Consumer,West,Notebook Set,Stationery,199,2,5.0,398,378.1,179.1,199.0
103062,2024-01-30,CUST0136,Consumer,West,Photo Frame Set,Home Decor,549,2,0.0,1098,1098.0,549.0,549.0
103063,2024-01-31,CUST0139,Consumer,North,Standing Desk,Furniture,14999,1,20.0,14999,11999.2,9299.38,2699.82
103064,2024-01-31,CUST0392,Consumer,South,Bookshelf,Furniture,3499,4,0.0,13996,13996.0,8677.52,5318.48
103065,2024-01-31,CUST0239,Small Business,South,USB-C Hub,Electronics,1299,2,5.0,2598,2468.1,1766.64,701.46
103066,2024-01-31,CUST0226,Consumer,South,Wireless Mouse,Electronics,599,1,0.0,599,599.0,407.32,191.68
103067,2024-01-31,CUST0092,Small Business,West,Mechanical Keyboard,Electronics,2499,1,0.0,2499,2499.0,1699.32,799.68
103068,2024-01-31,CUST0153,Consumer,South,Wall Clock,Home Decor,749,1,0.0,749,749.0,374.5,374.5
103069,2024-01-31,CUST0117,Corporate,East,Backpack,Accessories,1799,1,5.0,1799,1709.05,989.45,719.6
103070,2024-01-31,CUST0322,Small Business,Central,Office Chair,Furniture,6499,2,5.0,12998,12348.1,8058.76,4289.34
103071,2024-02-02,CUST0329,Consumer,Central,USB-C Hub,Electronics,1299,2,0.0,2598,2598.0,1766.64,831.36
103072,2024-02-02,CUST0297,Corporate,South,Wall Clock,Home Decor,749,1,5.0,749,711.55,374.5,337.05
103073,2024-02-02,CUST0177,Small Business,West,Table Lamp,Furniture,899,2,0.0,1798,1798.0,1114.76,683.24
103074,2024-02-02,CUST0399,Corporate,Central,Bluetooth Speaker,Electronics,1999,2,0.0,3998,3998.0,2718.64,1279.36
103075,2024-02-02,CUST0361,Consumer,West,Standing Desk,Furniture,14999,1,0.0,14999,14999.0,9299.38,5699.62
103076,2024-02-02,CUST0110,Consumer,West,Mechanical Keyboard,Electronics,2499,2,0.0,4998,4998.0,3398.64,1599.36
103077,2024-02-03,CUST0098,Consumer,West,Wall Clock,Home Decor,749,3,20.0,2247,1797.6,1123.5,674.1
103078,2024-02-03,CUST0064,Consumer,North,Sticky Notes Pack,Stationery,99,1,15.0,99,84.15,44.55,39.6
103079,2024-02-03,CUST0102,Small Business,Central,Notebook Set,Stationery,199,3,5.0,597,567.15,268.65,298.5
103080,2024-02-03,CUST0100,Consumer,Central,Standing Desk,Furniture,14999,1,10.0,14999,13499.1,9299.38,4199.72
103081,2024-02-03,CUST0380,Consumer,North,Photo Frame Set,Home Decor,549,1,20.0,549,439.2,274.5,164.7
103082,2024-02-03,CUST0228,Consumer,North,Table Lamp,Furniture,899,1,20.0,899,719.2,557.38,161.82
103083,2024-02-03,CUST0295,Consumer,Central,Bluetooth Speaker,Electronics,1999,1,10.0,1999,1799.1,1359.32,439.78
103084,2024-02-04,CUST0306,Enterprise,West,Office Chair,Furniture,6499,1,15.0,6499,5524.15,4029.38,1494.77
103085,2024-02-04,CUST0286,Consumer,North,Table Lamp,Furniture,899,2,5.0,1798,1708.1,1114.76,593.34
103086,2024-02-04,CUST0087,Small Business,North,Photo Frame Set,Home Decor,549,3,10.0,1647,1482.3,823.5,658.8
103087,2024-02-05,CUST0160,Small Business,North,Bluetooth Speaker,Electronics,1999,1,0.0,1999,1999.0,1359.32,639.68
103088,2024-02-05,CUST0376,Consumer,North,Sticky Notes Pack,Stationery,99,1,0.0,99,99.0,44.55,54.45
103089,2024-02-05,CUST0342,Consumer,East,Water Bottle,Accessories,349,1,0.0,349,349.0,191.95,157.05
103090,2024-02-05,CUST0199,Corporate,South,Standing Desk,Furniture,14999,3,0.0,44997,44997.0,27898.14,17098.86
103091,2024-02-05,CUST0148,Small Business,Central,Photo Frame Set,Home Decor,549,3,0.0,1647,1647.0,823.5,823.5
103092,2024-02-06,CUST0252,Consumer,North,Mechanical Keyboard,Electronics,2499,1,0.0,2499,2499.0,1699.32,799.68
103093,2024-02-06,CUST0110,Consumer,West,Backpack,Accessories,1799,1,5.0,1799,1709.05,989.45,719.6
103094,2024-02-06,CUST0002,Enterprise,North,Mechanical Keyboard,Electronics,2499,1,15.0,2499,2124.15,1699.32,424.83
103095,2024-02-06,CUST0240,Consumer,North,Table Lamp,Furniture,899,1,0.0,899,899.0,557.38,341.62
103096,2024-02-06,CUST0323,Small Business,West,Sticky Notes Pack,Stationery,99,1,15.0,99,84.15,44.55,39.6
103097,2024-02-06,CUST0193,Corporate,East,Standing Desk,Furniture,14999,1,0.0,14999,14999.0,9299.38,5699.62
103098,2024-02-07,CUST0349,Consumer,Central,USB-C Hub,Electronics,1299,1,0.0,1299,1299.0,883.32,415.68
103099,2024-02-07,CUST0102,Small Business,Central,Table Lamp,Furniture,899,1,0.0,899,899.0,557.38,341.62
103100,2024-02-08,CUST0144,Consumer,West,Table Lamp,Furniture,899,1,5.0,899,854.05,557.38,296.67
103101,2024-02-08,CUST0268,Small Business,South,Mechanical Keyboard,Electronics,2499,1,5.0,2499,2374.05,1699.32,674.73
103102,2024-02-08,CUST0177,Small Business,West,27in Monitor,Electronics,12999,1,0.0,12999,12999.0,8839.32,4159.68
103103,2024-02-09,CUST0327,Small Business,East,Notebook Set,Stationery,199,2,5.0,398,378.1,179.1,199.0
103104,2024-02-09,CUST0280,Corporate,South,Bookshelf,Furniture,3499,1,10.0,3499,3149.1,2169.38,979.72
103105,2024-02-09,CUST0182,Consumer,Central,Bookshelf,Furniture,3499,1,0.0,3499,3499.0,2169.38,1329.62
103106,2024-02-10,CUST0304,Small Business,East,Office Chair,Furniture,6499,1,0.0,6499,6499.0,4029.38,2469.62
103107,2024-02-10,CUST0252,Consumer,North,Sticky Notes Pack,Stationery,99,1,0.0,99,99.0,44.55,54.45
103108,2024-02-10,CUST0049,Small Business,Central,USB-C Hub,Electronics,1299,1,0.0,1299,1299.0,883.32,415.68
103109,2024-02-10,CUST0165,Consumer,South,Photo Frame Set,Home Decor,549,1,0.0,549,549.0,274.5,274.5
103110,2024-02-10,CUST0356,Small Business,West,Table Lamp,Furniture,899,1,5.0,899,854.05,557.38,296.67
103111,2024-02-10,CUST0304,Small Business,East,Notebook Set,Stationery,199,1,10.0,199,179.1,89.55,89.55
103112,2024-02-10,CUST0305,Small Business,East,Standing Desk,Furniture,14999,1,0.0,14999,14999.0,9299.38,5699.62
103113,2024-02-10,CUST0187,Corporate,South,Notebook Set,Stationery,199,1,0.0,199,199.0,89.55,109.45
103114,2024-02-11,CUST0398,Consumer,North,Sticky Notes Pack,Stationery,99,1,0.0,99,99.0,44.55,54.45
103115,2024-02-11,CUST0081,Corporate,West,Whiteboard,Stationery,1499,2,10.0,2998,2698.2,1349.1,1349.1
103116,2024-02-11,CUST0269,Consumer,West,Mechanical Keyboard,Electronics,2499,2,0.0,4998,4998.0,3398.64,1599.36
103117,2024-02-11,CUST0088,Small Business,East,Bookshelf,Furniture,3499,4,0.0,13996,13996.0,8677.52,5318.48
103118,2024-02-11,CUST0057,Consumer,Central,Notebook Set,Stationery,199,1,0.0,199,199.0,89.55,109.45
103119,2024-02-11,CUST0238,Consumer,North,Wall Clock,Home Decor,749,1,0.0,749,749.0,374.5,374.5
103120,2024-02-11,CUST0198,Corporate,North,Wall Clock,Home Decor,749,2,0.0,1498,1498.0,749.0,749.0
103121,2024-02-11,CUST0335,Consumer,East,Bluetooth Speaker,Electronics,1999,2,0.0,3998,3998.0,2718.64,1279.36
103122,2024-02-12,CUST0372,Consumer,South,Wall Clock,Home Decor,749,1,0.0,749,749.0,374.5,374.5
103123,2024-02-12,CUST0358,Small Business,West,Whiteboard,Stationery,1499,1,0.0,1499,1499.0,674.55,824.45
103124,2024-02-12,CUST0146,Consumer,Central,27in Monitor,Electronics,12999,2,0.0,25998,25998.0,17678.64,8319.36
103125,2024-02-12,CUST0288,Small Business,Central,Wireless Mouse,Electronics,599,2,0.0,1198,1198.0,814.64,383.36
103126,2024-02-12,CUST0100,Consumer,Central,27in Monitor,Electronics,12999,1,0.0,12999,12999.0,8839.32,4159.68
103127,2024-02-12,CUST0400,Corporate,North,Bluetooth Speaker,Electronics,1999,2,0.0,3998,3998.0,2718.64,1279.36
103128,2024-02-12,CUST0088,Small Business,East,Table Lamp,Furniture,899,2,0.0,1798,1798.0,1114.76,683.24
103129,2024-02-12,CUST0163,Small Business,East,Water Bottle,Accessories,349,1,0.0,349,349.0,191.95,157.05
103130,2024-02-12,CUST0196,Consumer,West,Office Chair,Furniture,6499,1,0.0,6499,6499.0,4029.38,2469.62
103131,2024-02-13,CUST0192,Corporate,North,Sticky Notes Pack,Stationery,99,2,0.0,198,198.0,89.1,108.9
103132,2024-02-13,CUST0098,Consumer,West,Whiteboard,Stationery,1499,1,0.0,1499,1499.0,674.55,824.45
103133,2024-02-13,CUST0043,Consumer,West,Wireless Mouse,Electronics,599,1,0.0,599,599.0,407.32,191.68
103134,2024-02-13,CUST0188,Small Business,East,Water Bottle,Accessories,349,2,0.0,698,698.0,383.9,314.1
103135,2024-02-13,CUST0271,Corporate,Central,Standing Desk,Furniture,14999,1,0.0,14999,14999.0,9299.38,5699.62
103136,2024-02-13,CUST0226,Consumer,South,Table Lamp,Furniture,899,4,5.0,3596,3416.2,2229.52,1186.68
103137,2024-02-13,CUST0031,Small Business,North,Office Chair,Furniture,6499,1,0.0,6499,6499.0,4029.38,2469.62
103138,2024-02-14,CUST0273,Corporate,North,USB-C Hub,Electronics,1299,1,20.0,1299,1039.2,883.32,155.88
103139,2024-02-14,CUST0182,Consumer,Central,Notebook Set,Stationery,199,1,5.0,199,189.05,89.55,99.5
103140,2024-02-14,CUST0033,Consumer,Central,Standing Desk,Furniture,14999,2,5.0,29998,28498.1,18598.76,9899.34
103141,2024-02-14,CUST0385,Small Business,Central,Whiteboard,Stationery,1499,2,0.0,2998,2998.0,1349.1,1648.9
103142,2024-02-14,CUST0236,Small Business,West,Wall Clock,Home Decor,749,3,20.0,2247,1797.6,1123.5,674.1
103143,2024-02-14,CUST0112,Consumer,South,Standing Desk,Furniture,14999,1,0.0,14999,14999.0,9299.38,5699.62
103144,2024-02-14,CUST0374,Small Business,East,Sticky Notes Pack,Stationery,99,2,10.0,198,178.2,89.1,89.1
103145,2024-02-14,CUST0357,Consumer,South,USB-C Hub,Electronics,1299,1,20.0,1299,1039.2,883.32,155.88
103146,2024-02-14,CUST0268,Small Business,South,Wall Clock,Home Decor,749,2,0.0,1498,1498.0,749.0,749.0
103147,2024-02-15,CUST0176,Consumer,Central,Bookshelf,Furniture,3499,1,0.0,3499,3499.0,2169.38,1329.62
103148,2024-02-15,CUST0105,Corporate,West,Water Bottle,Accessories,349,1,0.0,349,349.0,191.95,157.05
103149,2024-02-15,CUST0004,Small Business,West,Sticky Notes Pack,Stationery,99,1,5.0,99,94.05,44.55,49.5
103150,2024-02-16,CUST0144,Consumer,West,Backpack,Accessories,1799,1,0.0,1799,1799.0,989.45,809.55
103151,2024-02-16,CUST0380,Consumer,North,Bookshelf,Furniture,3499,1,0.0,3499,3499.0,2169.38,1329.62
103152,2024-02-17,CUST0081,Corporate,West,Table Lamp,Furniture,899,1,0.0,899,899.0,557.38,341.62
103153,2024-02-17,CUST0368,Corporate,East,Standing Desk,Furniture,14999,1,5.0,14999,14249.05,9299.38,4949.67
103154,2024-02-17,CUST0121,Corporate,South,Bookshelf,Furniture,3499,1,20.0,3499,2799.2,2169.38,629.82
103155,2024-02-18,CUST0048,Small Business,North,Photo Frame Set,Home Decor,549,2,15.0,1098,933.3,549.0,384.3
103156,2024-02-18,CUST0215,Small Business,Central,Bluetooth Speaker,Electronics,1999,1,0.0,1999,1999.0,1359.32,639.68
103157,2024-02-18,CUST0041,Consumer,East,Standing Desk,Furniture,14999,2,0.0,29998,29998.0,18598.76,11399.24
103158,2024-02-18,CUST0034,Enterprise,South,USB-C Hub,Electronics,1299,1,0.0,1299,1299.0,883.32,415.68
103159,2024-02-18,CUST0197,Small Business,North,Whiteboard,Stationery,1499,1,0.0,1499,1499.0,674.55,824.45
103160,2024-02-19,CUST0246,Corporate,South,Wireless Mouse,Electronics,599,2,0.0,1198,1198.0,814.64,383.36
103161,2024-02-19,CUST0052,Corporate,North,Bluetooth Speaker,Electronics,1999,1,0.0,1999,1999.0,1359.32,639.68
103162,2024-02-19,CUST0214,Consumer,Central,Photo Frame Set,Home Decor,549,1,0.0,549,549.0,274.5,274.5
103163,2024-02-19,CUST0156,Consumer,East,Office Chair,Furniture,6499,1,5.0,6499,6174.05,4029.38,2144.67
103164,2024-02-19,CUST0182,Consumer,Central,Notebook Set,Stationery,199,1,0.0,199,199.0,89.55,109.45
103165,2024-02-19,CUST0212,Small Business,North,Table Lamp,Furniture,899,1,5.0,899,854.05,557.38,296.67
103166,2024-02-19,CUST0347,Small Business,North,Wireless Mouse,Electronics,599,2,10.0,1198,1078.2,814.64,263.56
103167,2024-02-19,CUST0003,Small Business,North,Photo Frame Set,Home Decor,549,1,0.0,549,549.0,274.5,274.5
103168,2024-02-20,CUST0323,Small Business,West,Bookshelf,Furniture,3499,2,0.0,6998,6998.0,4338.76,2659.24
103169,2024-02-20,CUST0258,Small Business,East,Bookshelf,Furniture,3499,1,10.0,3499,3149.1,2169.38,979.72
103170,2024-02-20,CUST0173,Small Business,North,Office Chair,Furniture,6499,1,10.0,6499,5849.1,4029.38,1819.72
103171,2024-02-20,CUST0069,Consumer,West,USB-C Hub,Electronics,1299,2,0.0,2598,2598.0,1766.64,831.36
103172,2024-02-20,CUST0213,Small Business,North,Bluetooth Speaker,Electronics,1999,3,0.0,5997,5997.0,4077.96,1919.04
103173,2024-02-20,CUST0139,Consumer,North,Office Chair,Furniture,6499,1,5.0,6499,6174.05,4029.38,2144.67
103174,2024-02-21,CUST0122,Corporate,West,Water Bottle,Accessories,349,1,0.0,349,349.0,191.95,157.05
103175,2024-02-21,CUST0294,Consumer,East,Mechanical Keyboard,Electronics,2499,1,10.0,2499,2249.1,1699.32,549.78
103176,2024-02-21,CUST0235,Consumer,Central,Bookshelf,Furniture,3499,1,0.0,3499,3499.0,2169.38,1329.62
103177,2024-02-21,CUST0082,Small Business,South,Table Lamp,Furniture,899,2,0.0,1798,1798.0,1114.76,683.24
103178,2024-02-21,CUST0395,Consumer,Central,Mechanical Keyboard,Electronics,2499,1,5.0,2499,2374.05,1699.32,674.73
103179,2024-02-22,CUST0369,Consumer,Central,27in Monitor,Electronics,12999,2,5.0,25998,24698.1,17678.64,7019.46
103180,2024-02-22,CUST0060,Consumer,East,Whiteboard,Stationery,1499,1,5.0,1499,1424.05,674.55,749.5
103181,2024-02-22,CUST0126,Consumer,West,Bookshelf,Furniture,3499,1,0.0,3499,3499.0,2169.38,1329.62
103182,2024-02-23,CUST0160,Small Business,North,Sticky Notes Pack,Stationery,99,2,20.0,198,158.4,89.1,69.3
103183,2024-02-23,CUST0262,Enterprise,Central,USB-C Hub,Electronics,1299,2,0.0,2598,2598.0,1766.64,831.36
103184,2024-02-23,CUST0379,Corporate,West,Sticky Notes Pack,Stationery,99,1,5.0,99,94.05,44.55,49.5
103185,2024-02-23,CUST0233,Small Business,North,Mechanical Keyboard,Electronics,2499,1,0.0,2499,2499.0,1699.32,799.68
103186,2024-02-23,CUST0061,Consumer,Central,Wall Clock,Home Decor,749,1,0.0,749,749.0,374.5,374.5
103187,2024-02-24,CUST0391,Enterprise,Central,USB-C Hub,Electronics,1299,1,0.0,1299,1299.0,883.32,415.68
103188,2024-02-24,CUST0077,Corporate,East,Backpack,Accessories,1799,1,0.0,1799,1799.0,989.45,809.55
103189,2024-02-24,CUST0399,Corporate,Central,USB-C Hub,Electronics,1299,1,10.0,1299,1169.1,883.32,285.78
103190,2024-02-24,CUST0068,Corporate,West,Photo Frame Set,Home Decor,549,2,0.0,1098,1098.0,549.0,549.0
103191,2024-02-24,CUST0264,Small Business,East,Notebook Set,Stationery,199,2,0.0,398,398.0,179.1,218.9
103192,2024-02-25,CUST0146,Consumer,Central,USB-C Hub,Electronics,1299,2,15.0,2598,2208.3,1766.64,441.66
103193,2024-02-25,CUST0253,Corporate,East,Wireless Mouse,Electronics,599,2,0.0,1198,1198.0,814.64,383.36
103194,2024-02-25,CUST0279,Small Business,North,Table Lamp,Furniture,899,3,0.0,2697,2697.0,1672.14,1024.86
103195,2024-02-25,CUST0026,Corporate,West,Bookshelf,Furniture,3499,1,10.0,3499,3149.1,2169.38,979.72
103196,2024-02-25,CUST0133,Consumer,West,Bluetooth Speaker,Electronics,1999,1,0.0,1999,1999.0,1359.32,639.68
103197,2024-02-25,CUST0061,Consumer,Central,Sticky Notes Pack,Stationery,99,1,0.0,99,99.0,44.55,54.45
103198,2024-02-25,CUST0323,Small Business,West,Water Bottle,Accessories,349,1,0.0,349,349.0,191.95,157.05
103199,2024-02-26,CUST0240,Consumer,North,Table Lamp,Furniture,899,1,0.0,899,899.0,557.38,341.62
103200,2024-02-26,CUST0315,Corporate,South,Bluetooth Speaker,Electronics,1999,1,0.0,1999,1999.0,1359.32,639.68
103201,2024-02-27,CUST0237,Consumer,South,27in Monitor,Electronics,12999,1,0.0,12999,12999.0,8839.32,4159.68
103202,2024-02-27,CUST0367,Enterprise,South,Bluetooth Speaker,Electronics,1999,1,0.0,1999,1999.0,1359.32,639.68
103203,2024-02-27,CUST0097,Small Business,South,Backpack,Accessories,1799,1,0.0,1799,1799.0,989.45,809.55
103204,2024-02-27,CUST0238,Consumer,North,Bluetooth Speaker,Electronics,1999,1,10.0,1999,1799.1,1359.32,439.78
103205,2024-02-27,CUST0312,Consumer,North,Wireless Mouse,Electronics,599,4,5.0,2396,2276.2,1629.28,646.92
103206,2024-02-28,CUST0181,Consumer,East,Bookshelf,Furniture,3499,1,0.0,3499,3499.0,2169.38,1329.62
103207,2024-02-28,CUST0306,Enterprise,West,Bluetooth Speaker,Electronics,1999,2,0.0,3998,3998.0,2718.64,1279.36
103208,2024-02-28,CUST0355,Consumer,Central,Table Lamp,Furniture,899,1,0.0,899,899.0,557.38,341.62
103209,2024-02-28,CUST0065,Consumer,North,Water Bottle,Accessories,349,2,20.0,698,558.4,383.9,174.5
103210,2024-02-28,CUST0090,Consumer,West,Water Bottle,Accessories,349,1,0.0,349,349.0,191.95,157.05
103211,2024-02-28,CUST0077,Corporate,East,Backpack,Accessories,1799,1,0.0,1799,1799.0,989.45,809.55
103212,2024-02-28,CUST0389,Corporate,South,Wireless Mouse,Electronics,599,3,0.0,1797,1797.0,1221.96,575.04
103213,2024-02-28,CUST0103,Consumer,Central,Mechanical Keyboard,Electronics,2499,3,5.0,7497,7122.15,5097.96,2024.19
103214,2024-02-29,CUST0390,Corporate,South,USB-C Hub,Electronics,1299,1,0.0,1299,1299.0,883.32,415.68
103215,2024-02-29,CUST0171,Small Business,North,Notebook Set,Stationery,199,1,0.0,199,199.0,89.55,109.45
103216,2024-02-29,CUST0028,Small Business,Central,Whiteboard,Stationery,1499,1,0.0,1499,1499.0,674.55,824.45
103217,2024-02-29,CUST0017,Consumer,West,Office Chair,Furniture,6499,1,5.0,6499,6174.05,4029.38,2144.67
103218,2024-02-29,CUST0189,Small Business,North,Notebook Set,Stationery,199,1,0.0,199,199.0,89.55,109.45
103219,2024-02-29,CUST0299,Small Business,South,Wireless Mouse,Electronics,599,1,0.0,599,599.0,407.32,191.68
103220,2024-02-29,CUST0100,Consumer,Central,Wall Clock,Home Decor,749,1,5.0,749,711.55,374.5,337.05
103221,2024-02-29,CUST0089,Corporate,Central,Notebook Set,Stationery,199,1,5.0,199,189.05,89.55,99.5
103222,2024-03-01,CUST0098,Consumer,West,Bookshelf,Furniture,3499,2,0.0,6998,6998.0,4338.76,2659.24
103223,2024-03-01,CUST0094,Small Business,North,Photo Frame Set,Home Decor,549,1,5.0,549,521.55,274.5,247.05
103224,2024-03-01,CUST0134,Consumer,Central,27in Monitor,Electronics,12999,2,0.0,25998,25998.0,17678.64,8319.36
103225,2024-03-02,CUST0058,Consumer,Central,USB-C Hub,Electronics,1299,1,5.0,1299,1234.05,883.32,350.73
103226,2024-03-02,CUST0073,Consumer,East,Wall Clock,Home Decor,749,2,0.0,1498,1498.0,749.0,749.0
103227,2024-03-02,CUST0319,Consumer,West,Notebook Set,Stationery,199,1,0.0,199,199.0,89.55,109.45
103228,2024-03-02,CUST0277,Corporate,South,Bookshelf,Furniture,3499,2,0.0,6998,6998.0,4338.76,2659.24
103229,2024-03-02,CUST0322,Small Business,Central,Wireless Mouse,Electronics,599,1,0.0,599,599.0,407.32,191.68
103230,2024-03-02,CUST0293,Corporate,North,Notebook Set,Stationery,199,1,0.0,199,199.0,89.55,109.45
103231,2024-03-02,CUST0204,Corporate,East,Standing Desk,Furniture,14999,1,5.0,14999,14249.05,9299.38,4949.67
103232,2024-03-02,CUST0201,Small Business,South,USB-C Hub,Electronics,1299,3,10.0,3897,3507.3,2649.96,857.34
103233,2024-03-03,CUST0040,Consumer,East,Whiteboard,Stationery,1499,2,0.0,2998,2998.0,1349.1,1648.9
103234,2024-03-03,CUST0103,Consumer,Central,Water Bottle,Accessories,349,1,0.0,349,349.0,191.95,157.05
103235,2024-03-03,CUST0365,Enterprise,South,Standing Desk,Furniture,14999,2,0.0,29998,29998.0,18598.76,11399.24
103236,2024-03-03,CUST0177,Small Business,West,Standing Desk,Furniture,14999,1,0.0,14999,14999.0,9299.38,5699.62
103237,2024-03-04,CUST0017,Consumer,West,Wall Clock,Home Decor,749,1,20.0,749,599.2,374.5,224.7
103238,2024-03-04,CUST0346,Small Business,North,Wall Clock,Home Decor,749,1,0.0,749,749.0,374.5,374.5
103239,2024-03-04,CUST0366,Consumer,East,Whiteboard,Stationery,1499,1,5.0,1499,1424.05,674.55,749.5
103240,2024-03-04,CUST0311,Consumer,East,Water Bottle,Accessories,349,3,0.0,1047,1047.0,575.85,471.15
103241,2024-03-04,CUST0147,Small Business,East,Table Lamp,Furniture,899,1,0.0,899,899.0,557.38,341.62
103242,2024-03-04,CUST0003,Small Business,North,Water Bottle,Accessories,349,1,0.0,349,349.0,191.95,157.05
103243,2024-03-05,CUST0230,Small Business,West,Table Lamp,Furniture,899,1,0.0,899,899.0,557.38,341.62
103244,2024-03-05,CUST0155,Enterprise,South,Wall Clock,Home Decor,749,1,0.0,749,749.0,374.5,374.5
103245,2024-03-05,CUST0339,Consumer,West,Table Lamp,Furniture,899,1,0.0,899,899.0,557.38,341.62
103246,2024-03-05,CUST0040,Consumer,East,Whiteboard,Stationery,1499,2,0.0,2998,2998.0,1349.1,1648.9
103247,2024-03-05,CUST0143,Consumer,Central,27in Monitor,Electronics,12999,3,10.0,38997,35097.3,26517.96,8579.34
103248,2024-03-05,CUST0200,Corporate,West,Table Lamp,Furniture,899,1,0.0,899,899.0,557.38,341.62
103249,2024-03-05,CUST0062,Consumer,North,USB-C Hub,Electronics,1299,1,20.0,1299,1039.2,883.32,155.88
103250,2024-03-05,CUST0227,Enterprise,West,Notebook Set,Stationery,199,2,0.0,398,398.0,179.1,218.9
103251,2024-03-06,CUST0343,Consumer,East,Standing Desk,Furniture,14999,2,0.0,29998,29998.0,18598.76,11399.24
103252,2024-03-06,CUST0304,Small Business,East,Wireless Mouse,Electronics,599,1,0.0,599,599.0,407.32,191.68
103253,2024-03-06,CUST0219,Small Business,West,Standing Desk,Furniture,14999,1,0.0,14999,14999.0,9299.38,5699.62
103254,2024-03-06,CUST0121,Corporate,South,Notebook Set,Stationery,199,1,5.0,199,189.05,89.55,99.5
103255,2024-03-06,CUST0327,Small Business,East,Sticky Notes Pack,Stationery,99,1,5.0,99,94.05,44.55,49.5
103256,2024-03-06,CUST0251,Consumer,East,Water Bottle,Accessories,349,1,5.0,349,331.55,191.95,139.6
103257,2024-03-07,CUST0173,Small Business,North,Table Lamp,Furniture,899,1,5.0,899,854.05,557.38,296.67
103258,2024-03-07,CUST0335,Consumer,East,Whiteboard,Stationery,1499,2,5.0,2998,2848.1,1349.1,1499.0
103259,2024-03-07,CUST0099,Consumer,Central,Sticky Notes Pack,Stationery,99,1,0.0,99,99.0,44.55,54.45
103260,2024-03-08,CUST0069,Consumer,West,Wireless Mouse,Electronics,599,1,5.0,599,569.05,407.32,161.73
103261,2024-03-08,CUST0091,Consumer,North,Bluetooth Speaker,Electronics,1999,1,0.0,1999,1999.0,1359.32,639.68
103262,2024-03-08,CUST0272,Corporate,Central,Mechanical Keyboard,Electronics,2499,1,0.0,2499,2499.0,1699.32,799.68
103263,2024-03-09,CUST0125,Consumer,South,Backpack,Accessories,1799,2,15.0,3598,3058.3,1978.9,1079.4
103264,2024-03-09,CUST0164,Small Business,Central,Backpack,Accessories,1799,2,10.0,3598,3238.2,1978.9,1259.3
103265,2024-03-09,CUST0176,Consumer,Central,Wireless Mouse,Electronics,599,2,0.0,1198,1198.0,814.64,383.36
103266,2024-03-09,CUST0347,Small Business,North,Standing Desk,Furniture,14999,1,5.0,14999,14249.05,9299.38,4949.67
103267,2024-03-09,CUST0121,Corporate,South,Wall Clock,Home Decor,749,2,10.0,1498,1348.2,749.0,599.2
103268,2024-03-09,CUST0183,Corporate,Central,Water Bottle,Accessories,349,1,0.0,349,349.0,191.95,157.05
103269,2024-03-09,CUST0218,Small Business,East,Bookshelf,Furniture,3499,2,0.0,6998,6998.0,4338.76,2659.24
103270,2024-03-09,CUST0304,Small Business,East,Standing Desk,Furniture,14999,2,5.0,29998,28498.1,18598.76,9899.34
103271,2024-03-09,CUST0088,Small Business,East,27in Monitor,Electronics,12999,1,5.0,12999,12349.05,8839.32,3509.73
103272,2024-03-09,CUST0239,Small Business,South,27in Monitor,Electronics,12999,2,5.0,25998,24698.1,17678.64,7019.46
103273,2024-03-09,CUST0071,Corporate,Central,Mechanical Keyboard,Electronics,2499,2,0.0,4998,4998.0,3398.64,1599.36
103274,2024-03-09,CUST0248,Enterprise,East,USB-C Hub,Electronics,1299,1,20.0,1299,1039.2,883.32,155.88
103275,2024-03-09,CUST0204,Corporate,East,Sticky Notes Pack,Stationery,99,2,10.0,198,178.2,89.1,89.1
103276,2024-03-10,CUST0358,Small Business,West,Table Lamp,Furniture,899,3,0.0,2697,2697.0,1672.14,1024.86
103277,2024-03-10,CUST0133,Consumer,West,Standing Desk,Furniture,14999,1,10.0,14999,13499.1,9299.38,4199.72
103278,2024-03-10,CUST0391,Enterprise,Central,Table Lamp,Furniture,899,2,0.0,1798,1798.0,1114.76,683.24
103279,2024-03-10,CUST0003,Small Business,North,Table Lamp,Furniture,899,1,0.0,899,899.0,557.38,341.62
103280,2024-03-10,CUST0048,Small Business,North,Photo Frame Set,Home Decor,549,1,0.0,549,549.0,274.5,274.5
103281,2024-03-10,CUST0109,Consumer,East,Table Lamp,Furniture,899,1,15.0,899,764.15,557.38,206.77
103282,2024-03-10,CUST0052,Corporate,North,Backpack,Accessories,1799,2,0.0,3598,3598.0,1978.9,1619.1
103283,2024-03-10,CUST0209,Consumer,West,Sticky Notes Pack,Stationery,99,1,0.0,99,99.0,44.55,54.45
103284,2024-03-10,CUST0122,Corporate,West,Office Chair,Furniture,6499,1,0.0,6499,6499.0,4029.38,2469.62
103285,2024-03-10,CUST0089,Corporate,Central,Bookshelf,Furniture,3499,1,5.0,3499,3324.05,2169.38,1154.67
103286,2024-03-10,CUST0255,Consumer,West,Wall Clock,Home Decor,749,2,0.0,1498,1498.0,749.0,749.0
103287,2024-03-10,CUST0080,Consumer,South,Standing Desk,Furniture,14999,1,0.0,14999,14999.0,9299.38,5699.62
103288,2024-03-10,CUST0090,Consumer,West,Backpack,Accessories,1799,2,0.0,3598,3598.0,1978.9,1619.1
103289,2024-03-10,CUST0089,Corporate,Central,Standing Desk,Furniture,14999,1,5.0,14999,14249.05,9299.38,4949.67
103290,2024-03-10,CUST0090,Consumer,West,Water Bottle,Accessories,349,1,5.0,349,331.55,191.95,139.6
103291,2024-03-10,CUST0061,Consumer,Central,Sticky Notes Pack,Stationery,99,1,0.0,99,99.0,44.55,54.45
103292,2024-03-10,CUST0232,Small Business,East,Backpack,Accessories,1799,4,10.0,7196,6476.4,3957.8,2518.6
103293,2024-03-10,CUST0371,Consumer,Central,Sticky Notes Pack,Stationery,99,1,0.0,99,99.0,44.55,54.45
103294,2024-03-11,CUST0170,Small Business,Central,Photo Frame Set,Home Decor,549,1,0.0,549,549.0,274.5,274.5
103295,2024-03-11,CUST0232,Small Business,East,Photo Frame Set,Home Decor,549,4,0.0,2196,2196.0,1098.0,1098.0
103296,2024-03-11,CUST0032,Consumer,Central,Wall Clock,Home Decor,749,1,0.0,749,749.0,374.5,374.5
103297,2024-03-11,CUST0151,Corporate,Central,Whiteboard,Stationery,1499,2,0.0,2998,2998.0,1349.1,1648.9
103298,2024-03-11,CUST0066,Small Business,Central,27in Monitor,Electronics,12999,1,0.0,12999,12999.0,8839.32,4159.68
103299,2024-03-11,CUST0381,Consumer,South,Mechanical Keyboard,Electronics,2499,4,0.0,9996,9996.0,6797.28,3198.72
103300,2024-03-12,CUST0083,Consumer,West,Water Bottle,Accessories,349,4,0.0,1396,1396.0,767.8,628.2
103301,2024-03-12,CUST0188,Small Business,East,Office Chair,Furniture,6499,1,0.0,6499,6499.0,4029.38,2469.62
103302,2024-03-12,CUST0002,Enterprise,North,Mechanical Keyboard,Electronics,2499,4,0.0,9996,9996.0,6797.28,3198.72
103303,2024-03-12,CUST0341,Consumer,South,Photo Frame Set,Home Decor,549,1,0.0,549,549.0,274.5,274.5
103304,2024-03-12,CUST0367,Enterprise,South,Mechanical Keyboard,Electronics,2499,1,0.0,2499,2499.0,1699.32,799.68
103305,2024-03-12,CUST0297,Corporate,South,Whiteboard,Stationery,1499,1,10.0,1499,1349.1,674.55,674.55
103306,2024-03-12,CUST0037,Consumer,Central,Water Bottle,Accessories,349,1,10.0,349,314.1,191.95,122.15
103307,2024-03-13,CUST0112,Consumer,South,Photo Frame Set,Home Decor,549,1,5.0,549,521.55,274.5,247.05
103308,2024-03-13,CUST0287,Consumer,East,Bookshelf,Furniture,3499,1,0.0,3499,3499.0,2169.38,1329.62
103309,2024-03-13,CUST0008,Corporate,East,Bluetooth Speaker,Electronics,1999,2,15.0,3998,3398.3,2718.64,679.66
103310,2024-03-13,CUST0019,Consumer,East,Bookshelf,Furniture,3499,4,0.0,13996,13996.0,8677.52,5318.48
103311,2024-03-13,CUST0011,Consumer,West,Wireless Mouse,Electronics,599,1,0.0,599,599.0,407.32,191.68
103312,2024-03-13,CUST0194,Small Business,Central,27in Monitor,Electronics,12999,2,0.0,25998,25998.0,17678.64,8319.36
103313,2024-03-14,CUST0165,Consumer,South,Office Chair,Furniture,6499,1,0.0,6499,6499.0,4029.38,2469.62
103314,2024-03-14,CUST0181,Consumer,East,Table Lamp,Furniture,899,1,0.0,899,899.0,557.38,341.62
103315,2024-03-14,CUST0013,Corporate,North,USB-C Hub,Electronics,1299,1,5.0,1299,1234.05,883.32,350.73
103316,2024-03-15,CUST0037,Consumer,Central,Photo Frame Set,Home Decor,549,1,15.0,549,466.65,274.5,192.15
103317,2024-03-15,CUST0135,Enterprise,North,Wall Clock,Home Decor,749,1,0.0,749,749.0,374.5,374.5
103318,2024-03-15,CUST0290,Small Business,South,Office Chair,Furniture,6499,1,0.0,6499,6499.0,4029.38,2469.62
103319,2024-03-15,CUST0070,Enterprise,East,Water Bottle,Accessories,349,1,0.0,349,349.0,191.95,157.05
103320,2024-03-15,CUST0001,Consumer,North,Photo Frame Set,Home Decor,549,3,5.0,1647,1564.65,823.5,741.15
103321,2024-03-15,CUST0266,Small Business,Central,Sticky Notes Pack,Stationery,99,1,0.0,99,99.0,44.55,54.45
103322,2024-03-15,CUST0262,Enterprise,Central,Water Bottle,Accessories,349,1,0.0,349,349.0,191.95,157.05
103323,2024-03-16,CUST0188,Small Business,East,Photo Frame Set,Home Decor,549,2,5.0,1098,1043.1,549.0,494.1
103324,2024-03-16,CUST0256,Small Business,North,Wall Clock,Home Decor,749,1,20.0,749,599.2,374.5,224.7
103325,2024-03-16,CUST0397,Corporate,West,Photo Frame Set,Home Decor,549,1,0.0,549,549.0,274.5,274.5
103326,2024-03-16,CUST0398,Consumer,North,Office Chair,Furniture,6499,1,0.0,6499,6499.0,4029.38,2469.62
103327,2024-03-16,CUST0017,Consumer,West,Office Chair,Furniture,6499,1,0.0,6499,6499.0,4029.38,2469.62
103328,2024-03-16,CUST0349,Consumer,Central,Table Lamp,Furniture,899,1,10.0,899,809.1,557.38,251.72
103329,2024-03-16,CUST0365,Enterprise,South,Whiteboard,Stationery,1499,3,10.0,4497,4047.3,2023.65,2023.65
103330,2024-03-16,CUST0099,Consumer,Central,Whiteboard,Stationery,1499,1,0.0,1499,1499.0,674.55,824.45
103331,2024-03-16,CUST0321,Small Business,North,Whiteboard,Stationery,1499,1,20.0,1499,1199.2,674.55,524.65
103332,2024-03-17,CUST0007,Consumer,East,Standing Desk,Furniture,14999,2,0.0,29998,29998.0,18598.76,11399.24
103333,2024-03-17,CUST0098,Consumer,West,Water Bottle,Accessories,349,2,0.0,698,698.0,383.9,314.1
103334,2024-03-17,CUST0140,Enterprise,North,27in Monitor,Electronics,12999,1,10.0,12999,11699.1,8839.32,2859.78
103335,2024-03-17,CUST0163,Small Business,East,Backpack,Accessories,1799,1,0.0,1799,1799.0,989.45,809.55
103336,2024-03-17,CUST0243,Corporate,Central,Sticky Notes Pack,Stationery,99,1,0.0,99,99.0,44.55,54.45
103337,2024-03-17,CUST0377,Corporate,West,Water Bottle,Accessories,349,1,5.0,349,331.55,191.95,139.6
103338,2024-03-17,CUST0288,Small Business,Central,Table Lamp,Furniture,899,1,5.0,899,854.05,557.38,296.67
103339,2024-03-18,CUST0280,Corporate,South,Wireless Mouse,Electronics,599,1,0.0,599,599.0,407.32,191.68
103340,2024-03-18,CUST0112,Consumer,South,USB-C Hub,Electronics,1299,2,15.0,2598,2208.3,1766.64,441.66
103341,2024-03-18,CUST0007,Consumer,East,Bluetooth Speaker,Electronics,1999,1,10.0,1999,1799.1,1359.32,439.78
103342,2024-03-18,CUST0389,Corporate,South,Wall Clock,Home Decor,749,1,0.0,749,749.0,374.5,374.5
103343,2024-03-18,CUST0296,Small Business,West,Office Chair,Furniture,6499,2,0.0,12998,12998.0,8058.76,4939.24
103344,2024-03-18,CUST0319,Consumer,West,Whiteboard,Stationery,1499,1,20.0,1499,1199.2,674.55,524.65
103345,2024-03-19,CUST0356,Small Business,West,Photo Frame Set,Home Decor,549,1,0.0,549,549.0,274.5,274.5
103346,2024-03-19,CUST0234,Consumer,Central,Mechanical Keyboard,Electronics,2499,2,0.0,4998,4998.0,3398.64,1599.36
103347,2024-03-19,CUST0239,Small Business,South,Wireless Mouse,Electronics,599,1,0.0,599,599.0,407.32,191.68
103348,2024-03-19,CUST0175,Small Business,North,Notebook Set,Stationery,199,2,0.0,398,398.0,179.1,218.9
103349,2024-03-19,CUST0215,Small Business,Central,Standing Desk,Furniture,14999,1,0.0,14999,14999.0,9299.38,5699.62
103350,2024-03-19,CUST0075,Small Business,South,Wireless Mouse,Electronics,599,1,5.0,599,569.05,407.32,161.73
103351,2024-03-20,CUST0367,Enterprise,South,USB-C Hub,Electronics,1299,1,0.0,1299,1299.0,883.32,415.68
103352,2024-03-20,CUST0071,Corporate,Central,27in Monitor,Electronics,12999,1,15.0,12999,11049.15,8839.32,2209.83
103353,2024-03-20,CUST0250,Corporate,East,Bookshelf,Furniture,3499,1,0.0,3499,3499.0,2169.38,1329.62
103354,2024-03-20,CUST0102,Small Business,Central,Table Lamp,Furniture,899,1,5.0,899,854.05,557.38,296.67
103355,2024-03-20,CUST0062,Consumer,North,Table Lamp,Furniture,899,1,0.0,899,899.0,557.38,341.62
103356,2024-03-20,CUST0195,Consumer,Central,Sticky Notes Pack,Stationery,99,3,0.0,297,297.0,133.65,163.35
103357,2024-03-20,CUST0267,Small Business,Central,Backpack,Accessories,1799,1,0.0,1799,1799.0,989.45,809.55
103358,2024-03-21,CUST0328,Small Business,North,Table Lamp,Furniture,899,2,0.0,1798,1798.0,1114.76,683.24
103359,2024-03-21,CUST0023,Consumer,East,Notebook Set,Stationery,199,3,15.0,597,507.45,268.65,238.8
103360,2024-03-21,CUST0290,Small Business,South,Bluetooth Speaker,Electronics,1999,1,0.0,1999,1999.0,1359.32,639.68
103361,2024-03-21,CUST0185,Consumer,Central,Mechanical Keyboard,Electronics,2499,1,0.0,2499,2499.0,1699.32,799.68
103362,2024-03-21,CUST0096,Consumer,Central,Bookshelf,Furniture,3499,2,10.0,6998,6298.2,4338.76,1959.44
103363,2024-03-21,CUST0338,Small Business,Central,Water Bottle,Accessories,349,2,0.0,698,698.0,383.9,314.1
103364,2024-03-21,CUST0138,Small Business,North,Bluetooth Speaker,Electronics,1999,1,0.0,1999,1999.0,1359.32,639.68
103365,2024-03-21,CUST0367,Enterprise,South,Bookshelf,Furniture,3499,1,0.0,3499,3499.0,2169.38,1329.62
103366,2024-03-22,CUST0326,Small Business,South,Wall Clock,Home Decor,749,1,10.0,749,674.1,374.5,299.6
103367,2024-03-22,CUST0377,Corporate,West,Notebook Set,Stationery,199,1,0.0,199,199.0,89.55,109.45
103368,2024-03-22,CUST0126,Consumer,West,Wireless Mouse,Electronics,599,1,0.0,599,599.0,407.32,191.68
103369,2024-03-22,CUST0083,Consumer,West,Bluetooth Speaker,Electronics,1999,1,0.0,1999,1999.0,1359.32,639.68
103370,2024-03-22,CUST0095,Corporate,North,Photo Frame Set,Home Decor,549,1,0.0,549,549.0,274.5,274.5
103371,2024-03-23,CUST0077,Corporate,East,27in Monitor,Electronics,12999,2,15.0,25998,22098.3,17678.64,4419.66
103372,2024-03-23,CUST0105,Corporate,West,Wireless Mouse,Electronics,599,1,0.0,599,599.0,407.32,191.68
103373,2024-03-23,CUST0332,Corporate,South,Wireless Mouse,Electronics,599,2,0.0,1198,1198.0,814.64,383.36
103374,2024-03-23,CUST0299,Small Business,South,Water Bottle,Accessories,349,2,0.0,698,698.0,383.9,314.1
103375,2024-03-23,CUST0188,Small Business,East,Backpack,Accessories,1799,1,5.0,1799,1709.05,989.45,719.6
103376,2024-03-23,CUST0021,Small Business,Central,Whiteboard,Stationery,1499,1,0.0,1499,1499.0,674.55,824.45
103377,2024-03-23,CUST0087,Small Business,North,Standing Desk,Furniture,14999,1,0.0,14999,14999.0,9299.38,5699.62
103378,2024-03-23,CUST0315,Corporate,South,USB-C Hub,Electronics,1299,1,0.0,1299,1299.0,883.32,415.68
103379,2024-03-24,CUST0272,Corporate,Central,Sticky Notes Pack,Stationery,99,2,0.0,198,198.0,89.1,108.9
103380,2024-03-24,CUST0348,Consumer,Central,27in Monitor,Electronics,12999,2,10.0,25998,23398.2,17678.64,5719.56
103381,2024-03-24,CUST0049,Small Business,Central,Bluetooth Speaker,Electronics,1999,1,0.0,1999,1999.0,1359.32,639.68
103382,2024-03-24,CUST0376,Consumer,North,Bookshelf,Furniture,3499,1,0.0,3499,3499.0,2169.38,1329.62
103383,2024-03-24,CUST0177,Small Business,West,Bluetooth Speaker,Electronics,1999,1,5.0,1999,1899.05,1359.32,539.73
103384,2024-03-24,CUST0255,Consumer,West,Standing Desk,Furniture,14999,1,5.0,14999,14249.05,9299.38,4949.67
103385,2024-03-24,CUST0075,Small Business,South,Water Bottle,Accessories,349,3,5.0,1047,994.65,575.85,418.8
103386,2024-03-24,CUST0003,Small Business,North,Mechanical Keyboard,Electronics,2499,1,0.0,2499,2499.0,1699.32,799.68
103387,2024-03-24,CUST0263,Consumer,South,27in Monitor,Electronics,12999,1,5.0,12999,12349.05,8839.32,3509.73
103388,2024-03-24,CUST0061,Consumer,Central,Office Chair,Furniture,6499,1,20.0,6499,5199.2,4029.38,1169.82
103389,2024-03-25,CUST0209,Consumer,West,Wall Clock,Home Decor,749,1,0.0,749,749.0,374.5,374.5
103390,2024-03-25,CUST0053,Enterprise,South,Photo Frame Set,Home Decor,549,1,5.0,549,521.55,274.5,247.05
103391,2024-03-25,CUST0242,Enterprise,West,Sticky Notes Pack,Stationery,99,2,0.0,198,198.0,89.1,108.9
103392,2024-03-25,CUST0215,Small Business,Central,Standing Desk,Furniture,14999,1,0.0,14999,14999.0,9299.38,5699.62
103393,2024-03-25,CUST0028,Small Business,Central,Table Lamp,Furniture,899,2,5.0,1798,1708.1,1114.76,593.34
103394,2024-03-25,CUST0285,Small Business,North,USB-C Hub,Electronics,1299,1,15.0,1299,1104.15,883.32,220.83
103395,2024-03-25,CUST0396,Enterprise,South,Water Bottle,Accessories,349,1,10.0,349,314.1,191.95,122.15
103396,2024-03-25,CUST0245,Consumer,Central,Table Lamp,Furniture,899,1,0.0,899,899.0,557.38,341.62
103397,2024-03-25,CUST0282,Consumer,East,Bookshelf,Furniture,3499,2,0.0,6998,6998.0,4338.76,2659.24
103398,2024-03-25,CUST0076,Small Business,East,Photo Frame Set,Home Decor,549,3,15.0,1647,1399.95,823.5,576.45
103399,2024-03-26,CUST0396,Enterprise,South,Photo Frame Set,Home Decor,549,1,0.0,549,549.0,274.5,274.5
103400,2024-03-26,CUST0280,Corporate,South,Backpack,Accessories,1799,1,0.0,1799,1799.0,989.45,809.55
103401,2024-03-26,CUST0214,Consumer,Central,Backpack,Accessories,1799,1,0.0,1799,1799.0,989.45,809.55
103402,2024-03-26,CUST0192,Corporate,North,Bookshelf,Furniture,3499,2,0.0,6998,6998.0,4338.76,2659.24
103403,2024-03-27,CUST0346,Small Business,North,27in Monitor,Electronics,12999,1,5.0,12999,12349.05,8839.32,3509.73
103404,2024-03-27,CUST0143,Consumer,Central,Backpack,Accessories,1799,1,5.0,1799,1709.05,989.45,719.6
103405,2024-03-28,CUST0078,Consumer,Central,Standing Desk,Furniture,14999,1,0.0,14999,14999.0,9299.38,5699.62
103406,2024-03-28,CUST0214,Consumer,Central,Notebook Set,Stationery,199,1,0.0,199,199.0,89.55,109.45
103407,2024-03-28,CUST0157,Small Business,Central,Whiteboard,Stationery,1499,1,0.0,1499,1499.0,674.55,824.45
103408,2024-03-28,CUST0182,Consumer,Central,Mechanical Keyboard,Electronics,2499,1,15.0,2499,2124.15,1699.32,424.83
103409,2024-03-28,CUST0356,Small Business,West,Office Chair,Furniture,6499,2,0.0,12998,12998.0,8058.76,4939.24
103410,2024-03-29,CUST0289,Consumer,North,Photo Frame Set,Home Decor,549,1,0.0,549,549.0,274.5,274.5
103411,2024-03-29,CUST0167,Consumer,East,Notebook Set,Stationery,199,1,0.0,199,199.0,89.55,109.45
103412,2024-03-29,CUST0068,Corporate,West,Table Lamp,Furniture,899,2,0.0,1798,1798.0,1114.76,683.24
103413,2024-03-29,CUST0390,Corporate,South,Bluetooth Speaker,Electronics,1999,2,10.0,3998,3598.2,2718.64,879.56
103414,2024-03-29,CUST0358,Small Business,West,USB-C Hub,Electronics,1299,1,0.0,1299,1299.0,883.32,415.68
103415,2024-03-30,CUST0231,Corporate,South,Wireless Mouse,Electronics,599,1,0.0,599,599.0,407.32,191.68
103416,2024-03-30,CUST0126,Consumer,West,Photo Frame Set,Home Decor,549,1,0.0,549,549.0,274.5,274.5
103417,2024-03-30,CUST0236,Small Business,West,Backpack,Accessories,1799,1,5.0,1799,1709.05,989.45,719.6
103418,2024-03-30,CUST0190,Consumer,Central,Wall Clock,Home Decor,749,1,0.0,749,749.0,374.5,374.5
103419,2024-03-30,CUST0158,Corporate,Central,Wall Clock,Home Decor,749,1,5.0,749,711.55,374.5,337.05
103420,2024-03-30,CUST0329,Consumer,Central,Sticky Notes Pack,Stationery,99,2,5.0,198,188.1,89.1,99.0
103421,2024-03-30,CUST0072,Consumer,West,Standing Desk,Furniture,14999,2,15.0,29998,25498.3,18598.76,6899.54
103422,2024-03-30,CUST0028,Small Business,Central,Bookshelf,Furniture,3499,1,0.0,3499,3499.0,2169.38,1329.62
103423,2024-03-30,CUST0245,Consumer,Central,Office Chair,Furniture,6499,1,0.0,6499,6499.0,4029.38,2469.62
103424,2024-03-31,CUST0087,Small Business,North,Whiteboard,Stationery,1499,1,0.0,1499,1499.0,674.55,824.45
103425,2024-03-31,CUST0214,Consumer,Central,USB-C Hub,Electronics,1299,1,0.0,1299,1299.0,883.32,415.68
103426,2024-03-31,CUST0115,Small Business,North,Wireless Mouse,Electronics,599,1,20.0,599,479.2,407.32,71.88
103427,2024-03-31,CUST0143,Consumer,Central,Sticky Notes Pack,Stationery,99,2,10.0,198,178.2,89.1,89.1
103428,2024-03-31,CUST0075,Small Business,South,Whiteboard,Stationery,1499,1,15.0,1499,1274.15,674.55,599.6
103429,2024-03-31,CUST0239,Small Business,South,Water Bottle,Accessories,349,1,0.0,349,349.0,191.95,157.05
103430,2024-04-01,CUST0265,Corporate,East,Bluetooth Speaker,Electronics,1999,1,5.0,1999,1899.05,1359.32,539.73
103431,2024-04-01,CUST0196,Consumer,West,Whiteboard,Stationery,1499,1,15.0,1499,1274.15,674.55,599.6
103432,2024-04-01,CUST0264,Small Business,East,Office Chair,Furniture,6499,1,0.0,6499,6499.0,4029.38,2469.62
103433,2024-04-01,CUST0275,Small Business,North,Table Lamp,Furniture,899,1,0.0,899,899.0,557.38,341.62
103434,2024-04-01,CUST0317,Consumer,North,Wireless Mouse,Electronics,599,1,5.0,599,569.05,407.32,161.73
103435,2024-04-01,CUST0359,Enterprise,West,Table Lamp,Furniture,899,1,5.0,899,854.05,557.38,296.67
103436,2024-04-02,CUST0107,Consumer,West,27in Monitor,Electronics,12999,1,10.0,12999,11699.1,8839.32,2859.78
103437,2024-04-02,CUST0257,Enterprise,East,Mechanical Keyboard,Electronics,2499,1,0.0,2499,2499.0,1699.32,799.68
103438,2024-04-02,CUST0088,Small Business,East,Standing Desk,Furniture,14999,1,0.0,14999,14999.0,9299.38,5699.62
103439,2024-04-02,CUST0160,Small Business,North,Bookshelf,Furniture,3499,1,0.0,3499,3499.0,2169.38,1329.62
103440,2024-04-02,CUST0196,Consumer,West,Wireless Mouse,Electronics,599,1,0.0,599,599.0,407.32,191.68
103441,2024-04-02,CUST0336,Consumer,South,Sticky Notes Pack,Stationery,99,1,0.0,99,99.0,44.55,54.45
103442,2024-04-03,CUST0340,Consumer,South,Water Bottle,Accessories,349,1,0.0,349,349.0,191.95,157.05
103443,2024-04-03,CUST0323,Small Business,West,27in Monitor,Electronics,12999,1,0.0,12999,12999.0,8839.32,4159.68
103444,2024-04-03,CUST0035,Enterprise,South,Bookshelf,Furniture,3499,1,5.0,3499,3324.05,2169.38,1154.67
103445,2024-04-03,CUST0061,Consumer,Central,Bluetooth Speaker,Electronics,1999,1,15.0,1999,1699.15,1359.32,339.83
103446,2024-04-03,CUST0133,Consumer,West,Sticky Notes Pack,Stationery,99,1,0.0,99,99.0,44.55,54.45
103447,2024-04-03,CUST0231,Corporate,South,Whiteboard,Stationery,1499,1,0.0,1499,1499.0,674.55,824.45
103448,2024-04-03,CUST0141,Enterprise,Central,Standing Desk,Furniture,14999,1,0.0,14999,14999.0,9299.38,5699.62
103449,2024-04-04,CUST0323,Small Business,West,Wireless Mouse,Electronics,599,1,0.0,599,599.0,407.32,191.68
103450,2024-04-04,CUST0060,Consumer,East,Backpack,Accessories,1799,1,10.0,1799,1619.1,989.45,629.65
103451,2024-04-04,CUST0373,Consumer,West,Notebook Set,Stationery,199,1,0.0,199,199.0,89.55,109.45
103452,2024-04-04,CUST0358,Small Business,West,Notebook Set,Stationery,199,1,0.0,199,199.0,89.55,109.45
103453,2024-04-05,CUST0392,Consumer,South,Mechanical Keyboard,Electronics,2499,1,5.0,2499,2374.05,1699.32,674.73
103454,2024-04-05,CUST0277,Corporate,South,Office Chair,Furniture,6499,1,0.0,6499,6499.0,4029.38,2469.62
103455,2024-04-05,CUST0258,Small Business,East,Water Bottle,Accessories,349,2,20.0,698,558.4,383.9,174.5
103456,2024-04-05,CUST0334,Consumer,West,Wireless Mouse,Electronics,599,1,5.0,599,569.05,407.32,161.73
103457,2024-04-05,CUST0017,Consumer,West,Bookshelf,Furniture,3499,2,5.0,6998,6648.1,4338.76,2309.34
103458,2024-04-05,CUST0282,Consumer,East,Mechanical Keyboard,Electronics,2499,1,5.0,2499,2374.05,1699.32,674.73
103459,2024-04-05,CUST0170,Small Business,Central,Wall Clock,Home Decor,749,3,0.0,2247,2247.0,1123.5,1123.5
103460,2024-04-05,CUST0297,Corporate,South,Sticky Notes Pack,Stationery,99,1,0.0,99,99.0,44.55,54.45
103461,2024-04-06,CUST0324,Consumer,North,Backpack,Accessories,1799,2,0.0,3598,3598.0,1978.9,1619.1
103462,2024-04-06,CUST0377,Corporate,West,USB-C Hub,Electronics,1299,4,0.0,5196,5196.0,3533.28,1662.72
103463,2024-04-06,CUST0319,Consumer,West,Standing Desk,Furniture,14999,2,15.0,29998,25498.3,18598.76,6899.54
103464,2024-04-06,CUST0208,Small Business,North,Notebook Set,Stationery,199,1,5.0,199,189.05,89.55,99.5
103465,2024-04-06,CUST0292,Consumer,North,Standing Desk,Furniture,14999,1,0.0,14999,14999.0,9299.38,5699.62
103466,2024-04-06,CUST0275,Small Business,North,Sticky Notes Pack,Stationery,99,1,0.0,99,99.0,44.55,54.45
103467,2024-04-06,CUST0066,Small Business,Central,Wireless Mouse,Electronics,599,1,0.0,599,599.0,407.32,191.68
103468,2024-04-06,CUST0103,Consumer,Central,Mechanical Keyboard,Electronics,2499,2,0.0,4998,4998.0,3398.64,1599.36
103469,2024-04-07,CUST0068,Corporate,West,Office Chair,Furniture,6499,1,0.0,6499,6499.0,4029.38,2469.62
103470,2024-04-07,CUST0164,Small Business,Central,Backpack,Accessories,1799,1,5.0,1799,1709.05,989.45,719.6
103471,2024-04-07,CUST0195,Consumer,Central,Bluetooth Speaker,Electronics,1999,1,0.0,1999,1999.0,1359.32,639.68
103472,2024-04-07,CUST0372,Consumer,South,Whiteboard,Stationery,1499,2,0.0,2998,2998.0,1349.1,1648.9
103473,2024-04-07,CUST0142,Consumer,West,Bluetooth Speaker,Electronics,1999,1,10.0,1999,1799.1,1359.32,439.78
103474,2024-04-07,CUST0223,Consumer,South,Wall Clock,Home Decor,749,1,0.0,749,749.0,374.5,374.5
103475,2024-04-07,CUST0044,Corporate,North,Backpack,Accessories,1799,3,20.0,5397,4317.6,2968.35,1349.25
103476,2024-04-07,CUST0090,Consumer,West,Standing Desk,Furniture,14999,1,0.0,14999,14999.0,9299.38,5699.62
103477,2024-04-07,CUST0078,Consumer,Central,Bookshelf,Furniture,3499,1,10.0,3499,3149.1,2169.38,979.72
103478,2024-04-08,CUST0333,Consumer,North,Notebook Set,Stationery,199,1,0.0,199,199.0,89.55,109.45
103479,2024-04-08,CUST0053,Enterprise,South,Bluetooth Speaker,Electronics,1999,4,0.0,7996,7996.0,5437.28,2558.72
103480,2024-04-08,CUST0289,Consumer,North,Whiteboard,Stationery,1499,3,0.0,4497,4497.0,2023.65,2473.35
103481,2024-04-08,CUST0261,Small Business,South,Wall Clock,Home Decor,749,2,0.0,1498,1498.0,749.0,749.0
103482,2024-04-08,CUST0107,Consumer,West,Wireless Mouse,Electronics,599,1,0.0,599,599.0,407.32,191.68
103483,2024-04-08,CUST0309,Corporate,South,Office Chair,Furniture,6499,1,5.0,6499,6174.05,4029.38,2144.67
103484,2024-04-09,CUST0270,Consumer,South,Water Bottle,Accessories,349,1,0.0,349,349.0,191.95,157.05
103485,2024-04-09,CUST0358,Small Business,West,USB-C Hub,Electronics,1299,1,0.0,1299,1299.0,883.32,415.68
103486,2024-04-09,CUST0139,Consumer,North,Wall Clock,Home Decor,749,2,0.0,1498,1498.0,749.0,749.0
103487,2024-04-09,CUST0273,Corporate,North,Office Chair,Furniture,6499,1,5.0,6499,6174.05,4029.38,2144.67
103488,2024-04-09,CUST0010,Small Business,West,Standing Desk,Furniture,14999,1,0.0,14999,14999.0,9299.38,5699.62
103489,2024-04-09,CUST0107,Consumer,West,Backpack,Accessories,1799,1,0.0,1799,1799.0,989.45,809.55
103490,2024-04-09,CUST0129,Consumer,South,Water Bottle,Accessories,349,1,0.0,349,349.0,191.95,157.05
103491,2024-04-09,CUST0329,Consumer,Central,Table Lamp,Furniture,899,1,0.0,899,899.0,557.38,341.62
103492,2024-04-09,CUST0004,Small Business,West,Office Chair,Furniture,6499,2,10.0,12998,11698.2,8058.76,3639.44
103493,2024-04-09,CUST0244,Consumer,South,Wall Clock,Home Decor,749,1,0.0,749,749.0,374.5,374.5
103494,2024-04-09,CUST0111,Consumer,North,Bluetooth Speaker,Electronics,1999,1,20.0,1999,1599.2,1359.32,239.88
103495,2024-04-10,CUST0240,Consumer,North,Backpack,Accessories,1799,3,10.0,5397,4857.3,2968.35,1888.95
103496,2024-04-10,CUST0208,Small Business,North,Mechanical Keyboard,Electronics,2499,4,5.0,9996,9496.2,6797.28,2698.92
103497,2024-04-10,CUST0318,Consumer,South,Wall Clock,Home Decor,749,1,0.0,749,749.0,374.5,374.5
103498,2024-04-10,CUST0324,Consumer,North,Wireless Mouse,Electronics,599,1,0.0,599,599.0,407.32,191.68
103499,2024-04-11,CUST0102,Small Business,Central,Standing Desk,Furniture,14999,1,20.0,14999,11999.2,9299.38,2699.82
103500,2024-04-11,CUST0191,Consumer,North,Wall Clock,Home Decor,749,1,15.0,749,636.65,374.5,262.15
103501,2024-04-11,CUST0343,Consumer,East,Wireless Mouse,Electronics,599,1,0.0,599,599.0,407.32,191.68
103502,2024-04-11,CUST0137,Small Business,East,Office Chair,Furniture,6499,1,0.0,6499,6499.0,4029.38,2469.62
103503,2024-04-11,CUST0349,Consumer,Central,Wall Clock,Home Decor,749,1,5.0,749,711.55,374.5,337.05
103504,2024-04-11,CUST0163,Small Business,East,Office Chair,Furniture,6499,1,0.0,6499,6499.0,4029.38,2469.62
103505,2024-04-11,CUST0248,Enterprise,East,Water Bottle,Accessories,349,1,0.0,349,349.0,191.95,157.05
103506,2024-04-12,CUST0352,Corporate,North,Bookshelf,Furniture,3499,4,0.0,13996,13996.0,8677.52,5318.48
103507,2024-04-12,CUST0119,Corporate,East,Sticky Notes Pack,Stationery,99,1,0.0,99,99.0,44.55,54.45
103508,2024-04-12,CUST0252,Consumer,North,Wall Clock,Home Decor,749,1,5.0,749,711.55,374.5,337.05
103509,2024-04-12,CUST0254,Consumer,West,Wall Clock,Home Decor,749,4,10.0,2996,2696.4,1498.0,1198.4
103510,2024-04-12,CUST0034,Enterprise,South,Wireless Mouse,Electronics,599,2,0.0,1198,1198.0,814.64,383.36
103511,2024-04-13,CUST0233,Small Business,North,Whiteboard,Stationery,1499,2,15.0,2998,2548.3,1349.1,1199.2
103512,2024-04-13,CUST0009,Small Business,North,Wall Clock,Home Decor,749,3,5.0,2247,2134.65,1123.5,1011.15
103513,2024-04-13,CUST0381,Consumer,South,Whiteboard,Stationery,1499,1,0.0,1499,1499.0,674.55,824.45
103514,2024-04-13,CUST0033,Consumer,Central,Bluetooth Speaker,Electronics,1999,1,0.0,1999,1999.0,1359.32,639.68
103515,2024-04-13,CUST0202,Consumer,South,Bookshelf,Furniture,3499,1,0.0,3499,3499.0,2169.38,1329.62
103516,2024-04-13,CUST0074,Corporate,South,Whiteboard,Stationery,1499,2,0.0,2998,2998.0,1349.1,1648.9
103517,2024-04-13,CUST0155,Enterprise,South,Office Chair,Furniture,6499,1,0.0,6499,6499.0,4029.38,2469.62
103518,2024-04-13,CUST0174,Consumer,East,Whiteboard,Stationery,1499,1,15.0,1499,1274.15,674.55,599.6
103519,2024-04-13,CUST0186,Small Business,South,Wireless Mouse,Electronics,599,2,0.0,1198,1198.0,814.64,383.36
103520,2024-04-13,CUST0166,Corporate,North,Photo Frame Set,Home Decor,549,1,5.0,549,521.55,274.5,247.05
103521,2024-04-14,CUST0306,Enterprise,West,USB-C Hub,Electronics,1299,1,0.0,1299,1299.0,883.32,415.68
103522,2024-04-14,CUST0226,Consumer,South,Sticky Notes Pack,Stationery,99,1,0.0,99,99.0,44.55,54.45
103523,2024-04-14,CUST0304,Small Business,East,27in Monitor,Electronics,12999,1,0.0,12999,12999.0,8839.32,4159.68
103524,2024-04-14,CUST0333,Consumer,North,Office Chair,Furniture,6499,2,0.0,12998,12998.0,8058.76,4939.24
103525,2024-04-14,CUST0272,Corporate,Central,Wireless Mouse,Electronics,599,2,0.0,1198,1198.0,814.64,383.36
103526,2024-04-14,CUST0080,Consumer,South,Bookshelf,Furniture,3499,1,10.0,3499,3149.1,2169.38,979.72
103527,2024-04-14,CUST0238,Consumer,North,Water Bottle,Accessories,349,1,0.0,349,349.0,191.95,157.05
103528,2024-04-14,CUST0127,Corporate,West,Photo Frame Set,Home Decor,549,1,0.0,549,549.0,274.5,274.5
103529,2024-04-14,CUST0067,Consumer,West,Backpack,Accessories,1799,1,0.0,1799,1799.0,989.45,809.55
103530,2024-04-15,CUST0004,Small Business,West,Notebook Set,Stationery,199,2,5.0,398,378.1,179.1,199.0
103531,2024-04-15,CUST0247,Consumer,Central,Bookshelf,Furniture,3499,2,5.0,6998,6648.1,4338.76,2309.34
103532,2024-04-15,CUST0144,Consumer,West,Backpack,Accessories,1799,4,0.0,7196,7196.0,3957.8,3238.2
103533,2024-04-15,CUST0272,Corporate,Central,Wireless Mouse,Electronics,599,2,0.0,1198,1198.0,814.64,383.36
103534,2024-04-15,CUST0378,Consumer,North,Notebook Set,Stationery,199,1,0.0,199,199.0,89.55,109.45
103535,2024-04-15,CUST0369,Consumer,Central,Office Chair,Furniture,6499,1,5.0,6499,6174.05,4029.38,2144.67
103536,2024-04-15,CUST0315,Corporate,South,Sticky Notes Pack,Stationery,99,1,0.0,99,99.0,44.55,54.45
103537,2024-04-16,CUST0106,Consumer,Central,Bookshelf,Furniture,3499,1,0.0,3499,3499.0,2169.38,1329.62
103538,2024-04-16,CUST0319,Consumer,West,Mechanical Keyboard,Electronics,2499,2,0.0,4998,4998.0,3398.64,1599.36
103539,2024-04-16,CUST0393,Consumer,West,Backpack,Accessories,1799,1,5.0,1799,1709.05,989.45,719.6
103540,2024-04-17,CUST0067,Consumer,West,Office Chair,Furniture,6499,3,5.0,19497,18522.15,12088.14,6434.01
103541,2024-04-17,CUST0232,Small Business,East,Backpack,Accessories,1799,2,0.0,3598,3598.0,1978.9,1619.1
103542,2024-04-17,CUST0267,Small Business,Central,Water Bottle,Accessories,349,1,0.0,349,349.0,191.95,157.05
103543,2024-04-17,CUST0055,Small Business,South,Table Lamp,Furniture,899,2,5.0,1798,1708.1,1114.76,593.34
103544,2024-04-17,CUST0113,Corporate,North,Whiteboard,Stationery,1499,1,0.0,1499,1499.0,674.55,824.45
103545,2024-04-17,CUST0292,Consumer,North,Table Lamp,Furniture,899,1,20.0,899,719.2,557.38,161.82
103546,2024-04-17,CUST0188,Small Business,East,Table Lamp,Furniture,899,2,0.0,1798,1798.0,1114.76,683.24
103547,2024-04-18,CUST0292,Consumer,North,Photo Frame Set,Home Decor,549,1,15.0,549,466.65,274.5,192.15
103548,2024-04-18,CUST0278,Small Business,South,Bookshelf,Furniture,3499,1,5.0,3499,3324.05,2169.38,1154.67
103549,2024-04-18,CUST0046,Small Business,South,Water Bottle,Accessories,349,1,5.0,349,331.55,191.95,139.6
103550,2024-04-18,CUST0157,Small Business,Central,Wireless Mouse,Electronics,599,3,5.0,1797,1707.15,1221.96,485.19
103551,2024-04-18,CUST0232,Small Business,East,Wall Clock,Home Decor,749,1,0.0,749,749.0,374.5,374.5
103552,2024-04-18,CUST0202,Consumer,South,Wireless Mouse,Electronics,599,1,10.0,599,539.1,407.32,131.78
103553,2024-04-18,CUST0017,Consumer,West,Backpack,Accessories,1799,2,15.0,3598,3058.3,1978.9,1079.4
103554,2024-04-18,CUST0389,Corporate,South,Sticky Notes Pack,Stationery,99,1,0.0,99,99.0,44.55,54.45
103555,2024-04-18,CUST0174,Consumer,East,Standing Desk,Furniture,14999,2,0.0,29998,29998.0,18598.76,11399.24
103556,2024-04-18,CUST0260,Consumer,Central,Notebook Set,Stationery,199,1,15.0,199,169.15,89.55,79.6
103557,2024-04-19,CUST0265,Corporate,East,USB-C Hub,Electronics,1299,1,0.0,1299,1299.0,883.32,415.68
103558,2024-04-19,CUST0298,Consumer,West,Mechanical Keyboard,Electronics,2499,2,0.0,4998,4998.0,3398.64,1599.36
103559,2024-04-19,CUST0089,Corporate,Central,Notebook Set,Stationery,199,2,20.0,398,318.4,179.1,139.3
103560,2024-04-19,CUST0213,Small Business,North,Wireless Mouse,Electronics,599,1,0.0,599,599.0,407.32,191.68
103561,2024-04-19,CUST0044,Corporate,North,Notebook Set,Stationery,199,1,0.0,199,199.0,89.55,109.45
103562,2024-04-19,CUST0169,Consumer,North,Table Lamp,Furniture,899,1,0.0,899,899.0,557.38,341.62
103563,2024-04-19,CUST0345,Consumer,Central,Sticky Notes Pack,Stationery,99,2,5.0,198,188.1,89.1,99.0
103564,2024-04-20,CUST0057,Consumer,Central,Bluetooth Speaker,Electronics,1999,1,0.0,1999,1999.0,1359.32,639.68
103565,2024-04-20,CUST0338,Small Business,Central,Office Chair,Furniture,6499,1,0.0,6499,6499.0,4029.38,2469.62
103566,2024-04-20,CUST0202,Consumer,South,Bluetooth Speaker,Electronics,1999,1,0.0,1999,1999.0,1359.32,639.68
103567,2024-04-20,CUST0292,Consumer,North,Sticky Notes Pack,Stationery,99,2,0.0,198,198.0,89.1,108.9
103568,2024-04-20,CUST0112,Consumer,South,USB-C Hub,Electronics,1299,1,0.0,1299,1299.0,883.32,415.68
103569,2024-04-20,CUST0348,Consumer,Central,Backpack,Accessories,1799,1,0.0,1799,1799.0,989.45,809.55
103570,2024-04-20,CUST0185,Consumer,Central,27in Monitor,Electronics,12999,1,0.0,12999,12999.0,8839.32,4159.68
103571,2024-04-20,CUST0270,Consumer,South,Bluetooth Speaker,Electronics,1999,2,0.0,3998,3998.0,2718.64,1279.36
103572,2024-04-20,CUST0358,Small Business,West,Sticky Notes Pack,Stationery,99,1,0.0,99,99.0,44.55,54.45
103573,2024-04-20,CUST0284,Consumer,South,Standing Desk,Furniture,14999,1,10.0,14999,13499.1,9299.38,4199.72
103574,2024-04-21,CUST0264,Small Business,East,Bluetooth Speaker,Electronics,1999,2,0.0,3998,3998.0,2718.64,1279.36
103575,2024-04-21,CUST0379,Corporate,West,Water Bottle,Accessories,349,1,20.0,349,279.2,191.95,87.25
103576,2024-04-21,CUST0349,Consumer,Central,Sticky Notes Pack,Stationery,99,1,0.0,99,99.0,44.55,54.45
103577,2024-04-21,CUST0003,Small Business,North,Wireless Mouse,Electronics,599,1,5.0,599,569.05,407.32,161.73
103578,2024-04-21,CUST0176,Consumer,Central,Table Lamp,Furniture,899,2,0.0,1798,1798.0,1114.76,683.24
103579,2024-04-21,CUST0066,Small Business,Central,Photo Frame Set,Home Decor,549,1,0.0,549,549.0,274.5,274.5
103580,2024-04-21,CUST0307,Small Business,Central,Notebook Set,Stationery,199,1,0.0,199,199.0,89.55,109.45
103581,2024-04-22,CUST0083,Consumer,West,Photo Frame Set,Home Decor,549,1,0.0,549,549.0,274.5,274.5
103582,2024-04-22,CUST0160,Small Business,North,Office Chair,Furniture,6499,1,0.0,6499,6499.0,4029.38,2469.62
103583,2024-04-22,CUST0248,Enterprise,East,USB-C Hub,Electronics,1299,1,15.0,1299,1104.15,883.32,220.83
103584,2024-04-22,CUST0337,Corporate,North,Table Lamp,Furniture,899,1,0.0,899,899.0,557.38,341.62
103585,2024-04-22,CUST0234,Consumer,Central,Office Chair,Furniture,6499,1,0.0,6499,6499.0,4029.38,2469.62
103586,2024-04-22,CUST0274,Corporate,Central,Bookshelf,Furniture,3499,2,0.0,6998,6998.0,4338.76,2659.24
103587,2024-04-22,CUST0277,Corporate,South,Table Lamp,Furniture,899,1,0.0,899,899.0,557.38,341.62
103588,2024-04-23,CUST0152,Consumer,North,USB-C Hub,Electronics,1299,1,0.0,1299,1299.0,883.32,415.68
103589,2024-04-23,CUST0171,Small Business,North,USB-C Hub,Electronics,1299,1,0.0,1299,1299.0,883.32,415.68
103590,2024-04-24,CUST0116,Corporate,Central,Bookshelf,Furniture,3499,1,5.0,3499,3324.05,2169.38,1154.67
103591,2024-04-24,CUST0162,Small Business,North,Photo Frame Set,Home Decor,549,1,5.0,549,521.55,274.5,247.05
103592,2024-04-24,CUST0383,Small Business,East,USB-C Hub,Electronics,1299,1,15.0,1299,1104.15,883.32,220.83
103593,2024-04-25,CUST0394,Corporate,South,Notebook Set,Stationery,199,2,15.0,398,338.3,179.1,159.2
103594,2024-04-25,CUST0394,Corporate,South,Whiteboard,Stationery,1499,1,0.0,1499,1499.0,674.55,824.45
103595,2024-04-25,CUST0301,Consumer,South,Office Chair,Furniture,6499,2,0.0,12998,12998.0,8058.76,4939.24
103596,2024-04-25,CUST0351,Small Business,East,Backpack,Accessories,1799,1,5.0,1799,1709.05,989.45,719.6
103597,2024-04-26,CUST0057,Consumer,Central,Bookshelf,Furniture,3499,1,0.0,3499,3499.0,2169.38,1329.62
103598,2024-04-26,CUST0067,Consumer,West,Bookshelf,Furniture,3499,3,0.0,10497,10497.0,6508.14,3988.86
103599,2024-04-26,CUST0188,Small Business,East,27in Monitor,Electronics,12999,1,0.0,12999,12999.0,8839.32,4159.68
103600,2024-04-26,CUST0183,Corporate,Central,Photo Frame Set,Home Decor,549,1,0.0,549,549.0,274.5,274.5
103601,2024-04-26,CUST0304,Small Business,East,Bookshelf,Furniture,3499,1,10.0,3499,3149.1,2169.38,979.72
103602,2024-04-26,CUST0011,Consumer,West,Water Bottle,Accessories,349,1,5.0,349,331.55,191.95,139.6
103603,2024-04-27,CUST0122,Corporate,West,USB-C Hub,Electronics,1299,1,0.0,1299,1299.0,883.32,415.68
103604,2024-04-27,CUST0304,Small Business,East,Water Bottle,Accessories,349,1,0.0,349,349.0,191.95,157.05
103605,2024-04-27,CUST0394,Corporate,South,Mechanical Keyboard,Electronics,2499,2,0.0,4998,4998.0,3398.64,1599.36
103606,2024-04-27,CUST0156,Consumer,East,Photo Frame Set,Home Decor,549,1,5.0,549,521.55,274.5,247.05
103607,2024-04-27,CUST0154,Consumer,South,Photo Frame Set,Home Decor,549,1,10.0,549,494.1,274.5,219.6
103608,2024-04-27,CUST0185,Consumer,Central,Mechanical Keyboard,Electronics,2499,1,10.0,2499,2249.1,1699.32,549.78
103609,2024-04-28,CUST0145,Consumer,Central,Backpack,Accessories,1799,1,0.0,1799,1799.0,989.45,809.55
103610,2024-04-28,CUST0226,Consumer,South,Water Bottle,Accessories,349,1,5.0,349,331.55,191.95,139.6
103611,2024-04-28,CUST0191,Consumer,North,Sticky Notes Pack,Stationery,99,1,0.0,99,99.0,44.55,54.45
103612,2024-04-28,CUST0332,Corporate,South,Bookshelf,Furniture,3499,2,0.0,6998,6998.0,4338.76,2659.24
103613,2024-04-28,CUST0324,Consumer,North,Photo Frame Set,Home Decor,549,2,5.0,1098,1043.1,549.0,494.1
103614,2024-04-29,CUST0123,Consumer,West,Sticky Notes Pack,Stationery,99,2,0.0,198,198.0,89.1,108.9
103615,2024-04-29,CUST0039,Small Business,Central,Bluetooth Speaker,Electronics,1999,1,0.0,1999,1999.0,1359.32,639.68
103616,2024-04-29,CUST0330,Consumer,South,27in Monitor,Electronics,12999,1,0.0,12999,12999.0,8839.32,4159.68
103617,2024-04-29,CUST0037,Consumer,Central,Standing Desk,Furniture,14999,2,0.0,29998,29998.0,18598.76,11399.24
103618,2024-04-29,CUST0381,Consumer,South,Wireless Mouse,Electronics,599,1,5.0,599,569.05,407.32,161.73
103619,2024-04-29,CUST0013,Corporate,North,USB-C Hub,Electronics,1299,1,0.0,1299,1299.0,883.32,415.68
103620,2024-04-29,CUST0233,Small Business,North,Standing Desk,Furniture,14999,1,5.0,14999,14249.05,9299.38,4949.67
103621,2024-04-29,CUST0049,Small Business,Central,Notebook Set,Stationery,199,1,0.0,199,199.0,89.55,109.45
103622,2024-04-30,CUST0024,Consumer,West,Table Lamp,Furniture,899,4,0.0,3596,3596.0,2229.52,1366.48
103623,2024-04-30,CUST0179,Enterprise,Central,Table Lamp,Furniture,899,4,0.0,3596,3596.0,2229.52,1366.48
103624,2024-04-30,CUST0113,Corporate,North,Photo Frame Set,Home Decor,549,1,0.0,549,549.0,274.5,274.5
103625,2024-04-30,CUST0114,Corporate,North,Sticky Notes Pack,Stationery,99,2,10.0,198,178.2,89.1,89.1
103626,2024-04-30,CUST0251,Consumer,East,Office Chair,Furniture,6499,1,0.0,6499,6499.0,4029.38,2469.62
103627,2024-05-01,CUST0301,Consumer,South,Table Lamp,Furniture,899,1,0.0,899,899.0,557.38,341.62
103628,2024-05-01,CUST0359,Enterprise,West,Wireless Mouse,Electronics,599,1,0.0,599,599.0,407.32,191.68
103629,2024-05-01,CUST0270,Consumer,South,Backpack,Accessories,1799,1,5.0,1799,1709.05,989.45,719.6
103630,2024-05-01,CUST0319,Consumer,West,Whiteboard,Stationery,1499,1,15.0,1499,1274.15,674.55,599.6
103631,2024-05-01,CUST0211,Small Business,East,Standing Desk,Furniture,14999,1,10.0,14999,13499.1,9299.38,4199.72
103632,2024-05-02,CUST0362,Small Business,North,Table Lamp,Furniture,899,1,0.0,899,899.0,557.38,341.62
103633,2024-05-02,CUST0314,Enterprise,West,Mechanical Keyboard,Electronics,2499,1,0.0,2499,2499.0,1699.32,799.68
103634,2024-05-02,CUST0327,Small Business,East,Photo Frame Set,Home Decor,549,1,0.0,549,549.0,274.5,274.5
103635,2024-05-02,CUST0119,Corporate,East,27in Monitor,Electronics,12999,2,5.0,25998,24698.1,17678.64,7019.46
103636,2024-05-02,CUST0223,Consumer,South,Table Lamp,Furniture,899,2,0.0,1798,1798.0,1114.76,683.24
103637,2024-05-03,CUST0365,Enterprise,South,Bluetooth Speaker,Electronics,1999,1,10.0,1999,1799.1,1359.32,439.78
103638,2024-05-03,CUST0153,Consumer,South,Standing Desk,Furniture,14999,1,0.0,14999,14999.0,9299.38,5699.62
103639,2024-05-03,CUST0004,Small Business,West,Sticky Notes Pack,Stationery,99,2,0.0,198,198.0,89.1,108.9
103640,2024-05-03,CUST0065,Consumer,North,Table Lamp,Furniture,899,4,0.0,3596,3596.0,2229.52,1366.48
103641,2024-05-03,CUST0105,Corporate,West,Table Lamp,Furniture,899,2,5.0,1798,1708.1,1114.76,593.34
103642,2024-05-03,CUST0016,Consumer,North,USB-C Hub,Electronics,1299,1,0.0,1299,1299.0,883.32,415.68
103643,2024-05-03,CUST0288,Small Business,Central,Office Chair,Furniture,6499,1,0.0,6499,6499.0,4029.38,2469.62
103644,2024-05-03,CUST0166,Corporate,North,Office Chair,Furniture,6499,3,15.0,19497,16572.45,12088.14,4484.31
103645,2024-05-04,CUST0121,Corporate,South,Sticky Notes Pack,Stationery,99,3,0.0,297,297.0,133.65,163.35
103646,2024-05-04,CUST0194,Small Business,Central,Bookshelf,Furniture,3499,1,20.0,3499,2799.2,2169.38,629.82
103647,2024-05-04,CUST0218,Small Business,East,Table Lamp,Furniture,899,2,0.0,1798,1798.0,1114.76,683.24
103648,2024-05-05,CUST0154,Consumer,South,Photo Frame Set,Home Decor,549,3,0.0,1647,1647.0,823.5,823.5
103649,2024-05-05,CUST0042,Consumer,South,Standing Desk,Furniture,14999,2,0.0,29998,29998.0,18598.76,11399.24
103650,2024-05-05,CUST0150,Consumer,East,27in Monitor,Electronics,12999,1,0.0,12999,12999.0,8839.32,4159.68
103651,2024-05-05,CUST0293,Corporate,North,Office Chair,Furniture,6499,1,15.0,6499,5524.15,4029.38,1494.77
103652,2024-05-05,CUST0077,Corporate,East,Backpack,Accessories,1799,1,0.0,1799,1799.0,989.45,809.55
103653,2024-05-05,CUST0085,Consumer,Central,Standing Desk,Furniture,14999,2,0.0,29998,29998.0,18598.76,11399.24
103654,2024-05-05,CUST0393,Consumer,West,USB-C Hub,Electronics,1299,1,20.0,1299,1039.2,883.32,155.88
103655,2024-05-06,CUST0249,Enterprise,East,USB-C Hub,Electronics,1299,2,15.0,2598,2208.3,1766.64,441.66
103656,2024-05-06,CUST0323,Small Business,West,Wireless Mouse,Electronics,599,1,0.0,599,599.0,407.32,191.68
103657,2024-05-06,CUST0101,Consumer,Central,Water Bottle,Accessories,349,4,0.0,1396,1396.0,767.8,628.2
103658,2024-05-07,CUST0089,Corporate,Central,Water Bottle,Accessories,349,1,20.0,349,279.2,191.95,87.25
103659,2024-05-07,CUST0257,Enterprise,East,Water Bottle,Accessories,349,1,20.0,349,279.2,191.95,87.25
103660,2024-05-07,CUST0014,Consumer,East,Wireless Mouse,Electronics,599,4,20.0,2396,1916.8,1629.28,287.52
103661,2024-05-07,CUST0066,Small Business,Central,Standing Desk,Furniture,14999,1,0.0,14999,14999.0,9299.38,5699.62
103662,2024-05-08,CUST0112,Consumer,South,Standing Desk,Furniture,14999,1,5.0,14999,14249.05,9299.38,4949.67
103663,2024-05-08,CUST0290,Small Business,South,Wireless Mouse,Electronics,599,1,10.0,599,539.1,407.32,131.78
103664,2024-05-08,CUST0370,Consumer,West,Office Chair,Furniture,6499,1,0.0,6499,6499.0,4029.38,2469.62
103665,2024-05-08,CUST0349,Consumer,Central,Table Lamp,Furniture,899,1,10.0,899,809.1,557.38,251.72
103666,2024-05-08,CUST0359,Enterprise,West,Table Lamp,Furniture,899,1,15.0,899,764.15,557.38,206.77
103667,2024-05-08,CUST0011,Consumer,West,Whiteboard,Stationery,1499,1,5.0,1499,1424.05,674.55,749.5
103668,2024-05-08,CUST0038,Consumer,East,Water Bottle,Accessories,349,1,15.0,349,296.65,191.95,104.7
103669,2024-05-08,CUST0065,Consumer,North,Bookshelf,Furniture,3499,2,0.0,6998,6998.0,4338.76,2659.24
103670,2024-05-09,CUST0198,Corporate,North,Mechanical Keyboard,Electronics,2499,1,0.0,2499,2499.0,1699.32,799.68
103671,2024-05-09,CUST0207,Consumer,West,USB-C Hub,Electronics,1299,1,20.0,1299,1039.2,883.32,155.88
103672,2024-05-09,CUST0139,Consumer,North,Mechanical Keyboard,Electronics,2499,2,0.0,4998,4998.0,3398.64,1599.36
103673,2024-05-09,CUST0376,Consumer,North,Whiteboard,Stationery,1499,1,5.0,1499,1424.05,674.55,749.5
103674,2024-05-09,CUST0393,Consumer,West,Notebook Set,Stationery,199,1,0.0,199,199.0,89.55,109.45
103675,2024-05-09,CUST0033,Consumer,Central,Bluetooth Speaker,Electronics,1999,4,0.0,7996,7996.0,5437.28,2558.72
103676,2024-05-09,CUST0285,Small Business,North,Bluetooth Speaker,Electronics,1999,1,5.0,1999,1899.05,1359.32,539.73
103677,2024-05-09,CUST0160,Small Business,North,Mechanical Keyboard,Electronics,2499,3,10.0,7497,6747.3,5097.96,1649.34
103678,2024-05-09,CUST0184,Corporate,Central,Water Bottle,Accessories,349,1,0.0,349,349.0,191.95,157.05
103679,2024-05-10,CUST0119,Corporate,East,Water Bottle,Accessories,349,1,5.0,349,331.55,191.95,139.6
103680,2024-05-10,CUST0030,Consumer,Central,Wall Clock,Home Decor,749,1,5.0,749,711.55,374.5,337.05
103681,2024-05-10,CUST0051,Enterprise,South,Whiteboard,Stationery,1499,1,0.0,1499,1499.0,674.55,824.45
103682,2024-05-10,CUST0292,Consumer,North,Standing Desk,Furniture,14999,1,0.0,14999,14999.0,9299.38,5699.62
103683,2024-05-10,CUST0318,Consumer,South,27in Monitor,Electronics,12999,3,0.0,38997,38997.0,26517.96,12479.04
103684,2024-05-10,CUST0240,Consumer,North,Standing Desk,Furniture,14999,3,10.0,44997,40497.3,27898.14,12599.16
103685,2024-05-11,CUST0394,Corporate,South,Standing Desk,Furniture,14999,1,0.0,14999,14999.0,9299.38,5699.62
103686,2024-05-11,CUST0157,Small Business,Central,Backpack,Accessories,1799,1,0.0,1799,1799.0,989.45,809.55
103687,2024-05-11,CUST0394,Corporate,South,Whiteboard,Stationery,1499,1,0.0,1499,1499.0,674.55,824.45
103688,2024-05-11,CUST0014,Consumer,East,Wireless Mouse,Electronics,599,3,0.0,1797,1797.0,1221.96,575.04
103689,2024-05-11,CUST0096,Consumer,Central,Bluetooth Speaker,Electronics,1999,1,0.0,1999,1999.0,1359.32,639.68
103690,2024-05-11,CUST0294,Consumer,East,Photo Frame Set,Home Decor,549,2,20.0,1098,878.4,549.0,329.4
103691,2024-05-11,CUST0288,Small Business,Central,Table Lamp,Furniture,899,1,20.0,899,719.2,557.38,161.82
103692,2024-05-12,CUST0087,Small Business,North,Backpack,Accessories,1799,2,0.0,3598,3598.0,1978.9,1619.1
103693,2024-05-12,CUST0352,Corporate,North,27in Monitor,Electronics,12999,1,0.0,12999,12999.0,8839.32,4159.68
103694,2024-05-12,CUST0073,Consumer,East,Whiteboard,Stationery,1499,1,0.0,1499,1499.0,674.55,824.45
103695,2024-05-12,CUST0314,Enterprise,West,Office Chair,Furniture,6499,2,0.0,12998,12998.0,8058.76,4939.24
103696,2024-05-12,CUST0277,Corporate,South,Bluetooth Speaker,Electronics,1999,1,0.0,1999,1999.0,1359.32,639.68
103697,2024-05-12,CUST0329,Consumer,Central,Backpack,Accessories,1799,1,5.0,1799,1709.05,989.45,719.6
103698,2024-05-13,CUST0070,Enterprise,East,Office Chair,Furniture,6499,2,5.0,12998,12348.1,8058.76,4289.34
103699,2024-05-13,CUST0259,Small Business,East,Bluetooth Speaker,Electronics,1999,1,0.0,1999,1999.0,1359.32,639.68
103700,2024-05-13,CUST0064,Consumer,North,Table Lamp,Furniture,899,1,0.0,899,899.0,557.38,341.62
103701,2024-05-13,CUST0347,Small Business,North,Water Bottle,Accessories,349,1,20.0,349,279.2,191.95,87.25
103702,2024-05-13,CUST0001,Consumer,North,USB-C Hub,Electronics,1299,1,0.0,1299,1299.0,883.32,415.68
103703,2024-05-14,CUST0041,Consumer,East,27in Monitor,Electronics,12999,3,0.0,38997,38997.0,26517.96,12479.04
103704,2024-05-14,CUST0235,Consumer,Central,Bookshelf,Furniture,3499,1,0.0,3499,3499.0,2169.38,1329.62
103705,2024-05-14,CUST0343,Consumer,East,Wall Clock,Home Decor,749,1,5.0,749,711.55,374.5,337.05
103706,2024-05-14,CUST0343,Consumer,East,Water Bottle,Accessories,349,1,0.0,349,349.0,191.95,157.05
103707,2024-05-14,CUST0209,Consumer,West,Wireless Mouse,Electronics,599,1,0.0,599,599.0,407.32,191.68
103708,2024-05-14,CUST0226,Consumer,South,Backpack,Accessories,1799,1,0.0,1799,1799.0,989.45,809.55
103709,2024-05-14,CUST0002,Enterprise,North,USB-C Hub,Electronics,1299,2,20.0,2598,2078.4,1766.64,311.76
103710,2024-05-14,CUST0038,Consumer,East,27in Monitor,Electronics,12999,1,5.0,12999,12349.05,8839.32,3509.73
103711,2024-05-15,CUST0293,Corporate,North,Bluetooth Speaker,Electronics,1999,1,0.0,1999,1999.0,1359.32,639.68
103712,2024-05-15,CUST0015,Consumer,West,27in Monitor,Electronics,12999,1,5.0,12999,12349.05,8839.32,3509.73
103713,2024-05-15,CUST0122,Corporate,West,Wall Clock,Home Decor,749,1,0.0,749,749.0,374.5,374.5
103714,2024-05-15,CUST0209,Consumer,West,Notebook Set,Stationery,199,1,0.0,199,199.0,89.55,109.45
103715,2024-05-15,CUST0391,Enterprise,Central,Office Chair,Furniture,6499,2,0.0,12998,12998.0,8058.76,4939.24
103716,2024-05-15,CUST0329,Consumer,Central,Whiteboard,Stationery,1499,2,0.0,2998,2998.0,1349.1,1648.9
103717,2024-05-15,CUST0160,Small Business,North,Wall Clock,Home Decor,749,2,0.0,1498,1498.0,749.0,749.0
103718,2024-05-16,CUST0378,Consumer,North,Mechanical Keyboard,Electronics,2499,1,0.0,2499,2499.0,1699.32,799.68
103719,2024-05-16,CUST0365,Enterprise,South,Bookshelf,Furniture,3499,1,15.0,3499,2974.15,2169.38,804.77
103720,2024-05-16,CUST0069,Consumer,West,USB-C Hub,Electronics,1299,1,0.0,1299,1299.0,883.32,415.68
103721,2024-05-16,CUST0049,Small Business,Central,Office Chair,Furniture,6499,4,5.0,25996,24696.2,16117.52,8578.68
103722,2024-05-16,CUST0201,Small Business,South,Whiteboard,Stationery,1499,1,10.0,1499,1349.1,674.55,674.55
103723,2024-05-16,CUST0352,Corporate,North,Wall Clock,Home Decor,749,2,0.0,1498,1498.0,749.0,749.0
103724,2024-05-16,CUST0132,Consumer,West,Wireless Mouse,Electronics,599,1,15.0,599,509.15,407.32,101.83
103725,2024-05-16,CUST0265,Corporate,East,Whiteboard,Stationery,1499,1,0.0,1499,1499.0,674.55,824.45
103726,2024-05-16,CUST0125,Consumer,South,Mechanical Keyboard,Electronics,2499,1,0.0,2499,2499.0,1699.32,799.68
103727,2024-05-16,CUST0381,Consumer,South,Sticky Notes Pack,Stationery,99,1,0.0,99,99.0,44.55,54.45
103728,2024-05-17,CUST0368,Corporate,East,Wireless Mouse,Electronics,599,1,0.0,599,599.0,407.32,191.68
103729,2024-05-17,CUST0026,Corporate,West,Bluetooth Speaker,Electronics,1999,2,0.0,3998,3998.0,2718.64,1279.36
103730,2024-05-17,CUST0252,Consumer,North,USB-C Hub,Electronics,1299,2,15.0,2598,2208.3,1766.64,441.66
103731,2024-05-17,CUST0324,Consumer,North,27in Monitor,Electronics,12999,2,15.0,25998,22098.3,17678.64,4419.66
103732,2024-05-17,CUST0326,Small Business,South,Standing Desk,Furniture,14999,1,0.0,14999,14999.0,9299.38,5699.62
103733,2024-05-18,CUST0207,Consumer,West,Wireless Mouse,Electronics,599,2,5.0,1198,1138.1,814.64,323.46
103734,2024-05-18,CUST0210,Consumer,Central,Water Bottle,Accessories,349,1,0.0,349,349.0,191.95,157.05
103735,2024-05-18,CUST0116,Corporate,Central,27in Monitor,Electronics,12999,1,0.0,12999,12999.0,8839.32,4159.68
103736,2024-05-18,CUST0177,Small Business,West,Mechanical Keyboard,Electronics,2499,2,0.0,4998,4998.0,3398.64,1599.36
103737,2024-05-18,CUST0332,Corporate,South,Wireless Mouse,Electronics,599,1,20.0,599,479.2,407.32,71.88
103738,2024-05-18,CUST0327,Small Business,East,27in Monitor,Electronics,12999,1,0.0,12999,12999.0,8839.32,4159.68
103739,2024-05-18,CUST0113,Corporate,North,Office Chair,Furniture,6499,1,0.0,6499,6499.0,4029.38,2469.62
103740,2024-05-18,CUST0046,Small Business,South,Mechanical Keyboard,Electronics,2499,3,0.0,7497,7497.0,5097.96,2399.04
103741,2024-05-18,CUST0226,Consumer,South,Whiteboard,Stationery,1499,1,0.0,1499,1499.0,674.55,824.45
103742,2024-05-18,CUST0084,Consumer,West,Wireless Mouse,Electronics,599,2,0.0,1198,1198.0,814.64,383.36
103743,2024-05-18,CUST0317,Consumer,North,Water Bottle,Accessories,349,1,0.0,349,349.0,191.95,157.05
103744,2024-05-18,CUST0267,Small Business,Central,Wireless Mouse,Electronics,599,1,0.0,599,599.0,407.32,191.68
103745,2024-05-19,CUST0329,Consumer,Central,27in Monitor,Electronics,12999,1,0.0,12999,12999.0,8839.32,4159.68
103746,2024-05-19,CUST0031,Small Business,North,Notebook Set,Stationery,199,2,0.0,398,398.0,179.1,218.9
103747,2024-05-19,CUST0021,Small Business,Central,Backpack,Accessories,1799,1,20.0,1799,1439.2,989.45,449.75
103748,2024-05-19,CUST0149,Consumer,South,Water Bottle,Accessories,349,2,0.0,698,698.0,383.9,314.1
103749,2024-05-19,CUST0086,Consumer,North,Photo Frame Set,Home Decor,549,2,0.0,1098,1098.0,549.0,549.0
103750,2024-05-19,CUST0060,Consumer,East,27in Monitor,Electronics,12999,1,10.0,12999,11699.1,8839.32,2859.78
103751,2024-05-19,CUST0232,Small Business,East,USB-C Hub,Electronics,1299,1,0.0,1299,1299.0,883.32,415.68
103752,2024-05-20,CUST0357,Consumer,South,Mechanical Keyboard,Electronics,2499,1,15.0,2499,2124.15,1699.32,424.83
103753,2024-05-20,CUST0160,Small Business,North,27in Monitor,Electronics,12999,1,5.0,12999,12349.05,8839.32,3509.73
103754,2024-05-20,CUST0345,Consumer,Central,Office Chair,Furniture,6499,1,5.0,6499,6174.05,4029.38,2144.67
103755,2024-05-20,CUST0100,Consumer,Central,Wall Clock,Home Decor,749,1,0.0,749,749.0,374.5,374.5
103756,2024-05-20,CUST0253,Corporate,East,Whiteboard,Stationery,1499,1,0.0,1499,1499.0,674.55,824.45
103757,2024-05-21,CUST0167,Consumer,East,27in Monitor,Electronics,12999,1,0.0,12999,12999.0,8839.32,4159.68
103758,2024-05-21,CUST0120,Small Business,West,Table Lamp,Furniture,899,1,0.0,899,899.0,557.38,341.62
103759,2024-05-21,CUST0262,Enterprise,Central,Sticky Notes Pack,Stationery,99,1,0.0,99,99.0,44.55,54.45
103760,2024-05-21,CUST0230,Small Business,West,Whiteboard,Stationery,1499,1,0.0,1499,1499.0,674.55,824.45
103761,2024-05-21,CUST0100,Consumer,Central,Photo Frame Set,Home Decor,549,2,0.0,1098,1098.0,549.0,549.0
103762,2024-05-21,CUST0354,Consumer,East,Wireless Mouse,Electronics,599,1,0.0,599,599.0,407.32,191.68
103763,2024-05-21,CUST0323,Small Business,West,Water Bottle,Accessories,349,1,5.0,349,331.55,191.95,139.6
103764,2024-05-21,CUST0005,Consumer,North,Bookshelf,Furniture,3499,1,0.0,3499,3499.0,2169.38,1329.62
103765,2024-05-21,CUST0395,Consumer,Central,Standing Desk,Furniture,14999,2,0.0,29998,29998.0,18598.76,11399.24
103766,2024-05-22,CUST0068,Corporate,West,USB-C Hub,Electronics,1299,2,0.0,2598,2598.0,1766.64,831.36
103767,2024-05-22,CUST0187,Corporate,South,USB-C Hub,Electronics,1299,1,15.0,1299,1104.15,883.32,220.83
103768,2024-05-22,CUST0307,Small Business,Central,Sticky Notes Pack,Stationery,99,2,0.0,198,198.0,89.1,108.9
103769,2024-05-22,CUST0010,Small Business,West,27in Monitor,Electronics,12999,1,5.0,12999,12349.05,8839.32,3509.73
103770,2024-05-22,CUST0100,Consumer,Central,Water Bottle,Accessories,349,1,0.0,349,349.0,191.95,157.05
103771,2024-05-22,CUST0341,Consumer,South,Standing Desk,Furniture,14999,1,15.0,14999,12749.15,9299.38,3449.77
103772,2024-05-23,CUST0075,Small Business,South,Wall Clock,Home Decor,749,2,0.0,1498,1498.0,749.0,749.0
103773,2024-05-23,CUST0173,Small Business,North,Bluetooth Speaker,Electronics,1999,2,0.0,3998,3998.0,2718.64,1279.36
103774,2024-05-23,CUST0114,Corporate,North,Whiteboard,Stationery,1499,1,0.0,1499,1499.0,674.55,824.45
103775,2024-05-23,CUST0118,Consumer,North,Sticky Notes Pack,Stationery,99,1,0.0,99,99.0,44.55,54.45
103776,2024-05-23,CUST0384,Corporate,West,Wall Clock,Home Decor,749,2,0.0,1498,1498.0,749.0,749.0
103777,2024-05-23,CUST0198,Corporate,North,Wall Clock,Home Decor,749,2,5.0,1498,1423.1,749.0,674.1
103778,2024-05-23,CUST0013,Corporate,North,Notebook Set,Stationery,199,1,5.0,199,189.05,89.55,99.5
103779,2024-05-24,CUST0291,Consumer,West,Bookshelf,Furniture,3499,1,0.0,3499,3499.0,2169.38,1329.62
103780,2024-05-24,CUST0158,Corporate,Central,Notebook Set,Stationery,199,1,0.0,199,199.0,89.55,109.45
103781,2024-05-24,CUST0335,Consumer,East,USB-C Hub,Electronics,1299,2,0.0,2598,2598.0,1766.64,831.36
103782,2024-05-24,CUST0042,Consumer,South,Standing Desk,Furniture,14999,2,0.0,29998,29998.0,18598.76,11399.24
103783,2024-05-24,CUST0020,Consumer,South,Water Bottle,Accessories,349,1,20.0,349,279.2,191.95,87.25
103784,2024-05-24,CUST0087,Small Business,North,Table Lamp,Furniture,899,1,0.0,899,899.0,557.38,341.62
103785,2024-05-24,CUST0167,Consumer,East,Photo Frame Set,Home Decor,549,1,0.0,549,549.0,274.5,274.5
103786,2024-05-24,CUST0391,Enterprise,Central,Bluetooth Speaker,Electronics,1999,3,0.0,5997,5997.0,4077.96,1919.04
103787,2024-05-24,CUST0184,Corporate,Central,Bookshelf,Furniture,3499,1,10.0,3499,3149.1,2169.38,979.72
103788,2024-05-25,CUST0096,Consumer,Central,Whiteboard,Stationery,1499,1,0.0,1499,1499.0,674.55,824.45
103789,2024-05-26,CUST0231,Corporate,South,Table Lamp,Furniture,899,1,0.0,899,899.0,557.38,341.62
103790,2024-05-26,CUST0297,Corporate,South,Bluetooth Speaker,Electronics,1999,1,0.0,1999,1999.0,1359.32,639.68
103791,2024-05-26,CUST0086,Consumer,North,Photo Frame Set,Home Decor,549,2,0.0,1098,1098.0,549.0,549.0
103792,2024-05-26,CUST0241,Enterprise,West,Bluetooth Speaker,Electronics,1999,1,10.0,1999,1799.1,1359.32,439.78
103793,2024-05-26,CUST0027,Consumer,East,27in Monitor,Electronics,12999,1,0.0,12999,12999.0,8839.32,4159.68
103794,2024-05-26,CUST0107,Consumer,West,Wireless Mouse,Electronics,599,3,20.0,1797,1437.6,1221.96,215.64
103795,2024-05-26,CUST0169,Consumer,North,Whiteboard,Stationery,1499,1,0.0,1499,1499.0,674.55,824.45
103796,2024-05-26,CUST0099,Consumer,Central,Bookshelf,Furniture,3499,4,5.0,13996,13296.2,8677.52,4618.68
103797,2024-05-27,CUST0150,Consumer,East,Office Chair,Furniture,6499,3,0.0,19497,19497.0,12088.14,7408.86
103798,2024-05-27,CUST0153,Consumer,South,Whiteboard,Stationery,1499,1,20.0,1499,1199.2,674.55,524.65
103799,2024-05-28,CUST0378,Consumer,North,Office Chair,Furniture,6499,1,0.0,6499,6499.0,4029.38,2469.62
103800,2024-05-28,CUST0154,Consumer,South,Table Lamp,Furniture,899,1,0.0,899,899.0,557.38,341.62
103801,2024-05-28,CUST0045,Consumer,South,Bluetooth Speaker,Electronics,1999,1,0.0,1999,1999.0,1359.32,639.68
103802,2024-05-28,CUST0040,Consumer,East,USB-C Hub,Electronics,1299,1,0.0,1299,1299.0,883.32,415.68
103803,2024-05-28,CUST0081,Corporate,West,Bookshelf,Furniture,3499,2,0.0,6998,6998.0,4338.76,2659.24
103804,2024-05-29,CUST0292,Consumer,North,Backpack,Accessories,1799,2,0.0,3598,3598.0,1978.9,1619.1
103805,2024-05-29,CUST0310,Consumer,East,27in Monitor,Electronics,12999,2,0.0,25998,25998.0,17678.64,8319.36
103806,2024-05-29,CUST0092,Small Business,West,Standing Desk,Furniture,14999,2,0.0,29998,29998.0,18598.76,11399.24
103807,2024-05-30,CUST0335,Consumer,East,Wall Clock,Home Decor,749,1,15.0,749,636.65,374.5,262.15
103808,2024-05-30,CUST0136,Consumer,West,Mechanical Keyboard,Electronics,2499,1,0.0,2499,2499.0,1699.32,799.68
103809,2024-05-30,CUST0043,Consumer,West,27in Monitor,Electronics,12999,1,0.0,12999,12999.0,8839.32,4159.68
103810,2024-05-30,CUST0250,Corporate,East,Whiteboard,Stationery,1499,2,0.0,2998,2998.0,1349.1,1648.9
103811,2024-05-30,CUST0171,Small Business,North,Bookshelf,Furniture,3499,1,0.0,3499,3499.0,2169.38,1329.62
103812,2024-05-30,CUST0130,Small Business,West,Mechanical Keyboard,Electronics,2499,2,0.0,4998,4998.0,3398.64,1599.36
103813,2024-05-31,CUST0369,Consumer,Central,27in Monitor,Electronics,12999,1,0.0,12999,12999.0,8839.32,4159.68
103814,2024-05-31,CUST0148,Small Business,Central,Whiteboard,Stationery,1499,2,0.0,2998,2998.0,1349.1,1648.9
103815,2024-05-31,CUST0226,Consumer,South,Wireless Mouse,Electronics,599,1,0.0,599,599.0,407.32,191.68
103816,2024-05-31,CUST0163,Small Business,East,Sticky Notes Pack,Stationery,99,2,5.0,198,188.1,89.1,99.0
103817,2024-05-31,CUST0152,Consumer,North,Table Lamp,Furniture,899,1,5.0,899,854.05,557.38,296.67
103818,2024-05-31,CUST0381,Consumer,South,Wireless Mouse,Electronics,599,2,0.0,1198,1198.0,814.64,383.36
103819,2024-05-31,CUST0131,Consumer,South,Table Lamp,Furniture,899,1,5.0,899,854.05,557.38,296.67
103820,2024-05-31,CUST0106,Consumer,Central,Wireless Mouse,Electronics,599,2,20.0,1198,958.4,814.64,143.76
103821,2024-05-31,CUST0400,Corporate,North,Mechanical Keyboard,Electronics,2499,1,5.0,2499,2374.05,1699.32,674.73
103822,2024-05-31,CUST0139,Consumer,North,Photo Frame Set,Home Decor,549,1,15.0,549,466.65,274.5,192.15
103823,2024-05-31,CUST0210,Consumer,Central,USB-C Hub,Electronics,1299,1,0.0,1299,1299.0,883.32,415.68
103824,2024-05-31,CUST0352,Corporate,North,USB-C Hub,Electronics,1299,1,0.0,1299,1299.0,883.32,415.68
103825,2024-05-31,CUST0151,Corporate,Central,Mechanical Keyboard,Electronics,2499,1,5.0,2499,2374.05,1699.32,674.73
103826,2024-06-01,CUST0109,Consumer,East,Backpack,Accessories,1799,1,10.0,1799,1619.1,989.45,629.65
103827,2024-06-01,CUST0052,Corporate,North,Bluetooth Speaker,Electronics,1999,1,0.0,1999,1999.0,1359.32,639.68
103828,2024-06-01,CUST0079,Consumer,Central,Wall Clock,Home Decor,749,1,0.0,749,749.0,374.5,374.5
103829,2024-06-01,CUST0397,Corporate,West,Whiteboard,Stationery,1499,2,15.0,2998,2548.3,1349.1,1199.2
103830,2024-06-01,CUST0089,Corporate,Central,Standing Desk,Furniture,14999,1,10.0,14999,13499.1,9299.38,4199.72
103831,2024-06-01,CUST0013,Corporate,North,Sticky Notes Pack,Stationery,99,2,0.0,198,198.0,89.1,108.9
103832,2024-06-01,CUST0198,Corporate,North,Office Chair,Furniture,6499,1,0.0,6499,6499.0,4029.38,2469.62
103833,2024-06-02,CUST0077,Corporate,East,Sticky Notes Pack,Stationery,99,1,5.0,99,94.05,44.55,49.5
103834,2024-06-02,CUST0019,Consumer,East,Mechanical Keyboard,Electronics,2499,2,10.0,4998,4498.2,3398.64,1099.56
103835,2024-06-02,CUST0394,Corporate,South,USB-C Hub,Electronics,1299,4,20.0,5196,4156.8,3533.28,623.52
103836,2024-06-02,CUST0126,Consumer,West,Whiteboard,Stationery,1499,1,0.0,1499,1499.0,674.55,824.45
103837,2024-06-02,CUST0228,Consumer,North,Water Bottle,Accessories,349,1,0.0,349,349.0,191.95,157.05
103838,2024-06-02,CUST0327,Small Business,East,Wireless Mouse,Electronics,599,1,0.0,599,599.0,407.32,191.68
103839,2024-06-02,CUST0302,Small Business,East,Water Bottle,Accessories,349,1,0.0,349,349.0,191.95,157.05
103840,2024-06-02,CUST0163,Small Business,East,Office Chair,Furniture,6499,2,0.0,12998,12998.0,8058.76,4939.24
103841,2024-06-02,CUST0048,Small Business,North,27in Monitor,Electronics,12999,3,5.0,38997,37047.15,26517.96,10529.19
103842,2024-06-02,CUST0030,Consumer,Central,Photo Frame Set,Home Decor,549,1,0.0,549,549.0,274.5,274.5
103843,2024-06-02,CUST0055,Small Business,South,Standing Desk,Furniture,14999,1,15.0,14999,12749.15,9299.38,3449.77
103844,2024-06-02,CUST0209,Consumer,West,Mechanical Keyboard,Electronics,2499,1,10.0,2499,2249.1,1699.32,549.78
103845,2024-06-03,CUST0054,Corporate,East,Wireless Mouse,Electronics,599,1,0.0,599,599.0,407.32,191.68
103846,2024-06-03,CUST0305,Small Business,East,Water Bottle,Accessories,349,1,0.0,349,349.0,191.95,157.05
103847,2024-06-03,CUST0216,Consumer,South,Sticky Notes Pack,Stationery,99,1,0.0,99,99.0,44.55,54.45
103848,2024-06-03,CUST0304,Small Business,East,Bluetooth Speaker,Electronics,1999,1,0.0,1999,1999.0,1359.32,639.68
103849,2024-06-03,CUST0143,Consumer,Central,27in Monitor,Electronics,12999,1,0.0,12999,12999.0,8839.32,4159.68
103850,2024-06-03,CUST0062,Consumer,North,27in Monitor,Electronics,12999,2,10.0,25998,23398.2,17678.64,5719.56
103851,2024-06-03,CUST0201,Small Business,South,Table Lamp,Furniture,899,1,0.0,899,899.0,557.38,341.62
103852,2024-06-03,CUST0137,Small Business,East,Wall Clock,Home Decor,749,2,15.0,1498,1273.3,749.0,524.3
103853,2024-06-03,CUST0069,Consumer,West,Sticky Notes Pack,Stationery,99,1,0.0,99,99.0,44.55,54.45
103854,2024-06-03,CUST0397,Corporate,West,Water Bottle,Accessories,349,2,5.0,698,663.1,383.9,279.2
103855,2024-06-03,CUST0209,Consumer,West,Water Bottle,Accessories,349,1,10.0,349,314.1,191.95,122.15
103856,2024-06-03,CUST0058,Consumer,Central,Wireless Mouse,Electronics,599,1,15.0,599,509.15,407.32,101.83
103857,2024-06-04,CUST0158,Corporate,Central,Photo Frame Set,Home Decor,549,1,0.0,549,549.0,274.5,274.5
103858,2024-06-04,CUST0056,Corporate,South,Wireless Mouse,Electronics,599,2,0.0,1198,1198.0,814.64,383.36
103859,2024-06-04,CUST0341,Consumer,South,Standing Desk,Furniture,14999,1,5.0,14999,14249.05,9299.38,4949.67
103860,2024-06-04,CUST0108,Corporate,East,Photo Frame Set,Home Decor,549,1,10.0,549,494.1,274.5,219.6
103861,2024-06-04,CUST0340,Consumer,South,USB-C Hub,Electronics,1299,2,0.0,2598,2598.0,1766.64,831.36
103862,2024-06-04,CUST0400,Corporate,North,Wall Clock,Home Decor,749,1,15.0,749,636.65,374.5,262.15
103863,2024-06-04,CUST0231,Corporate,South,Standing Desk,Furniture,14999,2,0.0,29998,29998.0,18598.76,11399.24
103864,2024-06-05,CUST0305,Small Business,East,Mechanical Keyboard,Electronics,2499,1,10.0,2499,2249.1,1699.32,549.78
103865,2024-06-05,CUST0200,Corporate,West,Backpack,Accessories,1799,1,0.0,1799,1799.0,989.45,809.55
103866,2024-06-05,CUST0345,Consumer,Central,Mechanical Keyboard,Electronics,2499,1,0.0,2499,2499.0,1699.32,799.68
103867,2024-06-05,CUST0127,Corporate,West,USB-C Hub,Electronics,1299,1,10.0,1299,1169.1,883.32,285.78
103868,2024-06-05,CUST0332,Corporate,South,Backpack,Accessories,1799,1,15.0,1799,1529.15,989.45,539.7
103869,2024-06-05,CUST0096,Consumer,Central,Photo Frame Set,Home Decor,549,1,0.0,549,549.0,274.5,274.5
103870,2024-06-05,CUST0128,Corporate,South,Mechanical Keyboard,Electronics,2499,1,15.0,2499,2124.15,1699.32,424.83
103871,2024-06-05,CUST0291,Consumer,West,Office Chair,Furniture,6499,1,0.0,6499,6499.0,4029.38,2469.62
103872,2024-06-05,CUST0098,Consumer,West,Standing Desk,Furniture,14999,2,0.0,29998,29998.0,18598.76,11399.24
103873,2024-06-05,CUST0136,Consumer,West,Sticky Notes Pack,Stationery,99,1,0.0,99,99.0,44.55,54.45
103874,2024-06-05,CUST0131,Consumer,South,27in Monitor,Electronics,12999,1,0.0,12999,12999.0,8839.32,4159.68
103875,2024-06-05,CUST0292,Consumer,North,Table Lamp,Furniture,899,2,0.0,1798,1798.0,1114.76,683.24
103876,2024-06-06,CUST0371,Consumer,Central,Standing Desk,Furniture,14999,1,10.0,14999,13499.1,9299.38,4199.72
103877,2024-06-06,CUST0233,Small Business,North,Water Bottle,Accessories,349,3,0.0,1047,1047.0,575.85,471.15
103878,2024-06-06,CUST0071,Corporate,Central,Notebook Set,Stationery,199,2,5.0,398,378.1,179.1,199.0
103879,2024-06-06,CUST0271,Corporate,Central,Sticky Notes Pack,Stationery,99,1,0.0,99,99.0,44.55,54.45
103880,2024-06-06,CUST0206,Consumer,South,Standing Desk,Furniture,14999,1,0.0,14999,14999.0,9299.38,5699.62
103881,2024-06-06,CUST0255,Consumer,West,27in Monitor,Electronics,12999,1,0.0,12999,12999.0,8839.32,4159.68
103882,2024-06-06,CUST0055,Small Business,South,Notebook Set,Stationery,199,1,5.0,199,189.05,89.55,99.5
103883,2024-06-07,CUST0088,Small Business,East,Mechanical Keyboard,Electronics,2499,1,0.0,2499,2499.0,1699.32,799.68
103884,2024-06-07,CUST0077,Corporate,East,Table Lamp,Furniture,899,1,0.0,899,899.0,557.38,341.62
103885,2024-06-07,CUST0078,Consumer,Central,Whiteboard,Stationery,1499,2,0.0,2998,2998.0,1349.1,1648.9
103886,2024-06-07,CUST0186,Small Business,South,Sticky Notes Pack,Stationery,99,1,0.0,99,99.0,44.55,54.45
103887,2024-06-07,CUST0156,Consumer,East,Bluetooth Speaker,Electronics,1999,1,0.0,1999,1999.0,1359.32,639.68
103888,2024-06-08,CUST0044,Corporate,North,Photo Frame Set,Home Decor,549,1,15.0,549,466.65,274.5,192.15
103889,2024-06-08,CUST0242,Enterprise,West,Photo Frame Set,Home Decor,549,1,10.0,549,494.1,274.5,219.6
103890,2024-06-08,CUST0262,Enterprise,Central,Mechanical Keyboard,Electronics,2499,2,0.0,4998,4998.0,3398.64,1599.36
103891,2024-06-08,CUST0396,Enterprise,South,Standing Desk,Furniture,14999,2,0.0,29998,29998.0,18598.76,11399.24
103892,2024-06-08,CUST0290,Small Business,South,Bluetooth Speaker,Electronics,1999,3,5.0,5997,5697.15,4077.96,1619.19
103893,2024-06-08,CUST0334,Consumer,West,Table Lamp,Furniture,899,2,0.0,1798,1798.0,1114.76,683.24
103894,2024-06-09,CUST0352,Corporate,North,Mechanical Keyboard,Electronics,2499,1,5.0,2499,2374.05,1699.32,674.73
103895,2024-06-09,CUST0370,Consumer,West,Bookshelf,Furniture,3499,2,10.0,6998,6298.2,4338.76,1959.44
103896,2024-06-09,CUST0047,Consumer,West,Bluetooth Speaker,Electronics,1999,1,0.0,1999,1999.0,1359.32,639.68
103897,2024-06-09,CUST0350,Small Business,West,Sticky Notes Pack,Stationery,99,1,10.0,99,89.1,44.55,44.55
103898,2024-06-09,CUST0049,Small Business,Central,Wall Clock,Home Decor,749,2,0.0,1498,1498.0,749.0,749.0
103899,2024-06-09,CUST0390,Corporate,South,Bookshelf,Furniture,3499,4,0.0,13996,13996.0,8677.52,5318.48
103900,2024-06-09,CUST0069,Consumer,West,Notebook Set,Stationery,199,1,0.0,199,199.0,89.55,109.45
103901,2024-06-09,CUST0246,Corporate,South,Bluetooth Speaker,Electronics,1999,1,0.0,1999,1999.0,1359.32,639.68
103902,2024-06-10,CUST0352,Corporate,North,Table Lamp,Furniture,899,1,0.0,899,899.0,557.38,341.62
103903,2024-06-10,CUST0089,Corporate,Central,Backpack,Accessories,1799,4,0.0,7196,7196.0,3957.8,3238.2
103904,2024-06-10,CUST0120,Small Business,West,Backpack,Accessories,1799,1,0.0,1799,1799.0,989.45,809.55
103905,2024-06-10,CUST0048,Small Business,North,Sticky Notes Pack,Stationery,99,2,0.0,198,198.0,89.1,108.9
103906,2024-06-10,CUST0011,Consumer,West,Sticky Notes Pack,Stationery,99,3,0.0,297,297.0,133.65,163.35
103907,2024-06-10,CUST0237,Consumer,South,Office Chair,Furniture,6499,1,0.0,6499,6499.0,4029.38,2469.62
103908,2024-06-11,CUST0298,Consumer,West,Table Lamp,Furniture,899,1,15.0,899,764.15,557.38,206.77
103909,2024-06-11,CUST0340,Consumer,South,Water Bottle,Accessories,349,2,5.0,698,663.1,383.9,279.2
103910,2024-06-11,CUST0369,Consumer,Central,Water Bottle,Accessories,349,1,20.0,349,279.2,191.95,87.25
103911,2024-06-11,CUST0037,Consumer,Central,USB-C Hub,Electronics,1299,1,20.0,1299,1039.2,883.32,155.88
103912,2024-06-11,CUST0377,Corporate,West,Wireless Mouse,Electronics,599,3,5.0,1797,1707.15,1221.96,485.19
103913,2024-06-11,CUST0042,Consumer,South,Backpack,Accessories,1799,1,0.0,1799,1799.0,989.45,809.55
103914,2024-06-11,CUST0120,Small Business,West,Table Lamp,Furniture,899,1,0.0,899,899.0,557.38,341.62
103915,2024-06-11,CUST0308,Consumer,South,Photo Frame Set,Home Decor,549,1,0.0,549,549.0,274.5,274.5
103916,2024-06-12,CUST0170,Small Business,Central,Notebook Set,Stationery,199,1,0.0,199,199.0,89.55,109.45
103917,2024-06-12,CUST0171,Small Business,North,Photo Frame Set,Home Decor,549,1,0.0,549,549.0,274.5,274.5
103918,2024-06-13,CUST0129,Consumer,South,Office Chair,Furniture,6499,1,5.0,6499,6174.05,4029.38,2144.67
103919,2024-06-13,CUST0252,Consumer,North,USB-C Hub,Electronics,1299,1,0.0,1299,1299.0,883.32,415.68
103920,2024-06-13,CUST0319,Consumer,West,27in Monitor,Electronics,12999,2,0.0,25998,25998.0,17678.64,8319.36
103921,2024-06-13,CUST0359,Enterprise,West,Water Bottle,Accessories,349,1,20.0,349,279.2,191.95,87.25
103922,2024-06-13,CUST0084,Consumer,West,Wireless Mouse,Electronics,599,1,5.0,599,569.05,407.32,161.73
103923,2024-06-14,CUST0276,Small Business,West,Wall Clock,Home Decor,749,4,0.0,2996,2996.0,1498.0,1498.0
103924,2024-06-14,CUST0091,Consumer,North,Standing Desk,Furniture,14999,1,10.0,14999,13499.1,9299.38,4199.72
103925,2024-06-14,CUST0140,Enterprise,North,Wall Clock,Home Decor,749,1,0.0,749,749.0,374.5,374.5
103926,2024-06-14,CUST0229,Corporate,North,Notebook Set,Stationery,199,1,0.0,199,199.0,89.55,109.45
103927,2024-06-14,CUST0153,Consumer,South,Water Bottle,Accessories,349,1,0.0,349,349.0,191.95,157.05
103928,2024-06-14,CUST0352,Corporate,North,Office Chair,Furniture,6499,1,5.0,6499,6174.05,4029.38,2144.67
103929,2024-06-14,CUST0155,Enterprise,South,Standing Desk,Furniture,14999,1,20.0,14999,11999.2,9299.38,2699.82
103930,2024-06-14,CUST0134,Consumer,Central,Standing Desk,Furniture,14999,1,5.0,14999,14249.05,9299.38,4949.67
103931,2024-06-14,CUST0211,Small Business,East,Mechanical Keyboard,Electronics,2499,1,5.0,2499,2374.05,1699.32,674.73
103932,2024-06-14,CUST0128,Corporate,South,Table Lamp,Furniture,899,1,0.0,899,899.0,557.38,341.62
103933,2024-06-14,CUST0276,Small Business,West,Office Chair,Furniture,6499,1,0.0,6499,6499.0,4029.38,2469.62
103934,2024-06-14,CUST0163,Small Business,East,Sticky Notes Pack,Stationery,99,1,0.0,99,99.0,44.55,54.45
103935,2024-06-15,CUST0314,Enterprise,West,Bluetooth Speaker,Electronics,1999,1,0.0,1999,1999.0,1359.32,639.68
103936,2024-06-15,CUST0122,Corporate,West,Water Bottle,Accessories,349,1,10.0,349,314.1,191.95,122.15
103937,2024-06-15,CUST0370,Consumer,West,Mechanical Keyboard,Electronics,2499,1,0.0,2499,2499.0,1699.32,799.68
103938,2024-06-15,CUST0086,Consumer,North,Backpack,Accessories,1799,1,0.0,1799,1799.0,989.45,809.55
103939,2024-06-15,CUST0257,Enterprise,East,Bluetooth Speaker,Electronics,1999,2,10.0,3998,3598.2,2718.64,879.56
103940,2024-06-16,CUST0044,Corporate,North,Sticky Notes Pack,Stationery,99,1,15.0,99,84.15,44.55,39.6
103941,2024-06-16,CUST0136,Consumer,West,Mechanical Keyboard,Electronics,2499,4,0.0,9996,9996.0,6797.28,3198.72
103942,2024-06-16,CUST0318,Consumer,South,Standing Desk,Furniture,14999,2,0.0,29998,29998.0,18598.76,11399.24
103943,2024-06-16,CUST0363,Consumer,East,Bluetooth Speaker,Electronics,1999,1,0.0,1999,1999.0,1359.32,639.68
103944,2024-06-16,CUST0017,Consumer,West,Whiteboard,Stationery,1499,2,5.0,2998,2848.1,1349.1,1499.0
103945,2024-06-16,CUST0013,Corporate,North,USB-C Hub,Electronics,1299,1,0.0,1299,1299.0,883.32,415.68
103946,2024-06-16,CUST0114,Corporate,North,Whiteboard,Stationery,1499,1,0.0,1499,1499.0,674.55,824.45
103947,2024-06-16,CUST0030,Consumer,Central,Water Bottle,Accessories,349,1,5.0,349,331.55,191.95,139.6
103948,2024-06-16,CUST0211,Small Business,East,Water Bottle,Accessories,349,1,0.0,349,349.0,191.95,157.05
103949,2024-06-17,CUST0264,Small Business,East,Table Lamp,Furniture,899,1,0.0,899,899.0,557.38,341.62
103950,2024-06-17,CUST0321,Small Business,North,Wall Clock,Home Decor,749,2,0.0,1498,1498.0,749.0,749.0
103951,2024-06-17,CUST0331,Consumer,West,Notebook Set,Stationery,199,1,10.0,199,179.1,89.55,89.55
103952,2024-06-17,CUST0103,Consumer,Central,USB-C Hub,Electronics,1299,1,0.0,1299,1299.0,883.32,415.68
103953,2024-06-17,CUST0400,Corporate,North,Bookshelf,Furniture,3499,1,10.0,3499,3149.1,2169.38,979.72
103954,2024-06-17,CUST0298,Consumer,West,Wall Clock,Home Decor,749,1,0.0,749,749.0,374.5,374.5
103955,2024-06-17,CUST0027,Consumer,East,Photo Frame Set,Home Decor,549,1,20.0,549,439.2,274.5,164.7
103956,2024-06-18,CUST0263,Consumer,South,27in Monitor,Electronics,12999,2,0.0,25998,25998.0,17678.64,8319.36
103957,2024-06-18,CUST0398,Consumer,North,Mechanical Keyboard,Electronics,2499,2,0.0,4998,4998.0,3398.64,1599.36
103958,2024-06-18,CUST0308,Consumer,South,Photo Frame Set,Home Decor,549,1,0.0,549,549.0,274.5,274.5
103959,2024-06-18,CUST0352,Corporate,North,27in Monitor,Electronics,12999,2,0.0,25998,25998.0,17678.64,8319.36
103960,2024-06-18,CUST0178,Consumer,North,Wireless Mouse,Electronics,599,1,0.0,599,599.0,407.32,191.68
103961,2024-06-18,CUST0298,Consumer,West,Notebook Set,Stationery,199,1,0.0,199,199.0,89.55,109.45
103962,2024-06-18,CUST0128,Corporate,South,Office Chair,Furniture,6499,1,10.0,6499,5849.1,4029.38,1819.72
103963,2024-06-19,CUST0059,Consumer,Central,Backpack,Accessories,1799,1,0.0,1799,1799.0,989.45,809.55
103964,2024-06-19,CUST0008,Corporate,East,Mechanical Keyboard,Electronics,2499,2,15.0,4998,4248.3,3398.64,849.66
103965,2024-06-19,CUST0056,Corporate,South,Wireless Mouse,Electronics,599,1,0.0,599,599.0,407.32,191.68
103966,2024-06-19,CUST0138,Small Business,North,Bookshelf,Furniture,3499,1,0.0,3499,3499.0,2169.38,1329.62
103967,2024-06-19,CUST0144,Consumer,West,Bluetooth Speaker,Electronics,1999,1,0.0,1999,1999.0,1359.32,639.68
103968,2024-06-19,CUST0385,Small Business,Central,Water Bottle,Accessories,349,1,0.0,349,349.0,191.95,157.05
103969,2024-06-19,CUST0121,Corporate,South,Water Bottle,Accessories,349,1,5.0,349,331.55,191.95,139.6
103970,2024-06-19,CUST0241,Enterprise,West,Wall Clock,Home Decor,749,1,0.0,749,749.0,374.5,374.5
103971,2024-06-19,CUST0300,Consumer,Central,Table Lamp,Furniture,899,1,0.0,899,899.0,557.38,341.62
103972,2024-06-19,CUST0239,Small Business,South,Office Chair,Furniture,6499,1,0.0,6499,6499.0,4029.38,2469.62
103973,2024-06-20,CUST0373,Consumer,West,Notebook Set,Stationery,199,1,0.0,199,199.0,89.55,109.45
103974,2024-06-20,CUST0003,Small Business,North,Wireless Mouse,Electronics,599,3,5.0,1797,1707.15,1221.96,485.19
103975,2024-06-20,CUST0228,Consumer,North,Wireless Mouse,Electronics,599,1,0.0,599,599.0,407.32,191.68
103976,2024-06-20,CUST0257,Enterprise,East,Sticky Notes Pack,Stationery,99,2,0.0,198,198.0,89.1,108.9
103977,2024-06-20,CUST0366,Consumer,East,Water Bottle,Accessories,349,1,0.0,349,349.0,191.95,157.05
103978,2024-06-20,CUST0189,Small Business,North,Office Chair,Furniture,6499,3,0.0,19497,19497.0,12088.14,7408.86
103979,2024-06-20,CUST0375,Consumer,West,Sticky Notes Pack,Stationery,99,2,0.0,198,198.0,89.1,108.9
103980,2024-06-20,CUST0194,Small Business,Central,Notebook Set,Stationery,199,1,5.0,199,189.05,89.55,99.5
103981,2024-06-21,CUST0126,Consumer,West,Office Chair,Furniture,6499,2,0.0,12998,12998.0,8058.76,4939.24
103982,2024-06-21,CUST0051,Enterprise,South,Photo Frame Set,Home Decor,549,2,,1098,1043.1,549.0,494.1
103983,2024-06-21,CUST0190,Consumer,Central,Backpack,Accessories,1799,1,0.0,1799,1799.0,989.45,809.55
103984,2024-06-21,CUST0176,Consumer,Central,Notebook Set,Stationery,199,1,0.0,199,199.0,89.55,109.45
103985,2024-06-21,CUST0119,Corporate,East,Notebook Set,Stationery,199,1,15.0,199,169.15,89.55,79.6
103986,2024-06-21,CUST0376,Consumer,North,Photo Frame Set,Home Decor,549,1,0.0,549,549.0,274.5,274.5
103987,2024-06-21,CUST0074,Corporate,South,27in Monitor,Electronics,12999,1,10.0,12999,11699.1,8839.32,2859.78
103988,2024-06-21,CUST0225,Consumer,East,Bookshelf,Furniture,3499,1,0.0,3499,3499.0,2169.38,1329.62
103989,2024-06-21,CUST0009,Small Business,North,Mechanical Keyboard,Electronics,2499,2,0.0,4998,4998.0,3398.64,1599.36
103990,2024-06-21,CUST0071,Corporate,Central,USB-C Hub,Electronics,1299,1,0.0,1299,1299.0,883.32,415.68
103991,2024-06-21,CUST0219,Small Business,West,Notebook Set,Stationery,199,1,0.0,199,199.0,89.55,109.45
103992,2024-06-21,CUST0096,Consumer,Central,Bookshelf,Furniture,3499,1,0.0,3499,3499.0,2169.38,1329.62
103993,2024-06-22,CUST0033,Consumer,Central,Office Chair,Furniture,6499,1,0.0,6499,6499.0,4029.38,2469.62
103994,2024-06-22,CUST0225,Consumer,East,27in Monitor,Electronics,12999,1,5.0,12999,12349.05,8839.32,3509.73
103995,2024-06-22,CUST0074,Corporate,South,Bookshelf,Furniture,3499,3,0.0,10497,10497.0,6508.14,3988.86
103996,2024-06-22,CUST0174,Consumer,East,Bluetooth Speaker,Electronics,1999,1,0.0,1999,1999.0,1359.32,639.68
103997,2024-06-22,CUST0253,Corporate,East,Table Lamp,Furniture,899,1,0.0,899,899.0,557.38,341.62
103998,2024-06-22,CUST0251,Consumer,East,27in Monitor,Electronics,12999,1,0.0,12999,12999.0,8839.32,4159.68
103999,2024-06-22,CUST0239,Small Business,South,Office Chair,Furniture,6499,4,0.0,25996,25996.0,16117.52,9878.48
104000,2024-06-22,CUST0312,Consumer,North,Backpack,Accessories,1799,1,0.0,1799,1799.0,989.45,809.55
104001,2024-06-23,CUST0399,Corporate,Central,Wireless Mouse,Electronics,599,2,0.0,1198,1198.0,814.64,383.36
104002,2024-06-23,CUST0329,Consumer,Central,Wireless Mouse,Electronics,599,1,0.0,599,599.0,407.32,191.68
104003,2024-06-23,CUST0033,Consumer,Central,Office Chair,Furniture,6499,2,15.0,12998,11048.3,8058.76,2989.54
104004,2024-06-23,CUST0210,Consumer,Central,27in Monitor,Electronics,12999,1,15.0,12999,11049.15,8839.32,2209.83
104005,2024-06-23,CUST0164,Small Business,Central,Water Bottle,Accessories,349,1,0.0,349,349.0,191.95,157.05
104006,2024-06-23,CUST0225,Consumer,East,Wall Clock,Home Decor,749,1,0.0,749,749.0,374.5,374.5
104007,2024-06-23,CUST0173,Small Business,North,Water Bottle,Accessories,349,1,0.0,349,349.0,191.95,157.05
104008,2024-06-24,CUST0029,Small Business,West,Bookshelf,Furniture,3499,1,0.0,3499,3499.0,2169.38,1329.62
104009,2024-06-24,CUST0117,Corporate,East,Water Bottle,Accessories,349,3,5.0,1047,994.65,575.85,418.8
104010,2024-06-24,CUST0305,Small Business,East,Backpack,Accessories,1799,1,0.0,1799,1799.0,989.45,809.55
104011,2024-06-24,CUST0082,Small Business,South,Water Bottle,Accessories,349,1,10.0,349,314.1,191.95,122.15
104012,2024-06-24,CUST0316,Small Business,North,Wall Clock,Home Decor,749,1,5.0,749,711.55,374.5,337.05
104013,2024-06-24,CUST0091,Consumer,North,Mechanical Keyboard,Electronics,2499,2,0.0,4998,4998.0,3398.64,1599.36
104014,2024-06-24,CUST0169,Consumer,North,27in Monitor,Electronics,12999,1,0.0,12999,12999.0,8839.32,4159.68
104015,2024-06-24,CUST0190,Consumer,Central,Wireless Mouse,Electronics,599,3,10.0,1797,1617.3,1221.96,395.34
104016,2024-06-25,CUST0274,Corporate,Central,Standing Desk,Furniture,14999,1,0.0,14999,14999.0,9299.38,5699.62
104017,2024-06-25,CUST0298,Consumer,West,Backpack,Accessories,1799,1,5.0,1799,1709.05,989.45,719.6
104018,2024-06-25,CUST0194,Small Business,Central,Bluetooth Speaker,Electronics,1999,2,0.0,3998,3998.0,2718.64,1279.36
104019,2024-06-25,CUST0057,Consumer,Central,27in Monitor,Electronics,12999,2,15.0,25998,22098.3,17678.64,4419.66
104020,2024-06-25,CUST0324,Consumer,North,USB-C Hub,Electronics,1299,1,10.0,1299,1169.1,883.32,285.78
104021,2024-06-25,CUST0003,Small Business,North,Sticky Notes Pack,Stationery,99,2,5.0,198,188.1,89.1,99.0
104022,2024-06-25,CUST0280,Corporate,South,USB-C Hub,Electronics,1299,4,0.0,5196,5196.0,3533.28,1662.72
104023,2024-06-25,CUST0202,Consumer,South,27in Monitor,Electronics,12999,2,0.0,25998,25998.0,17678.64,8319.36
104024,2024-06-25,CUST0152,Consumer,North,Notebook Set,Stationery,199,3,0.0,597,597.0,268.65,328.35
104025,2024-06-25,CUST0099,Consumer,Central,Notebook Set,Stationery,199,2,10.0,398,358.2,179.1,179.1
104026,2024-06-25,CUST0190,Consumer,Central,Wall Clock,Home Decor,749,1,10.0,749,674.1,374.5,299.6
104027,2024-06-25,CUST0112,Consumer,South,Standing Desk,Furniture,14999,3,15.0,44997,38247.45,27898.14,10349.31
104028,2024-06-25,CUST0013,Corporate,North,Photo Frame Set,Home Decor,549,1,10.0,549,494.1,274.5,219.6
104029,2024-06-26,CUST0081,Corporate,West,Bookshelf,Furniture,3499,1,5.0,3499,3324.05,2169.38,1154.67
104030,2024-06-26,CUST0332,Corporate,South,Table Lamp,Furniture,899,2,0.0,1798,1798.0,1114.76,683.24
104031,2024-06-26,CUST0012,Enterprise,Central,Wall Clock,Home Decor,749,1,0.0,749,749.0,374.5,374.5
104032,2024-06-26,CUST0360,Small Business,East,Table Lamp,Furniture,899,2,0.0,1798,1798.0,1114.76,683.24
104033,2024-06-26,CUST0081,Corporate,West,Notebook Set,Stationery,199,1,10.0,199,179.1,89.55,89.55
104034,2024-06-26,CUST0091,Consumer,North,Office Chair,Furniture,6499,3,0.0,19497,19497.0,12088.14,7408.86
104035,2024-06-26,CUST0077,Corporate,East,Photo Frame Set,Home Decor,549,1,15.0,549,466.65,274.5,192.15
104036,2024-06-26,CUST0262,Enterprise,Central,Backpack,Accessories,1799,1,0.0,1799,1799.0,989.45,809.55
104037,2024-06-27,CUST0138,Small Business,North,Notebook Set,Stationery,199,1,10.0,199,179.1,89.55,89.55
104038,2024-06-27,CUST0293,Corporate,North,Office Chair,Furniture,6499,1,0.0,6499,6499.0,4029.38,2469.62
104039,2024-06-27,CUST0373,Consumer,West,Backpack,Accessories,1799,3,10.0,5397,4857.3,2968.35,1888.95
104040,2024-06-27,CUST0380,Consumer,North,USB-C Hub,Electronics,1299,2,0.0,2598,2598.0,1766.64,831.36
104041,2024-06-27,CUST0341,Consumer,South,Standing Desk,Furniture,14999,1,5.0,14999,14249.05,9299.38,4949.67
104042,2024-06-27,CUST0018,Small Business,West,Office Chair,Furniture,6499,1,0.0,6499,6499.0,4029.38,2469.62
104043,2024-06-27,CUST0398,Consumer,North,Table Lamp,Furniture,899,1,0.0,899,899.0,557.38,341.62
104044,2024-06-27,CUST0338,Small Business,Central,Water Bottle,Accessories,349,1,15.0,349,296.65,191.95,104.7
104045,2024-06-27,CUST0279,Small Business,North,Office Chair,Furniture,6499,2,0.0,12998,12998.0,8058.76,4939.24
104046,2024-06-27,CUST0181,Consumer,East,Table Lamp,Furniture,899,1,0.0,899,899.0,557.38,341.62
104047,2024-06-28,CUST0092,Small Business,West,Photo Frame Set,Home Decor,549,1,10.0,549,494.1,274.5,219.6
104048,2024-06-28,CUST0326,Small Business,South,Mechanical Keyboard,Electronics,2499,1,20.0,2499,1999.2,1699.32,299.88
104049,2024-06-28,CUST0075,Small Business,South,Wireless Mouse,Electronics,599,1,0.0,599,599.0,407.32,191.68
104050,2024-06-28,CUST0210,Consumer,Central,Wall Clock,Home Decor,749,3,15.0,2247,1909.95,1123.5,786.45
104051,2024-06-28,CUST0103,Consumer,Central,27in Monitor,Electronics,12999,1,0.0,12999,12999.0,8839.32,4159.68
104052,2024-06-29,CUST0231,Corporate,South,Photo Frame Set,Home Decor,549,3,5.0,1647,1564.65,823.5,741.15
104053,2024-06-29,CUST0232,Small Business,East,Bookshelf,Furniture,3499,2,0.0,6998,6998.0,4338.76,2659.24
104054,2024-06-29,CUST0390,Corporate,South,Notebook Set,Stationery,199,2,0.0,398,398.0,179.1,218.9
104055,2024-06-29,CUST0259,Small Business,East,Bookshelf,Furniture,3499,2,0.0,6998,6998.0,4338.76,2659.24
104056,2024-06-29,CUST0207,Consumer,West,Wireless Mouse,Electronics,599,4,0.0,2396,2396.0,1629.28,766.72
104057,2024-06-30,CUST0319,Consumer,West,Bluetooth Speaker,Electronics,1999,1,0.0,1999,1999.0,1359.32,639.68
104058,2024-06-30,CUST0376,Consumer,North,Office Chair,Furniture,6499,1,0.0,6499,6499.0,4029.38,2469.62
104059,2024-06-30,CUST0385,Small Business,Central,Sticky Notes Pack,Stationery,99,1,0.0,99,99.0,44.55,54.45
104060,2024-06-30,CUST0399,Corporate,Central,Notebook Set,Stationery,199,1,0.0,199,199.0,89.55,109.45
104061,2024-06-30,CUST0182,Consumer,Central,Sticky Notes Pack,Stationery,99,2,0.0,198,198.0,89.1,108.9
104062,2024-06-30,CUST0384,Corporate,West,27in Monitor,Electronics,12999,1,5.0,12999,12349.05,8839.32,3509.73
104063,2024-06-30,CUST0166,Corporate,North,Mechanical Keyboard,Electronics,2499,1,0.0,2499,2499.0,1699.32,799.68
104064,2024-06-30,CUST0327,Small Business,East,Table Lamp,Furniture,899,2,5.0,1798,1708.1,1114.76,593.34
104065,2024-06-30,CUST0236,Small Business,West,Sticky Notes Pack,Stationery,99,4,10.0,396,356.4,178.2,178.2
104066,2024-06-30,CUST0391,Enterprise,Central,Water Bottle,Accessories,349,1,0.0,349,349.0,191.95,157.05
104067,2024-07-01,CUST0360,Small Business,East,USB-C Hub,Electronics,1299,1,5.0,1299,1234.05,883.32,350.73
104068,2024-07-01,CUST0283,Consumer,North,Wall Clock,Home Decor,749,1,0.0,749,749.0,374.5,374.5
104069,2024-07-01,CUST0291,Consumer,West,Backpack,Accessories,1799,1,0.0,1799,1799.0,989.45,809.55
104070,2024-07-01,CUST0311,Consumer,East,Wireless Mouse,Electronics,599,2,0.0,1198,1198.0,814.64,383.36
104071,2024-07-01,CUST0306,Enterprise,West,USB-C Hub,Electronics,1299,1,0.0,1299,1299.0,883.32,415.68
104072,2024-07-01,CUST0129,Consumer,South,Whiteboard,Stationery,1499,1,20.0,1499,1199.2,674.55,524.65
104073,2024-07-01,CUST0309,Corporate,South,USB-C Hub,Electronics,1299,2,5.0,2598,2468.1,1766.64,701.46
104074,2024-07-01,CUST0303,Small Business,East,Bookshelf,Furniture,3499,1,0.0,3499,3499.0,2169.38,1329.62
104075,2024-07-02,CUST0181,Consumer,East,Backpack,Accessories,1799,2,0.0,3598,3598.0,1978.9,1619.1
104076,2024-07-02,CUST0175,Small Business,North,Notebook Set,Stationery,199,1,0.0,199,199.0,89.55,109.45
104077,2024-07-02,CUST0046,Small Business,South,Wall Clock,Home Decor,749,1,5.0,749,711.55,374.5,337.05
104078,2024-07-02,CUST0078,Consumer,Central,Notebook Set,Stationery,199,2,0.0,398,398.0,179.1,218.9
104079,2024-07-02,CUST0268,Small Business,South,Water Bottle,Accessories,349,2,10.0,698,628.2,383.9,244.3
104080,2024-07-02,CUST0261,Small Business,South,Water Bottle,Accessories,349,1,0.0,349,349.0,191.95,157.05
104081,2024-07-03,CUST0215,Small Business,Central,27in Monitor,Electronics,12999,1,5.0,12999,12349.05,8839.32,3509.73
104082,2024-07-03,CUST0036,Corporate,South,Office Chair,Furniture,6499,1,0.0,6499,6499.0,4029.38,2469.62
104083,2024-07-03,CUST0304,Small Business,East,Bluetooth Speaker,Electronics,1999,1,0.0,1999,1999.0,1359.32,639.68
104084,2024-07-03,CUST0141,Enterprise,Central,Bookshelf,Furniture,3499,1,0.0,3499,3499.0,2169.38,1329.62
104085,2024-07-03,CUST0336,Consumer,South,Office Chair,Furniture,6499,1,0.0,6499,6499.0,4029.38,2469.62
104086,2024-07-03,CUST0400,Corporate,North,Wall Clock,Home Decor,749,2,10.0,1498,1348.2,749.0,599.2
104087,2024-07-04,CUST0393,Consumer,West,27in Monitor,Electronics,12999,1,10.0,12999,11699.1,8839.32,2859.78
104088,2024-07-04,CUST0244,Consumer,South,Wireless Mouse,Electronics,599,1,10.0,599,539.1,407.32,131.78
104089,2024-07-04,CUST0164,Small Business,Central,Backpack,Accessories,1799,1,0.0,1799,1799.0,989.45,809.55
104090,2024-07-04,CUST0345,Consumer,Central,Water Bottle,Accessories,349,1,0.0,349,349.0,191.95,157.05
104091,2024-07-04,CUST0279,Small Business,North,Wall Clock,Home Decor,749,1,0.0,749,749.0,374.5,374.5
104092,2024-07-05,CUST0085,Consumer,Central,Backpack,Accessories,1799,1,0.0,1799,1799.0,989.45,809.55
104093,2024-07-05,CUST0007,Consumer,East,Backpack,Accessories,1799,3,15.0,5397,4587.45,2968.35,1619.1
104094,2024-07-05,CUST0300,Consumer,Central,Office Chair,Furniture,6499,2,0.0,12998,12998.0,8058.76,4939.24
104095,2024-07-06,CUST0395,Consumer,Central,Sticky Notes Pack,Stationery,99,2,5.0,198,188.1,89.1,99.0
104096,2024-07-06,CUST0216,Consumer,South,Sticky Notes Pack,Stationery,99,1,15.0,99,84.15,44.55,39.6
104097,2024-07-06,CUST0114,Corporate,North,Standing Desk,Furniture,14999,1,5.0,14999,14249.05,9299.38,4949.67
104098,2024-07-06,CUST0157,Small Business,Central,Office Chair,Furniture,6499,2,0.0,12998,12998.0,8058.76,4939.24
104099,2024-07-06,CUST0051,Enterprise,South,Notebook Set,Stationery,199,1,0.0,199,199.0,89.55,109.45
104100,2024-07-06,CUST0120,Small Business,West,Water Bottle,Accessories,349,1,0.0,349,349.0,191.95,157.05
104101,2024-07-06,CUST0141,Enterprise,Central,Whiteboard,Stationery,1499,1,0.0,1499,1499.0,674.55,824.45
104102,2024-07-06,CUST0257,Enterprise,East,Bluetooth Speaker,Electronics,1999,1,0.0,1999,1999.0,1359.32,639.68
104103,2024-07-06,CUST0269,Consumer,West,Standing Desk,Furniture,14999,1,15.0,14999,12749.15,9299.38,3449.77
104104,2024-07-06,CUST0148,Small Business,Central,Office Chair,Furniture,6499,1,0.0,6499,6499.0,4029.38,2469.62
104105,2024-07-07,CUST0001,Consumer,North,Wall Clock,Home Decor,749,2,5.0,1498,1423.1,749.0,674.1
104106,2024-07-07,CUST0381,Consumer,South,Notebook Set,Stationery,199,1,0.0,199,199.0,89.55,109.45
104107,2024-07-07,CUST0243,Corporate,Central,Bookshelf,Furniture,3499,2,5.0,6998,6648.1,4338.76,2309.34
104108,2024-07-07,CUST0084,Consumer,West,Wall Clock,Home Decor,749,3,10.0,2247,2022.3,1123.5,898.8
104109,2024-07-07,CUST0145,Consumer,Central,Photo Frame Set,Home Decor,549,1,0.0,549,549.0,274.5,274.5
104110,2024-07-07,CUST0196,Consumer,West,Office Chair,Furniture,6499,1,0.0,6499,6499.0,4029.38,2469.62
104111,2024-07-07,CUST0013,Corporate,North,Wireless Mouse,Electronics,599,1,0.0,599,599.0,407.32,191.68
104112,2024-07-07,CUST0365,Enterprise,South,27in Monitor,Electronics,12999,1,0.0,12999,12999.0,8839.32,4159.68
104113,2024-07-07,CUST0260,Consumer,Central,Photo Frame Set,Home Decor,549,2,5.0,1098,1043.1,549.0,494.1
104114,2024-07-07,CUST0244,Consumer,South,Standing Desk,Furniture,14999,3,0.0,44997,44997.0,27898.14,17098.86
104115,2024-07-08,CUST0004,Small Business,West,27in Monitor,Electronics,12999,2,10.0,25998,23398.2,17678.64,5719.56
104116,2024-07-08,CUST0255,Consumer,West,Notebook Set,Stationery,199,1,0.0,199,199.0,89.55,109.45
104117,2024-07-08,CUST0115,Small Business,North,USB-C Hub,Electronics,1299,1,5.0,1299,1234.05,883.32,350.73
104118,2024-07-08,CUST0080,Consumer,South,USB-C Hub,Electronics,1299,1,0.0,1299,1299.0,883.32,415.68
104119,2024-07-09,CUST0230,Small Business,West,Wall Clock,Home Decor,749,1,0.0,749,749.0,374.5,374.5
104120,2024-07-09,CUST0108,Corporate,East,Bluetooth Speaker,Electronics,1999,1,0.0,1999,1999.0,1359.32,639.68
104121,2024-07-09,CUST0016,Consumer,North,Table Lamp,Furniture,899,1,5.0,899,854.05,557.38,296.67
104122,2024-07-09,CUST0116,Corporate,Central,Mechanical Keyboard,Electronics,2499,1,15.0,2499,2124.15,1699.32,424.83
104123,2024-07-09,CUST0232,Small Business,East,Backpack,Accessories,1799,1,0.0,1799,1799.0,989.45,809.55
104124,2024-07-09,CUST0021,Small Business,Central,Sticky Notes Pack,Stationery,99,1,0.0,99,99.0,44.55,54.45
104125,2024-07-10,CUST0094,Small Business,North,Photo Frame Set,Home Decor,549,2,0.0,1098,1098.0,549.0,549.0
104126,2024-07-10,CUST0182,Consumer,Central,Wireless Mouse,Electronics,599,2,0.0,1198,1198.0,814.64,383.36
104127,2024-07-10,CUST0155,Enterprise,South,Bookshelf,Furniture,3499,2,15.0,6998,5948.3,4338.76,1609.54
104128,2024-07-10,CUST0055,Small Business,South,Whiteboard,Stationery,1499,2,0.0,2998,2998.0,1349.1,1648.9
104129,2024-07-10,CUST0267,Small Business,Central,Notebook Set,Stationery,199,2,0.0,398,398.0,179.1,218.9
104130,2024-07-10,CUST0232,Small Business,East,Sticky Notes Pack,Stationery,99,2,0.0,198,198.0,89.1,108.9
104131,2024-07-10,CUST0022,Consumer,Central,Sticky Notes Pack,Stationery,99,1,10.0,99,89.1,44.55,44.55
104132,2024-07-10,CUST0221,Small Business,South,Bookshelf,Furniture,3499,1,0.0,3499,3499.0,2169.38,1329.62
104133,2024-07-10,CUST0058,Consumer,Central,Bookshelf,Furniture,3499,1,15.0,3499,2974.15,2169.38,804.77
104134,2024-07-11,CUST0127,Corporate,West,Bookshelf,Furniture,3499,2,0.0,6998,6998.0,4338.76,2659.24
104135,2024-07-11,CUST0093,Corporate,North,USB-C Hub,Electronics,1299,1,5.0,1299,1234.05,883.32,350.73
104136,2024-07-11,CUST0331,Consumer,West,Bluetooth Speaker,Electronics,1999,1,0.0,1999,1999.0,1359.32,639.68
104137,2024-07-11,CUST0040,Consumer,East,Mechanical Keyboard,Electronics,2499,2,5.0,4998,4748.1,3398.64,1349.46
104138,2024-07-11,CUST0078,Consumer,Central,Photo Frame Set,Home Decor,549,2,0.0,1098,1098.0,549.0,549.0
104139,2024-07-11,CUST0385,Small Business,Central,27in Monitor,Electronics,12999,4,5.0,51996,49396.2,35357.28,14038.92
104140,2024-07-11,CUST0212,Small Business,North,27in Monitor,Electronics,12999,2,15.0,25998,22098.3,17678.64,4419.66
104141,2024-07-11,CUST0098,Consumer,West,Bookshelf,Furniture,3499,1,15.0,3499,2974.15,2169.38,804.77
104142,2024-07-11,CUST0027,Consumer,East,Mechanical Keyboard,Electronics,2499,1,0.0,2499,2499.0,1699.32,799.68
104143,2024-07-12,CUST0248,Enterprise,East,Bluetooth Speaker,Electronics,1999,1,10.0,1999,1799.1,1359.32,439.78
104144,2024-07-12,CUST0201,Small Business,South,27in Monitor,Electronics,12999,1,0.0,12999,12999.0,8839.32,4159.68
104145,2024-07-12,CUST0345,Consumer,Central,Bluetooth Speaker,Electronics,1999,1,0.0,1999,1999.0,1359.32,639.68
104146,2024-07-12,CUST0307,Small Business,Central,Bookshelf,Furniture,3499,2,0.0,6998,6998.0,4338.76,2659.24
104147,2024-07-12,CUST0316,Small Business,North,Backpack,Accessories,1799,2,0.0,3598,3598.0,1978.9,1619.1
104148,2024-07-12,CUST0168,Consumer,East,Sticky Notes Pack,Stationery,99,2,0.0,198,198.0,89.1,108.9
104149,2024-07-12,CUST0285,Small Business,North,Wireless Mouse,Electronics,599,2,0.0,1198,1198.0,814.64,383.36
104150,2024-07-12,CUST0048,Small Business,North,Water Bottle,Accessories,349,2,0.0,698,698.0,383.9,314.1
104151,2024-07-12,CUST0262,Enterprise,Central,Whiteboard,Stationery,1499,1,10.0,1499,1349.1,674.55,674.55
104152,2024-07-13,CUST0230,Small Business,West,Standing Desk,Furniture,14999,1,0.0,14999,14999.0,9299.38,5699.62
104153,2024-07-13,CUST0210,Consumer,Central,Standing Desk,Furniture,14999,1,10.0,14999,13499.1,9299.38,4199.72
104154,2024-07-13,CUST0232,Small Business,East,Notebook Set,Stationery,199,2,5.0,398,378.1,179.1,199.0
104155,2024-07-13,CUST0321,Small Business,North,Water Bottle,Accessories,349,1,0.0,349,349.0,191.95,157.05
104156,2024-07-14,CUST0324,Consumer,North,Office Chair,Furniture,6499,2,0.0,12998,12998.0,8058.76,4939.24
104157,2024-07-14,CUST0029,Small Business,West,Backpack,Accessories,1799,1,5.0,1799,1709.05,989.45,719.6
104158,2024-07-14,CUST0066,Small Business,Central,Sticky Notes Pack,Stationery,99,1,0.0,99,99.0,44.55,54.45
104159,2024-07-14,CUST0397,Corporate,West,Bookshelf,Furniture,3499,2,0.0,6998,6998.0,4338.76,2659.24
104160,2024-07-14,CUST0309,Corporate,South,Office Chair,Furniture,6499,1,5.0,6499,6174.05,4029.38,2144.67
104161,2024-07-15,CUST0167,Consumer,East,Wireless Mouse,Electronics,599,4,0.0,2396,2396.0,1629.28,766.72
104162,2024-07-15,CUST0291,Consumer,West,27in Monitor,Electronics,12999,1,5.0,12999,12349.05,8839.32,3509.73
104163,2024-07-15,CUST0367,Enterprise,South,Wireless Mouse,Electronics,599,1,0.0,599,599.0,407.32,191.68
104164,2024-07-15,CUST0252,Consumer,North,Office Chair,Furniture,6499,2,0.0,12998,12998.0,8058.76,4939.24
104165,2024-07-15,CUST0174,Consumer,East,Photo Frame Set,Home Decor,549,1,5.0,549,521.55,274.5,247.05
104166,2024-07-15,CUST0310,Consumer,East,Sticky Notes Pack,Stationery,99,1,0.0,99,99.0,44.55,54.45
104167,2024-07-15,CUST0111,Consumer,North,Wall Clock,Home Decor,749,1,0.0,749,749.0,374.5,374.5
104168,2024-07-16,CUST0256,Small Business,North,Wireless Mouse,Electronics,599,4,0.0,2396,2396.0,1629.28,766.72
104169,2024-07-16,CUST0089,Corporate,Central,Backpack,Accessories,1799,1,0.0,1799,1799.0,989.45,809.55
104170,2024-07-16,CUST0147,Small Business,East,Office Chair,Furniture,6499,1,0.0,6499,6499.0,4029.38,2469.62
104171,2024-07-16,CUST0101,Consumer,Central,USB-C Hub,Electronics,1299,1,0.0,1299,1299.0,883.32,415.68
104172,2024-07-16,CUST0105,Corporate,West,Backpack,Accessories,1799,1,0.0,1799,1799.0,989.45,809.55
104173,2024-07-17,CUST0310,Consumer,East,Office Chair,Furniture,6499,1,0.0,6499,6499.0,4029.38,2469.62
104174,2024-07-17,CUST0241,Enterprise,West,Whiteboard,Stationery,1499,1,0.0,1499,1499.0,674.55,824.45
104175,2024-07-17,CUST0213,Small Business,North,Sticky Notes Pack,Stationery,99,1,0.0,99,99.0,44.55,54.45
104176,2024-07-17,CUST0306,Enterprise,West,Backpack,Accessories,1799,1,0.0,1799,1799.0,989.45,809.55
104177,2024-07-17,CUST0165,Consumer,South,Sticky Notes Pack,Stationery,99,1,5.0,99,94.05,44.55,49.5
104178,2024-07-17,CUST0158,Corporate,Central,27in Monitor,Electronics,12999,1,5.0,12999,12349.05,8839.32,3509.73
104179,2024-07-17,CUST0256,Small Business,North,USB-C Hub,Electronics,1299,1,0.0,1299,1299.0,883.32,415.68
104180,2024-07-18,CUST0030,Consumer,Central,Whiteboard,Stationery,1499,1,15.0,1499,1274.15,674.55,599.6
104181,2024-07-18,CUST0337,Corporate,North,Standing Desk,Furniture,14999,2,0.0,29998,29998.0,18598.76,11399.24
104182,2024-07-18,CUST0242,Enterprise,West,Wall Clock,Home Decor,749,2,0.0,1498,1498.0,749.0,749.0
104183,2024-07-18,CUST0265,Corporate,East,Photo Frame Set,Home Decor,549,2,0.0,1098,1098.0,549.0,549.0
104184,2024-07-18,CUST0033,Consumer,Central,Backpack,Accessories,1799,1,0.0,1799,1799.0,989.45,809.55
104185,2024-07-18,CUST0294,Consumer,East,Bluetooth Speaker,Electronics,1999,1,0.0,1999,1999.0,1359.32,639.68
104186,2024-07-18,CUST0276,Small Business,West,Bookshelf,Furniture,3499,3,10.0,10497,9447.3,6508.14,2939.16
104187,2024-07-18,CUST0021,Small Business,Central,Mechanical Keyboard,Electronics,2499,1,0.0,2499,2499.0,1699.32,799.68
104188,2024-07-18,CUST0246,Corporate,South,Office Chair,Furniture,6499,1,0.0,6499,6499.0,4029.38,2469.62
104189,2024-07-18,CUST0329,Consumer,Central,USB-C Hub,Electronics,1299,1,0.0,1299,1299.0,883.32,415.68
104190,2024-07-19,CUST0067,Consumer,West,Wireless Mouse,Electronics,599,1,10.0,599,539.1,407.32,131.78
104191,2024-07-19,CUST0150,Consumer,East,Backpack,Accessories,1799,1,0.0,1799,1799.0,989.45,809.55
104192,2024-07-19,CUST0213,Small Business,North,Bluetooth Speaker,Electronics,1999,1,0.0,1999,1999.0,1359.32,639.68
104193,2024-07-19,CUST0286,Consumer,North,Bookshelf,Furniture,3499,1,5.0,3499,3324.05,2169.38,1154.67
104194,2024-07-19,CUST0091,Consumer,North,Standing Desk,Furniture,14999,1,0.0,14999,14999.0,9299.38,5699.62
104195,2024-07-20,CUST0309,Corporate,South,Whiteboard,Stationery,1499,1,0.0,1499,1499.0,674.55,824.45
104196,2024-07-20,CUST0225,Consumer,East,Sticky Notes Pack,Stationery,99,1,20.0,99,79.2,44.55,34.65
104197,2024-07-20,CUST0379,Corporate,West,Sticky Notes Pack,Stationery,99,1,0.0,99,99.0,44.55,54.45
104198,2024-07-20,CUST0366,Consumer,East,Bluetooth Speaker,Electronics,1999,2,0.0,3998,3998.0,2718.64,1279.36
104199,2024-07-20,CUST0059,Consumer,Central,Wireless Mouse,Electronics,599,2,0.0,1198,1198.0,814.64,383.36
104200,2024-07-20,CUST0164,Small Business,Central,Mechanical Keyboard,Electronics,2499,1,5.0,2499,2374.05,1699.32,674.73
104201,2024-07-20,CUST0204,Corporate,East,Photo Frame Set,Home Decor,549,1,5.0,549,521.55,274.5,247.05
104202,2024-07-20,CUST0027,Consumer,East,Wireless Mouse,Electronics,599,4,0.0,2396,2396.0,1629.28,766.72
104203,2024-07-20,CUST0039,Small Business,Central,Standing Desk,Furniture,14999,1,0.0,14999,14999.0,9299.38,5699.62
104204,2024-07-20,CUST0045,Consumer,South,Backpack,Accessories,1799,2,10.0,3598,3238.2,1978.9,1259.3
104205,2024-07-21,CUST0026,Corporate,West,Bookshelf,Furniture,3499,1,0.0,3499,3499.0,2169.38,1329.62
104206,2024-07-21,CUST0070,Enterprise,East,Notebook Set,Stationery,199,1,0.0,199,199.0,89.55,109.45
104207,2024-07-21,CUST0063,Corporate,West,Backpack,Accessories,1799,1,0.0,1799,1799.0,989.45,809.55
104208,2024-07-21,CUST0253,Corporate,East,Wireless Mouse,Electronics,599,1,0.0,599,599.0,407.32,191.68
104209,2024-07-21,CUST0137,Small Business,East,Wireless Mouse,Electronics,599,1,0.0,599,599.0,407.32,191.68
104210,2024-07-21,CUST0398,Consumer,North,Bluetooth Speaker,Electronics,1999,2,5.0,3998,3798.1,2718.64,1079.46
104211,2024-07-21,CUST0313,Consumer,Central,Water Bottle,Accessories,349,1,0.0,349,349.0,191.95,157.05
104212,2024-07-22,CUST0182,Consumer,Central,27in Monitor,Electronics,12999,1,0.0,12999,12999.0,8839.32,4159.68
104213,2024-07-22,CUST0356,Small Business,West,Notebook Set,Stationery,199,1,5.0,199,189.05,89.55,99.5
104214,2024-07-22,CUST0054,Corporate,East,Whiteboard,Stationery,1499,1,15.0,1499,1274.15,674.55,599.6
104215,2024-07-22,CUST0368,Corporate,East,Sticky Notes Pack,Stationery,99,1,0.0,99,99.0,44.55,54.45
104216,2024-07-22,CUST0368,Corporate,East,USB-C Hub,Electronics,1299,1,0.0,1299,1299.0,883.32,415.68
104217,2024-07-22,CUST0354,Consumer,East,Notebook Set,Stationery,199,1,5.0,199,189.05,89.55,99.5
104218,2024-07-22,CUST0081,Corporate,West,USB-C Hub,Electronics,1299,1,0.0,1299,1299.0,883.32,415.68
104219,2024-07-22,CUST0099,Consumer,Central,27in Monitor,Electronics,12999,1,0.0,12999,12999.0,8839.32,4159.68
104220,2024-07-23,CUST0118,Consumer,North,Bluetooth Speaker,Electronics,1999,1,0.0,1999,1999.0,1359.32,639.68
104221,2024-07-23,CUST0273,Corporate,North,Table Lamp,Furniture,899,2,0.0,1798,1798.0,1114.76,683.24
104222,2024-07-23,CUST0152,Consumer,North,Photo Frame Set,Home Decor,549,1,15.0,549,466.65,274.5,192.15
104223,2024-07-23,CUST0285,Small Business,North,USB-C Hub,Electronics,1299,1,0.0,1299,1299.0,883.32,415.68
104224,2024-07-23,CUST0329,Consumer,Central,Wireless Mouse,Electronics,599,1,5.0,599,569.05,407.32,161.73
104225,2024-07-23,CUST0375,Consumer,West,Whiteboard,Stationery,1499,1,0.0,1499,1499.0,674.55,824.45
104226,2024-07-23,CUST0103,Consumer,Central,Wall Clock,Home Decor,749,1,0.0,749,749.0,374.5,374.5
104227,2024-07-24,CUST0269,Consumer,West,Sticky Notes Pack,Stationery,99,1,0.0,99,99.0,44.55,54.45
104228,2024-07-24,CUST0133,Consumer,West,27in Monitor,Electronics,12999,2,5.0,25998,24698.1,17678.64,7019.46
104229,2024-07-24,CUST0156,Consumer,East,Bluetooth Speaker,Electronics,1999,3,5.0,5997,5697.15,4077.96,1619.19
104230,2024-07-24,CUST0050,Consumer,Central,Bluetooth Speaker,Electronics,1999,1,0.0,1999,1999.0,1359.32,639.68
104231,2024-07-24,CUST0116,Corporate,Central,Sticky Notes Pack,Stationery,99,1,0.0,99,99.0,44.55,54.45
104232,2024-07-24,CUST0123,Consumer,West,Bluetooth Speaker,Electronics,1999,2,20.0,3998,3198.4,2718.64,479.76
104233,2024-07-24,CUST0281,Corporate,Central,Table Lamp,Furniture,899,1,5.0,899,854.05,557.38,296.67
104234,2024-07-24,CUST0141,Enterprise,Central,Photo Frame Set,Home Decor,549,1,0.0,549,549.0,274.5,274.5
104235,2024-07-24,CUST0263,Consumer,South,Mechanical Keyboard,Electronics,2499,1,0.0,2499,2499.0,1699.32,799.68
104236,2024-07-24,CUST0347,Small Business,North,Photo Frame Set,Home Decor,549,1,0.0,549,549.0,274.5,274.5
104237,2024-07-25,CUST0388,Consumer,North,Backpack,Accessories,1799,1,,1799,1799.0,989.45,809.55
104238,2024-07-25,CUST0069,Consumer,West,Standing Desk,Furniture,14999,4,0.0,59996,59996.0,37197.52,22798.48
104239,2024-07-25,CUST0284,Consumer,South,Mechanical Keyboard,Electronics,2499,1,5.0,2499,2374.05,1699.32,674.73
104240,2024-07-25,CUST0100,Consumer,Central,USB-C Hub,Electronics,1299,2,10.0,2598,2338.2,1766.64,571.56
104241,2024-07-25,CUST0017,Consumer,West,Standing Desk,Furniture,14999,1,20.0,14999,11999.2,9299.38,2699.82
104242,2024-07-25,CUST0093,Corporate,North,Water Bottle,Accessories,349,1,0.0,349,349.0,191.95,157.05
104243,2024-07-25,CUST0017,Consumer,West,Bluetooth Speaker,Electronics,1999,2,0.0,3998,3998.0,2718.64,1279.36
104244,2024-07-25,CUST0380,Consumer,North,27in Monitor,Electronics,12999,1,20.0,12999,10399.2,8839.32,1559.88
104245,2024-07-25,CUST0284,Consumer,South,Backpack,Accessories,1799,1,5.0,1799,1709.05,989.45,719.6
104246,2024-07-25,CUST0239,Small Business,South,Wireless Mouse,Electronics,599,1,0.0,599,599.0,407.32,191.68
104247,2024-07-25,CUST0281,Corporate,Central,Wireless Mouse,Electronics,599,2,5.0,1198,1138.1,814.64,323.46
104248,2024-07-26,CUST0193,Corporate,East,Notebook Set,Stationery,199,1,0.0,199,199.0,89.55,109.45
104249,2024-07-26,CUST0332,Corporate,South,27in Monitor,Electronics,12999,2,20.0,25998,20798.4,17678.64,3119.76
104250,2024-07-26,CUST0142,Consumer,West,Bookshelf,Furniture,3499,1,15.0,3499,2974.15,2169.38,804.77
104251,2024-07-27,CUST0010,Small Business,West,USB-C Hub,Electronics,1299,1,0.0,1299,1299.0,883.32,415.68
104252,2024-07-27,CUST0193,Corporate,East,USB-C Hub,Electronics,1299,4,0.0,5196,5196.0,3533.28,1662.72
104253,2024-07-27,CUST0057,Consumer,Central,Mechanical Keyboard,Electronics,2499,1,15.0,2499,2124.15,1699.32,424.83
104254,2024-07-27,CUST0144,Consumer,West,Backpack,Accessories,1799,1,0.0,1799,1799.0,989.45,809.55
104255,2024-07-27,CUST0212,Small Business,North,Bluetooth Speaker,Electronics,1999,1,10.0,1999,1799.1,1359.32,439.78
104256,2024-07-27,CUST0388,Consumer,North,Backpack,Accessories,1799,2,5.0,3598,3418.1,1978.9,1439.2
104257,2024-07-27,CUST0043,Consumer,West,Standing Desk,Furniture,14999,1,0.0,14999,14999.0,9299.38,5699.62
104258,2024-07-27,CUST0126,Consumer,West,Sticky Notes Pack,Stationery,99,2,0.0,198,198.0,89.1,108.9
104259,2024-07-28,CUST0019,Consumer,East,27in Monitor,Electronics,12999,1,0.0,12999,12999.0,8839.32,4159.68
104260,2024-07-28,CUST0220,Corporate,South,Bluetooth Speaker,Electronics,1999,4,0.0,7996,7996.0,5437.28,2558.72
104261,2024-07-28,CUST0199,Corporate,South,Backpack,Accessories,1799,1,0.0,1799,1799.0,989.45,809.55
104262,2024-07-28,CUST0217,Consumer,East,Bookshelf,Furniture,3499,1,5.0,3499,3324.05,2169.38,1154.67
104263,2024-07-28,CUST0189,Small Business,North,Sticky Notes Pack,Stationery,99,1,0.0,99,99.0,44.55,54.45
104264,2024-07-28,CUST0270,Consumer,South,Mechanical Keyboard,Electronics,2499,2,0.0,4998,4998.0,3398.64,1599.36
104265,2024-07-28,CUST0069,Consumer,West,Photo Frame Set,Home Decor,549,1,0.0,549,549.0,274.5,274.5
104266,2024-07-28,CUST0239,Small Business,South,Standing Desk,Furniture,14999,1,0.0,14999,14999.0,9299.38,5699.62
104267,2024-07-28,CUST0098,Consumer,West,Whiteboard,Stationery,1499,1,0.0,1499,1499.0,674.55,824.45
104268,2024-07-28,CUST0256,Small Business,North,Backpack,Accessories,1799,1,5.0,1799,1709.05,989.45,719.6
104269,2024-07-29,CUST0249,Enterprise,East,Whiteboard,Stationery,1499,1,10.0,1499,1349.1,674.55,674.55
104270,2024-07-29,CUST0008,Corporate,East,Photo Frame Set,Home Decor,549,1,0.0,549,549.0,274.5,274.5
104271,2024-07-29,CUST0123,Consumer,West,Notebook Set,Stationery,199,1,5.0,199,189.05,89.55,99.5
104272,2024-07-29,CUST0371,Consumer,Central,Water Bottle,Accessories,349,1,0.0,349,349.0,191.95,157.05
104273,2024-07-29,CUST0296,Small Business,West,Notebook Set,Stationery,199,1,0.0,199,199.0,89.55,109.45
104274,2024-07-30,CUST0321,Small Business,North,Wall Clock,Home Decor,749,2,0.0,1498,1498.0,749.0,749.0
104275,2024-07-30,CUST0259,Small Business,East,Backpack,Accessories,1799,2,5.0,3598,3418.1,1978.9,1439.2
104276,2024-07-30,CUST0339,Consumer,West,Water Bottle,Accessories,349,2,5.0,698,663.1,383.9,279.2
104277,2024-07-30,CUST0167,Consumer,East,Wall Clock,Home Decor,749,1,15.0,749,636.65,374.5,262.15
104278,2024-07-30,CUST0130,Small Business,West,27in Monitor,Electronics,12999,1,0.0,12999,12999.0,8839.32,4159.68
104279,2024-07-31,CUST0019,Consumer,East,Water Bottle,Accessories,349,1,0.0,349,349.0,191.95,157.05
104280,2024-07-31,CUST0227,Enterprise,West,Backpack,Accessories,1799,1,5.0,1799,1709.05,989.45,719.6
104281,2024-07-31,CUST0321,Small Business,North,Backpack,Accessories,1799,2,15.0,3598,3058.3,1978.9,1079.4
104282,2024-07-31,CUST0191,Consumer,North,USB-C Hub,Electronics,1299,1,0.0,1299,1299.0,883.32,415.68
104283,2024-07-31,CUST0110,Consumer,West,Office Chair,Furniture,6499,2,0.0,12998,12998.0,8058.76,4939.24
104284,2024-07-31,CUST0044,Corporate,North,27in Monitor,Electronics,12999,1,0.0,12999,12999.0,8839.32,4159.68
104285,2024-07-31,CUST0321,Small Business,North,Wireless Mouse,Electronics,599,1,5.0,599,569.05,407.32,161.73
104286,2024-07-31,CUST0163,Small Business,East,Sticky Notes Pack,Stationery,99,1,0.0,99,99.0,44.55,54.45
104287,2024-07-31,CUST0361,Consumer,West,Table Lamp,Furniture,899,1,10.0,899,809.1,557.38,251.72
104288,2024-07-31,CUST0314,Enterprise,West,USB-C Hub,Electronics,1299,1,0.0,1299,1299.0,883.32,415.68
104289,2024-07-31,CUST0064,Consumer,North,Bluetooth Speaker,Electronics,1999,4,0.0,7996,7996.0,5437.28,2558.72
104290,2024-07-31,CUST0341,Consumer,South,Standing Desk,Furniture,14999,1,0.0,14999,14999.0,9299.38,5699.62
104291,2024-07-31,CUST0360,Small Business,East,Backpack,Accessories,1799,2,20.0,3598,2878.4,1978.9,899.5
104292,2024-07-31,CUST0275,Small Business,North,Water Bottle,Accessories,349,1,0.0,349,349.0,191.95,157.05
104293,2024-07-31,CUST0389,Corporate,South,Backpack,Accessories,1799,1,0.0,1799,1799.0,989.45,809.55
104294,2024-08-01,CUST0081,Corporate,West,27in Monitor,Electronics,12999,4,0.0,51996,51996.0,35357.28,16638.72
104295,2024-08-01,CUST0319,Consumer,West,USB-C Hub,Electronics,1299,1,0.0,1299,1299.0,883.32,415.68
104296,2024-08-01,CUST0259,Small Business,East,Office Chair,Furniture,6499,2,0.0,12998,12998.0,8058.76,4939.24
104297,2024-08-01,CUST0371,Consumer,Central,Wireless Mouse,Electronics,599,1,0.0,599,599.0,407.32,191.68
104298,2024-08-01,CUST0294,Consumer,East,Table Lamp,Furniture,899,1,5.0,899,854.05,557.38,296.67
104299,2024-08-01,CUST0179,Enterprise,Central,Backpack,Accessories,1799,2,0.0,3598,3598.0,1978.9,1619.1
104300,2024-08-01,CUST0304,Small Business,East,Backpack,Accessories,1799,1,0.0,1799,1799.0,989.45,809.55
104301,2024-08-01,CUST0017,Consumer,West,USB-C Hub,Electronics,1299,3,0.0,3897,3897.0,2649.96,1247.04
104302,2024-08-01,CUST0181,Consumer,East,Office Chair,Furniture,6499,1,0.0,6499,6499.0,4029.38,2469.62
104303,2024-08-01,CUST0054,Corporate,East,Wireless Mouse,Electronics,599,2,5.0,1198,1138.1,814.64,323.46
104304,2024-08-01,CUST0107,Consumer,West,27in Monitor,Electronics,12999,1,5.0,12999,12349.05,8839.32,3509.73
104305,2024-08-02,CUST0219,Small Business,West,Wall Clock,Home Decor,749,2,5.0,1498,1423.1,749.0,674.1
104306,2024-08-02,CUST0200,Corporate,West,Photo Frame Set,Home Decor,549,3,20.0,1647,1317.6,823.5,494.1
104307,2024-08-02,CUST0292,Consumer,North,Photo Frame Set,Home Decor,549,1,5.0,549,521.55,274.5,247.05
104308,2024-08-02,CUST0213,Small Business,North,Wireless Mouse,Electronics,599,1,0.0,599,599.0,407.32,191.68
104309,2024-08-02,CUST0249,Enterprise,East,Mechanical Keyboard,Electronics,2499,1,0.0,2499,2499.0,1699.32,799.68
104310,2024-08-02,CUST0200,Corporate,West,Sticky Notes Pack,Stationery,99,1,0.0,99,99.0,44.55,54.45
104311,2024-08-03,CUST0021,Small Business,Central,Sticky Notes Pack,Stationery,99,1,10.0,99,89.1,44.55,44.55
104312,2024-08-03,CUST0043,Consumer,West,Water Bottle,Accessories,349,1,0.0,349,349.0,191.95,157.05
104313,2024-08-03,CUST0349,Consumer,Central,Water Bottle,Accessories,349,1,0.0,349,349.0,191.95,157.05
104314,2024-08-03,CUST0385,Small Business,Central,Photo Frame Set,Home Decor,549,1,0.0,549,549.0,274.5,274.5
104315,2024-08-03,CUST0142,Consumer,West,USB-C Hub,Electronics,1299,1,0.0,1299,1299.0,883.32,415.68
104316,2024-08-03,CUST0026,Corporate,West,Table Lamp,Furniture,899,1,0.0,899,899.0,557.38,341.62
104317,2024-08-03,CUST0068,Corporate,West,Table Lamp,Furniture,899,1,5.0,899,854.05,557.38,296.67
104318,2024-08-04,CUST0256,Small Business,North,Bookshelf,Furniture,3499,2,0.0,6998,6998.0,4338.76,2659.24
104319,2024-08-04,CUST0141,Enterprise,Central,Standing Desk,Furniture,14999,1,0.0,14999,14999.0,9299.38,5699.62
104320,2024-08-04,CUST0243,Corporate,Central,Backpack,Accessories,1799,1,15.0,1799,1529.15,989.45,539.7
104321,2024-08-04,CUST0276,Small Business,West,27in Monitor,Electronics,12999,1,5.0,12999,12349.05,8839.32,3509.73
104322,2024-08-04,CUST0033,Consumer,Central,Standing Desk,Furniture,14999,1,0.0,14999,14999.0,9299.38,5699.62
104323,2024-08-04,CUST0395,Consumer,Central,Photo Frame Set,Home Decor,549,1,5.0,549,521.55,274.5,247.05
104324,2024-08-05,CUST0361,Consumer,West,Mechanical Keyboard,Electronics,2499,2,0.0,4998,4998.0,3398.64,1599.36
104325,2024-08-05,CUST0196,Consumer,West,Wall Clock,Home Decor,749,2,0.0,1498,1498.0,749.0,749.0
104326,2024-08-05,CUST0232,Small Business,East,USB-C Hub,Electronics,1299,1,0.0,1299,1299.0,883.32,415.68
104327,2024-08-05,CUST0070,Enterprise,East,Wireless Mouse,Electronics,599,1,10.0,599,539.1,407.32,131.78
104328,2024-08-06,CUST0263,Consumer,South,Photo Frame Set,Home Decor,549,1,0.0,549,549.0,274.5,274.5
104329,2024-08-06,CUST0071,Corporate,Central,Mechanical Keyboard,Electronics,2499,2,5.0,4998,4748.1,3398.64,1349.46
104330,2024-08-06,CUST0261,Small Business,South,Mechanical Keyboard,Electronics,2499,2,15.0,4998,4248.3,3398.64,849.66
104331,2024-08-06,CUST0022,Consumer,Central,Notebook Set,Stationery,199,1,0.0,199,199.0,89.55,109.45
104332,2024-08-07,CUST0364,Small Business,North,Standing Desk,Furniture,14999,1,5.0,14999,14249.05,9299.38,4949.67
104333,2024-08-07,CUST0061,Consumer,Central,Backpack,Accessories,1799,1,0.0,1799,1799.0,989.45,809.55
104334,2024-08-07,CUST0191,Consumer,North,Table Lamp,Furniture,899,2,0.0,1798,1798.0,1114.76,683.24
104335,2024-08-07,CUST0167,Consumer,East,Backpack,Accessories,1799,1,0.0,1799,1799.0,989.45,809.55
104336,2024-08-07,CUST0395,Consumer,Central,Office Chair,Furniture,6499,1,5.0,6499,6174.05,4029.38,2144.67
104337,2024-08-07,CUST0179,Enterprise,Central,Notebook Set,Stationery,199,1,10.0,199,179.1,89.55,89.55
104338,2024-08-08,CUST0013,Corporate,North,Wall Clock,Home Decor,749,1,5.0,749,711.55,374.5,337.05
104339,2024-08-08,CUST0178,Consumer,North,Standing Desk,Furniture,14999,1,0.0,14999,14999.0,9299.38,5699.62
104340,2024-08-08,CUST0184,Corporate,Central,Bluetooth Speaker,Electronics,1999,1,0.0,1999,1999.0,1359.32,639.68
104341,2024-08-08,CUST0241,Enterprise,West,Mechanical Keyboard,Electronics,2499,2,5.0,4998,4748.1,3398.64,1349.46
104342,2024-08-08,CUST0147,Small Business,East,Mechanical Keyboard,Electronics,2499,1,0.0,2499,2499.0,1699.32,799.68
104343,2024-08-09,CUST0107,Consumer,West,27in Monitor,Electronics,12999,1,0.0,12999,12999.0,8839.32,4159.68
104344,2024-08-09,CUST0326,Small Business,South,Notebook Set,Stationery,199,1,10.0,199,179.1,89.55,89.55
104345,2024-08-09,CUST0348,Consumer,Central,Wall Clock,Home Decor,749,1,15.0,749,636.65,374.5,262.15
104346,2024-08-09,CUST0391,Enterprise,Central,Wall Clock,Home Decor,749,2,0.0,1498,1498.0,749.0,749.0
104347,2024-08-09,CUST0037,Consumer,Central,Wall Clock,Home Decor,749,1,0.0,749,749.0,374.5,374.5
104348,2024-08-09,CUST0277,Corporate,South,Wall Clock,Home Decor,749,1,0.0,749,749.0,374.5,374.5
104349,2024-08-10,CUST0360,Small Business,East,USB-C Hub,Electronics,1299,1,5.0,1299,1234.05,883.32,350.73
104350,2024-08-10,CUST0291,Consumer,West,Whiteboard,Stationery,1499,1,10.0,1499,1349.1,674.55,674.55
104351,2024-08-10,CUST0248,Enterprise,East,Bookshelf,Furniture,3499,2,,6998,6998.0,4338.76,2659.24
104352,2024-08-10,CUST0092,Small Business,West,Mechanical Keyboard,Electronics,2499,2,10.0,4998,4498.2,3398.64,1099.56
104353,2024-08-11,CUST0200,Corporate,West,Wireless Mouse,Electronics,599,1,10.0,599,539.1,407.32,131.78
104354,2024-08-11,CUST0176,Consumer,Central,Mechanical Keyboard,Electronics,2499,2,0.0,4998,4998.0,3398.64,1599.36
104355,2024-08-11,CUST0383,Small Business,East,Backpack,Accessories,1799,1,0.0,1799,1799.0,989.45,809.55
104356,2024-08-11,CUST0334,Consumer,West,Whiteboard,Stationery,1499,1,0.0,1499,1499.0,674.55,824.45
104357,2024-08-11,CUST0173,Small Business,North,USB-C Hub,Electronics,1299,1,5.0,1299,1234.05,883.32,350.73
104358,2024-08-11,CUST0328,Small Business,North,Sticky Notes Pack,Stationery,99,2,5.0,198,188.1,89.1,99.0
104359,2024-08-11,CUST0295,Consumer,Central,Standing Desk,Furniture,14999,1,5.0,14999,14249.05,9299.38,4949.67
104360,2024-08-12,CUST0152,Consumer,North,Water Bottle,Accessories,349,1,0.0,349,349.0,191.95,157.05
104361,2024-08-12,CUST0146,Consumer,Central,Whiteboard,Stationery,1499,1,5.0,1499,1424.05,674.55,749.5
104362,2024-08-12,CUST0289,Consumer,North,27in Monitor,Electronics,12999,1,0.0,12999,12999.0,8839.32,4159.68
104363,2024-08-13,CUST0058,Consumer,Central,Water Bottle,Accessories,349,3,0.0,1047,1047.0,575.85,471.15
104364,2024-08-13,CUST0390,Corporate,South,27in Monitor,Electronics,12999,1,0.0,12999,12999.0,8839.32,4159.68
104365,2024-08-13,CUST0004,Small Business,West,27in Monitor,Electronics,12999,2,0.0,25998,25998.0,17678.64,8319.36
104366,2024-08-13,CUST0381,Consumer,South,Wireless Mouse,Electronics,599,3,5.0,1797,1707.15,1221.96,485.19
104367,2024-08-14,CUST0063,Corporate,West,Bluetooth Speaker,Electronics,1999,1,5.0,1999,1899.05,1359.32,539.73
104368,2024-08-14,CUST0242,Enterprise,West,Water Bottle,Accessories,349,1,0.0,349,349.0,191.95,157.05
104369,2024-08-14,CUST0259,Small Business,East,Backpack,Accessories,1799,1,15.0,1799,1529.15,989.45,539.7
104370,2024-08-14,CUST0271,Corporate,Central,Sticky Notes Pack,Stationery,99,2,0.0,198,198.0,89.1,108.9
104371,2024-08-14,CUST0220,Corporate,South,Office Chair,Furniture,6499,1,0.0,6499,6499.0,4029.38,2469.62
104372,2024-08-14,CUST0380,Consumer,North,Mechanical Keyboard,Electronics,2499,1,0.0,2499,2499.0,1699.32,799.68
104373,2024-08-14,CUST0080,Consumer,South,Standing Desk,Furniture,14999,1,,14999,14999.0,9299.38,5699.62
104374,2024-08-14,CUST0336,Consumer,South,Whiteboard,Stationery,1499,1,0.0,1499,1499.0,674.55,824.45
104375,2024-08-15,CUST0126,Consumer,West,Mechanical Keyboard,Electronics,2499,2,0.0,4998,4998.0,3398.64,1599.36
104376,2024-08-15,CUST0102,Small Business,Central,Backpack,Accessories,1799,2,5.0,3598,3418.1,1978.9,1439.2
104377,2024-08-15,CUST0385,Small Business,Central,Standing Desk,Furniture,14999,1,5.0,14999,14249.05,9299.38,4949.67
104378,2024-08-15,CUST0025,Consumer,North,Mechanical Keyboard,Electronics,2499,1,0.0,2499,2499.0,1699.32,799.68
104379,2024-08-15,CUST0108,Corporate,East,27in Monitor,Electronics,12999,1,0.0,12999,12999.0,8839.32,4159.68
104380,2024-08-15,CUST0380,Consumer,North,Wall Clock,Home Decor,749,1,15.0,749,636.65,374.5,262.15
104381,2024-08-16,CUST0166,Corporate,North,Water Bottle,Accessories,349,4,0.0,1396,1396.0,767.8,628.2
104382,2024-08-16,CUST0295,Consumer,Central,Whiteboard,Stationery,1499,1,0.0,1499,1499.0,674.55,824.45
104383,2024-08-16,CUST0159,Consumer,North,USB-C Hub,Electronics,1299,1,0.0,1299,1299.0,883.32,415.68
104384,2024-08-16,CUST0298,Consumer,West,Bluetooth Speaker,Electronics,1999,1,0.0,1999,1999.0,1359.32,639.68
104385,2024-08-16,CUST0228,Consumer,North,Office Chair,Furniture,6499,1,0.0,6499,6499.0,4029.38,2469.62
104386,2024-08-17,CUST0396,Enterprise,South,USB-C Hub,Electronics,1299,1,0.0,1299,1299.0,883.32,415.68
104387,2024-08-17,CUST0045,Consumer,South,Table Lamp,Furniture,899,2,20.0,1798,1438.4,1114.76,323.64
104388,2024-08-17,CUST0059,Consumer,Central,Sticky Notes Pack,Stationery,99,1,0.0,99,99.0,44.55,54.45
104389,2024-08-17,CUST0183,Corporate,Central,Mechanical Keyboard,Electronics,2499,1,0.0,2499,2499.0,1699.32,799.68
104390,2024-08-17,CUST0267,Small Business,Central,Wall Clock,Home Decor,749,1,5.0,749,711.55,374.5,337.05
104391,2024-08-17,CUST0094,Small Business,North,Photo Frame Set,Home Decor,549,1,,549,549.0,274.5,274.5
104392,2024-08-17,CUST0306,Enterprise,West,Standing Desk,Furniture,14999,1,0.0,14999,14999.0,9299.38,5699.62
104393,2024-08-17,CUST0285,Small Business,North,Wall Clock,Home Decor,749,1,0.0,749,749.0,374.5,374.5
104394,2024-08-17,CUST0073,Consumer,East,Wall Clock,Home Decor,749,1,0.0,749,749.0,374.5,374.5
104395,2024-08-17,CUST0203,Consumer,South,Water Bottle,Accessories,349,2,5.0,698,663.1,383.9,279.2
104396,2024-08-17,CUST0280,Corporate,South,27in Monitor,Electronics,12999,1,5.0,12999,12349.05,8839.32,3509.73
104397,2024-08-17,CUST0292,Consumer,North,Water Bottle,Accessories,349,2,0.0,698,698.0,383.9,314.1
104398,2024-08-18,CUST0171,Small Business,North,Whiteboard,Stationery,1499,1,15.0,1499,1274.15,674.55,599.6
104399,2024-08-18,CUST0084,Consumer,West,Mechanical Keyboard,Electronics,2499,2,5.0,4998,4748.1,3398.64,1349.46
104400,2024-08-18,CUST0271,Corporate,Central,Mechanical Keyboard,Electronics,2499,1,0.0,2499,2499.0,1699.32,799.68
104401,2024-08-18,CUST0261,Small Business,South,USB-C Hub,Electronics,1299,1,5.0,1299,1234.05,883.32,350.73
104402,2024-08-18,CUST0141,Enterprise,Central,Wall Clock,Home Decor,749,1,0.0,749,749.0,374.5,374.5
104403,2024-08-18,CUST0031,Small Business,North,Notebook Set,Stationery,199,1,15.0,199,169.15,89.55,79.6
104404,2024-08-19,CUST0035,Enterprise,South,Sticky Notes Pack,Stationery,99,1,15.0,99,84.15,44.55,39.6
104405,2024-08-19,CUST0285,Small Business,North,Water Bottle,Accessories,349,1,10.0,349,314.1,191.95,122.15
104406,2024-08-19,CUST0284,Consumer,South,USB-C Hub,Electronics,1299,1,0.0,1299,1299.0,883.32,415.68
104407,2024-08-19,CUST0336,Consumer,South,Office Chair,Furniture,6499,1,0.0,6499,6499.0,4029.38,2469.62
104408,2024-08-19,CUST0074,Corporate,South,Table Lamp,Furniture,899,1,10.0,899,809.1,557.38,251.72
104409,2024-08-19,CUST0236,Small Business,West,Table Lamp,Furniture,899,1,0.0,899,899.0,557.38,341.62
104410,2024-08-19,CUST0132,Consumer,West,Wireless Mouse,Electronics,599,3,0.0,1797,1797.0,1221.96,575.04
104411,2024-08-20,CUST0344,Consumer,Central,Wireless Mouse,Electronics,599,1,0.0,599,599.0,407.32,191.68
104412,2024-08-20,CUST0334,Consumer,West,Table Lamp,Furniture,899,4,10.0,3596,3236.4,2229.52,1006.88
104413,2024-08-20,CUST0309,Corporate,South,Sticky Notes Pack,Stationery,99,3,0.0,297,297.0,133.65,163.35
104414,2024-08-20,CUST0088,Small Business,East,Table Lamp,Furniture,899,1,0.0,899,899.0,557.38,341.62
104415,2024-08-20,CUST0253,Corporate,East,Notebook Set,Stationery,199,1,0.0,199,199.0,89.55,109.45
104416,2024-08-20,CUST0013,Corporate,North,Table Lamp,Furniture,899,1,0.0,899,899.0,557.38,341.62
104417,2024-08-20,CUST0329,Consumer,Central,Water Bottle,Accessories,349,1,20.0,349,279.2,191.95,87.25
104418,2024-08-20,CUST0071,Corporate,Central,Wall Clock,Home Decor,749,2,10.0,1498,1348.2,749.0,599.2
104419,2024-08-20,CUST0228,Consumer,North,Office Chair,Furniture,6499,2,5.0,12998,12348.1,8058.76,4289.34
104420,2024-08-20,CUST0387,Consumer,East,Photo Frame Set,Home Decor,549,1,20.0,549,439.2,274.5,164.7
104421,2024-08-21,CUST0287,Consumer,East,Bluetooth Speaker,Electronics,1999,1,0.0,1999,1999.0,1359.32,639.68
104422,2024-08-21,CUST0188,Small Business,East,Wall Clock,Home Decor,749,1,20.0,749,599.2,374.5,224.7
104423,2024-08-21,CUST0049,Small Business,Central,Standing Desk,Furniture,14999,1,5.0,14999,14249.05,9299.38,4949.67
104424,2024-08-22,CUST0121,Corporate,South,Notebook Set,Stationery,199,2,5.0,398,378.1,179.1,199.0
104425,2024-08-22,CUST0161,Consumer,South,Bookshelf,Furniture,3499,4,0.0,13996,13996.0,8677.52,5318.48
104426,2024-08-22,CUST0118,Consumer,North,Table Lamp,Furniture,899,1,0.0,899,899.0,557.38,341.62
104427,2024-08-22,CUST0171,Small Business,North,Mechanical Keyboard,Electronics,2499,1,0.0,2499,2499.0,1699.32,799.68
104428,2024-08-22,CUST0149,Consumer,South,Water Bottle,Accessories,349,2,20.0,698,558.4,383.9,174.5
104429,2024-08-22,CUST0347,Small Business,North,Water Bottle,Accessories,349,4,0.0,1396,1396.0,767.8,628.2
104430,2024-08-22,CUST0106,Consumer,Central,Sticky Notes Pack,Stationery,99,4,20.0,396,316.8,178.2,138.6
104431,2024-08-22,CUST0262,Enterprise,Central,Bookshelf,Furniture,3499,3,0.0,10497,10497.0,6508.14,3988.86
104432,2024-08-22,CUST0285,Small Business,North,Standing Desk,Furniture,14999,1,15.0,14999,12749.15,9299.38,3449.77
104433,2024-08-22,CUST0085,Consumer,Central,Notebook Set,Stationery,199,1,0.0,199,199.0,89.55,109.45
104434,2024-08-22,CUST0200,Corporate,West,Backpack,Accessories,1799,1,5.0,1799,1709.05,989.45,719.6
104435,2024-08-22,CUST0286,Consumer,North,27in Monitor,Electronics,12999,1,0.0,12999,12999.0,8839.32,4159.68
104436,2024-08-23,CUST0240,Consumer,North,Bookshelf,Furniture,3499,1,15.0,3499,2974.15,2169.38,804.77
104437,2024-08-23,CUST0015,Consumer,West,Bluetooth Speaker,Electronics,1999,1,0.0,1999,1999.0,1359.32,639.68
104438,2024-08-23,CUST0002,Enterprise,North,Whiteboard,Stationery,1499,1,0.0,1499,1499.0,674.55,824.45
104439,2024-08-23,CUST0324,Consumer,North,Backpack,Accessories,1799,2,0.0,3598,3598.0,1978.9,1619.1
104440,2024-08-23,CUST0353,Small Business,East,Standing Desk,Furniture,14999,1,0.0,14999,14999.0,9299.38,5699.62
104441,2024-08-24,CUST0380,Consumer,North,Bookshelf,Furniture,3499,1,0.0,3499,3499.0,2169.38,1329.62
104442,2024-08-24,CUST0109,Consumer,East,Sticky Notes Pack,Stationery,99,2,0.0,198,198.0,89.1,108.9
104443,2024-08-24,CUST0316,Small Business,North,USB-C Hub,Electronics,1299,1,0.0,1299,1299.0,883.32,415.68
104444,2024-08-24,CUST0107,Consumer,West,USB-C Hub,Electronics,1299,1,0.0,1299,1299.0,883.32,415.68
104445,2024-08-24,CUST0357,Consumer,South,Table Lamp,Furniture,899,2,0.0,1798,1798.0,1114.76,683.24
104446,2024-08-24,CUST0342,Consumer,East,Office Chair,Furniture,6499,1,15.0,6499,5524.15,4029.38,1494.77
104447,2024-08-24,CUST0321,Small Business,North,27in Monitor,Electronics,12999,1,15.0,12999,11049.15,8839.32,2209.83
104448,2024-08-25,CUST0194,Small Business,Central,Table Lamp,Furniture,899,1,0.0,899,899.0,557.38,341.62
104449,2024-08-25,CUST0058,Consumer,Central,Backpack,Accessories,1799,1,5.0,1799,1709.05,989.45,719.6
104450,2024-08-25,CUST0291,Consumer,West,Wireless Mouse,Electronics,599,1,0.0,599,599.0,407.32,191.68
104451,2024-08-25,CUST0379,Corporate,West,USB-C Hub,Electronics,1299,1,0.0,1299,1299.0,883.32,415.68
104452,2024-08-25,CUST0381,Consumer,South,Photo Frame Set,Home Decor,549,1,0.0,549,549.0,274.5,274.5
104453,2024-08-25,CUST0059,Consumer,Central,Backpack,Accessories,1799,1,0.0,1799,1799.0,989.45,809.55
104454,2024-08-25,CUST0342,Consumer,East,Whiteboard,Stationery,1499,2,0.0,2998,2998.0,1349.1,1648.9
104455,2024-08-25,CUST0017,Consumer,West,Wall Clock,Home Decor,749,2,0.0,1498,1498.0,749.0,749.0
104456,2024-08-25,CUST0053,Enterprise,South,Bluetooth Speaker,Electronics,1999,2,10.0,3998,3598.2,2718.64,879.56
104457,2024-08-25,CUST0233,Small Business,North,USB-C Hub,Electronics,1299,2,0.0,2598,2598.0,1766.64,831.36
104458,2024-08-26,CUST0263,Consumer,South,Wireless Mouse,Electronics,599,1,0.0,599,599.0,407.32,191.68
104459,2024-08-26,CUST0080,Consumer,South,Standing Desk,Furniture,14999,2,0.0,29998,29998.0,18598.76,11399.24
104460,2024-08-26,CUST0168,Consumer,East,Mechanical Keyboard,Electronics,2499,1,0.0,2499,2499.0,1699.32,799.68
104461,2024-08-26,CUST0199,Corporate,South,Wall Clock,Home Decor,749,2,10.0,1498,1348.2,749.0,599.2
104462,2024-08-26,CUST0379,Corporate,West,Sticky Notes Pack,Stationery,99,1,10.0,99,89.1,44.55,44.55
104463,2024-08-26,CUST0321,Small Business,North,Notebook Set,Stationery,199,1,0.0,199,199.0,89.55,109.45
104464,2024-08-26,CUST0087,Small Business,North,Wall Clock,Home Decor,749,1,0.0,749,749.0,374.5,374.5
104465,2024-08-27,CUST0193,Corporate,East,Table Lamp,Furniture,899,2,0.0,1798,1798.0,1114.76,683.24
104466,2024-08-27,CUST0173,Small Business,North,Notebook Set,Stationery,199,1,0.0,199,199.0,89.55,109.45
104467,2024-08-27,CUST0319,Consumer,West,Mechanical Keyboard,Electronics,2499,1,0.0,2499,2499.0,1699.32,799.68
104468,2024-08-27,CUST0229,Corporate,North,Table Lamp,Furniture,899,2,5.0,1798,1708.1,1114.76,593.34
104469,2024-08-27,CUST0352,Corporate,North,Wireless Mouse,Electronics,599,2,0.0,1198,1198.0,814.64,383.36
104470,2024-08-27,CUST0131,Consumer,South,Table Lamp,Furniture,899,1,20.0,899,719.2,557.38,161.82
104471,2024-08-28,CUST0220,Corporate,South,Sticky Notes Pack,Stationery,99,1,10.0,99,89.1,44.55,44.55
104472,2024-08-28,CUST0025,Consumer,North,Mechanical Keyboard,Electronics,2499,1,15.0,2499,2124.15,1699.32,424.83
104473,2024-08-28,CUST0149,Consumer,South,Sticky Notes Pack,Stationery,99,1,0.0,99,99.0,44.55,54.45
104474,2024-08-29,CUST0312,Consumer,North,Backpack,Accessories,1799,2,0.0,3598,3598.0,1978.9,1619.1
104475,2024-08-29,CUST0296,Small Business,West,Mechanical Keyboard,Electronics,2499,1,0.0,2499,2499.0,1699.32,799.68
104476,2024-08-29,CUST0287,Consumer,East,Water Bottle,Accessories,349,1,0.0,349,349.0,191.95,157.05
104477,2024-08-29,CUST0181,Consumer,East,Office Chair,Furniture,6499,1,0.0,6499,6499.0,4029.38,2469.62
104478,2024-08-29,CUST0378,Consumer,North,Backpack,Accessories,1799,2,5.0,3598,3418.1,1978.9,1439.2
104479,2024-08-29,CUST0172,Consumer,South,27in Monitor,Electronics,12999,1,0.0,12999,12999.0,8839.32,4159.68
104480,2024-08-29,CUST0277,Corporate,South,Sticky Notes Pack,Stationery,99,1,5.0,99,94.05,44.55,49.5
104481,2024-08-29,CUST0248,Enterprise,East,Bluetooth Speaker,Electronics,1999,3,0.0,5997,5997.0,4077.96,1919.04
104482,2024-08-29,CUST0158,Corporate,Central,27in Monitor,Electronics,12999,4,0.0,51996,51996.0,35357.28,16638.72
104483,2024-08-30,CUST0371,Consumer,Central,Bluetooth Speaker,Electronics,1999,1,0.0,1999,1999.0,1359.32,639.68
104484,2024-08-30,CUST0387,Consumer,East,Water Bottle,Accessories,349,1,0.0,349,349.0,191.95,157.05
104485,2024-08-30,CUST0109,Consumer,East,Notebook Set,Stationery,199,1,0.0,199,199.0,89.55,109.45
104486,2024-08-31,CUST0035,Enterprise,South,Sticky Notes Pack,Stationery,99,1,20.0,99,79.2,44.55,34.65
104487,2024-08-31,CUST0111,Consumer,North,27in Monitor,Electronics,12999,1,0.0,12999,12999.0,8839.32,4159.68
104488,2024-08-31,CUST0026,Corporate,West,Standing Desk,Furniture,14999,2,0.0,29998,29998.0,18598.76,11399.24
104489,2024-08-31,CUST0367,Enterprise,South,USB-C Hub,Electronics,1299,1,5.0,1299,1234.05,883.32,350.73
104490,2024-08-31,CUST0056,Corporate,South,Notebook Set,Stationery,199,2,0.0,398,398.0,179.1,218.9
104491,2024-08-31,CUST0129,Consumer,South,27in Monitor,Electronics,12999,1,5.0,12999,12349.05,8839.32,3509.73
104492,2024-08-31,CUST0174,Consumer,East,27in Monitor,Electronics,12999,1,0.0,12999,12999.0,8839.32,4159.68
104493,2024-09-01,CUST0046,Small Business,South,USB-C Hub,Electronics,1299,1,0.0,1299,1299.0,883.32,415.68
104494,2024-09-01,CUST0159,Consumer,North,Whiteboard,Stationery,1499,2,15.0,2998,2548.3,1349.1,1199.2
104495,2024-09-01,CUST0015,Consumer,West,Wall Clock,Home Decor,749,2,5.0,1498,1423.1,749.0,674.1
104496,2024-09-02,CUST0361,Consumer,West,Wall Clock,Home Decor,749,1,20.0,749,599.2,374.5,224.7
104497,2024-09-02,CUST0165,Consumer,South,Water Bottle,Accessories,349,2,5.0,698,663.1,383.9,279.2
104498,2024-09-03,CUST0139,Consumer,North,Backpack,Accessories,1799,1,5.0,1799,1709.05,989.45,719.6
104499,2024-09-03,CUST0323,Small Business,West,Whiteboard,Stationery,1499,1,0.0,1499,1499.0,674.55,824.45
104500,2024-09-03,CUST0262,Enterprise,Central,Mechanical Keyboard,Electronics,2499,1,5.0,2499,2374.05,1699.32,674.73
104501,2024-09-03,CUST0261,Small Business,South,Wireless Mouse,Electronics,599,1,0.0,599,599.0,407.32,191.68
104502,2024-09-03,CUST0169,Consumer,North,Notebook Set,Stationery,199,1,0.0,199,199.0,89.55,109.45
104503,2024-09-04,CUST0137,Small Business,East,Office Chair,Furniture,6499,4,0.0,25996,25996.0,16117.52,9878.48
104504,2024-09-04,CUST0117,Corporate,East,Sticky Notes Pack,Stationery,99,1,0.0,99,99.0,44.55,54.45
104505,2024-09-04,CUST0382,Small Business,Central,Notebook Set,Stationery,199,4,10.0,796,716.4,358.2,358.2
104506,2024-09-04,CUST0258,Small Business,East,Bookshelf,Furniture,3499,1,0.0,3499,3499.0,2169.38,1329.62
104507,2024-09-04,CUST0247,Consumer,Central,Mechanical Keyboard,Electronics,2499,1,0.0,2499,2499.0,1699.32,799.68
104508,2024-09-04,CUST0400,Corporate,North,Whiteboard,Stationery,1499,1,10.0,1499,1349.1,674.55,674.55
104509,2024-09-04,CUST0395,Consumer,Central,Mechanical Keyboard,Electronics,2499,1,0.0,2499,2499.0,1699.32,799.68
104510,2024-09-04,CUST0250,Corporate,East,USB-C Hub,Electronics,1299,1,0.0,1299,1299.0,883.32,415.68
104511,2024-09-05,CUST0308,Consumer,South,Bluetooth Speaker,Electronics,1999,2,0.0,3998,3998.0,2718.64,1279.36
104512,2024-09-05,CUST0076,Small Business,East,Wireless Mouse,Electronics,599,1,0.0,599,599.0,407.32,191.68
104513,2024-09-05,CUST0147,Small Business,East,Mechanical Keyboard,Electronics,2499,1,5.0,2499,2374.05,1699.32,674.73
104514,2024-09-05,CUST0038,Consumer,East,Bluetooth Speaker,Electronics,1999,1,0.0,1999,1999.0,1359.32,639.68
104515,2024-09-05,CUST0246,Corporate,South,Bluetooth Speaker,Electronics,1999,1,0.0,1999,1999.0,1359.32,639.68
104516,2024-09-05,CUST0129,Consumer,South,27in Monitor,Electronics,12999,1,0.0,12999,12999.0,8839.32,4159.68
104517,2024-09-05,CUST0167,Consumer,East,Wireless Mouse,Electronics,599,1,0.0,599,599.0,407.32,191.68
104518,2024-09-06,CUST0281,Corporate,Central,Bluetooth Speaker,Electronics,1999,3,0.0,5997,5997.0,4077.96,1919.04
104519,2024-09-06,CUST0012,Enterprise,Central,Table Lamp,Furniture,899,1,5.0,899,854.05,557.38,296.67
104520,2024-09-06,CUST0082,Small Business,South,Standing Desk,Furniture,14999,1,0.0,14999,14999.0,9299.38,5699.62
104521,2024-09-06,CUST0199,Corporate,South,Notebook Set,Stationery,199,1,20.0,199,159.2,89.55,69.65
104522,2024-09-06,CUST0078,Consumer,Central,Mechanical Keyboard,Electronics,2499,1,10.0,2499,2249.1,1699.32,549.78
104523,2024-09-06,CUST0197,Small Business,North,Water Bottle,Accessories,349,1,0.0,349,349.0,191.95,157.05
104524,2024-09-06,CUST0100,Consumer,Central,Mechanical Keyboard,Electronics,2499,1,0.0,2499,2499.0,1699.32,799.68
104525,2024-09-07,CUST0352,Corporate,North,Mechanical Keyboard,Electronics,2499,1,0.0,2499,2499.0,1699.32,799.68
104526,2024-09-07,CUST0309,Corporate,South,USB-C Hub,Electronics,1299,2,0.0,2598,2598.0,1766.64,831.36
104527,2024-09-07,CUST0128,Corporate,South,Photo Frame Set,Home Decor,549,2,5.0,1098,1043.1,549.0,494.1
104528,2024-09-07,CUST0017,Consumer,West,Whiteboard,Stationery,1499,1,0.0,1499,1499.0,674.55,824.45
104529,2024-09-08,CUST0160,Small Business,North,Photo Frame Set,Home Decor,549,1,10.0,549,494.1,274.5,219.6
104530,2024-09-08,CUST0380,Consumer,North,Bookshelf,Furniture,3499,1,0.0,3499,3499.0,2169.38,1329.62
104531,2024-09-08,CUST0281,Corporate,Central,Photo Frame Set,Home Decor,549,1,20.0,549,439.2,274.5,164.7
104532,2024-09-08,CUST0097,Small Business,South,Standing Desk,Furniture,14999,1,0.0,14999,14999.0,9299.38,5699.62
104533,2024-09-08,CUST0121,Corporate,South,Bluetooth Speaker,Electronics,1999,1,0.0,1999,1999.0,1359.32,639.68
104534,2024-09-08,CUST0318,Consumer,South,Sticky Notes Pack,Stationery,99,1,0.0,99,99.0,44.55,54.45
104535,2024-09-08,CUST0194,Small Business,Central,Notebook Set,Stationery,199,4,10.0,796,716.4,358.2,358.2
104536,2024-09-09,CUST0066,Small Business,Central,Bluetooth Speaker,Electronics,1999,1,10.0,1999,1799.1,1359.32,439.78
104537,2024-09-09,CUST0154,Consumer,South,Photo Frame Set,Home Decor,549,1,20.0,549,439.2,274.5,164.7
104538,2024-09-09,CUST0159,Consumer,North,Bookshelf,Furniture,3499,1,0.0,3499,3499.0,2169.38,1329.62
104539,2024-09-09,CUST0075,Small Business,South,Wall Clock,Home Decor,749,1,0.0,749,749.0,374.5,374.5
104540,2024-09-10,CUST0022,Consumer,Central,Wireless Mouse,Electronics,599,1,0.0,599,599.0,407.32,191.68
104541,2024-09-10,CUST0008,Corporate,East,27in Monitor,Electronics,12999,2,0.0,25998,25998.0,17678.64,8319.36
104542,2024-09-10,CUST0289,Consumer,North,Sticky Notes Pack,Stationery,99,1,0.0,99,99.0,44.55,54.45
104543,2024-09-11,CUST0281,Corporate,Central,Photo Frame Set,Home Decor,549,2,0.0,1098,1098.0,549.0,549.0
104544,2024-09-11,CUST0297,Corporate,South,Water Bottle,Accessories,349,1,0.0,349,349.0,191.95,157.05
104545,2024-09-11,CUST0287,Consumer,East,Table Lamp,Furniture,899,1,0.0,899,899.0,557.38,341.62
104546,2024-09-11,CUST0152,Consumer,North,Bluetooth Speaker,Electronics,1999,4,10.0,7996,7196.4,5437.28,1759.12
104547,2024-09-11,CUST0165,Consumer,South,Wall Clock,Home Decor,749,1,0.0,749,749.0,374.5,374.5
104548,2024-09-11,CUST0063,Corporate,West,USB-C Hub,Electronics,1299,3,0.0,3897,3897.0,2649.96,1247.04
104549,2024-09-12,CUST0263,Consumer,South,Water Bottle,Accessories,349,2,0.0,698,698.0,383.9,314.1
104550,2024-09-12,CUST0256,Small Business,North,27in Monitor,Electronics,12999,3,0.0,38997,38997.0,26517.96,12479.04
104551,2024-09-12,CUST0251,Consumer,East,Bookshelf,Furniture,3499,1,0.0,3499,3499.0,2169.38,1329.62
104552,2024-09-12,CUST0120,Small Business,West,Standing Desk,Furniture,14999,2,0.0,29998,29998.0,18598.76,11399.24
104553,2024-09-12,CUST0353,Small Business,East,Backpack,Accessories,1799,2,0.0,3598,3598.0,1978.9,1619.1
104554,2024-09-12,CUST0315,Corporate,South,Wall Clock,Home Decor,749,1,0.0,749,749.0,374.5,374.5
104555,2024-09-12,CUST0157,Small Business,Central,USB-C Hub,Electronics,1299,1,0.0,1299,1299.0,883.32,415.68
104556,2024-09-12,CUST0253,Corporate,East,Wall Clock,Home Decor,749,1,0.0,749,749.0,374.5,374.5
104557,2024-09-13,CUST0111,Consumer,North,Mechanical Keyboard,Electronics,2499,3,5.0,7497,7122.15,5097.96,2024.19
104558,2024-09-13,CUST0331,Consumer,West,27in Monitor,Electronics,12999,3,0.0,38997,38997.0,26517.96,12479.04
104559,2024-09-14,CUST0143,Consumer,Central,Wireless Mouse,Electronics,599,1,0.0,599,599.0,407.32,191.68
104560,2024-09-14,CUST0331,Consumer,West,USB-C Hub,Electronics,1299,2,0.0,2598,2598.0,1766.64,831.36
104561,2024-09-14,CUST0018,Small Business,West,Mechanical Keyboard,Electronics,2499,1,15.0,2499,2124.15,1699.32,424.83
104562,2024-09-14,CUST0350,Small Business,West,USB-C Hub,Electronics,1299,4,5.0,5196,4936.2,3533.28,1402.92
104563,2024-09-14,CUST0210,Consumer,Central,Whiteboard,Stationery,1499,2,0.0,2998,2998.0,1349.1,1648.9
104564,2024-09-14,CUST0187,Corporate,South,Water Bottle,Accessories,349,1,0.0,349,349.0,191.95,157.05
104565,2024-09-14,CUST0044,Corporate,North,Table Lamp,Furniture,899,2,0.0,1798,1798.0,1114.76,683.24
104566,2024-09-14,CUST0062,Consumer,North,Backpack,Accessories,1799,2,0.0,3598,3598.0,1978.9,1619.1
104567,2024-09-14,CUST0321,Small Business,North,Office Chair,Furniture,6499,1,0.0,6499,6499.0,4029.38,2469.62
104568,2024-09-14,CUST0036,Corporate,South,Table Lamp,Furniture,899,1,0.0,899,899.0,557.38,341.62
104569,2024-09-15,CUST0205,Small Business,East,Wireless Mouse,Electronics,599,1,0.0,599,599.0,407.32,191.68
104570,2024-09-15,CUST0196,Consumer,West,Whiteboard,Stationery,1499,1,0.0,1499,1499.0,674.55,824.45
104571,2024-09-15,CUST0282,Consumer,East,Table Lamp,Furniture,899,1,15.0,899,764.15,557.38,206.77
104572,2024-09-15,CUST0168,Consumer,East,Backpack,Accessories,1799,1,10.0,1799,1619.1,989.45,629.65
104573,2024-09-15,CUST0111,Consumer,North,Photo Frame Set,Home Decor,549,2,15.0,1098,933.3,549.0,384.3
104574,2024-09-15,CUST0399,Corporate,Central,Bluetooth Speaker,Electronics,1999,2,0.0,3998,3998.0,2718.64,1279.36
104575,2024-09-15,CUST0282,Consumer,East,Whiteboard,Stationery,1499,2,15.0,2998,2548.3,1349.1,1199.2
104576,2024-09-15,CUST0337,Corporate,North,Notebook Set,Stationery,199,1,0.0,199,199.0,89.55,109.45
104577,2024-09-16,CUST0365,Enterprise,South,Table Lamp,Furniture,899,1,0.0,899,899.0,557.38,341.62
104578,2024-09-16,CUST0066,Small Business,Central,Sticky Notes Pack,Stationery,99,1,15.0,99,84.15,44.55,39.6
104579,2024-09-16,CUST0265,Corporate,East,Wireless Mouse,Electronics,599,1,0.0,599,599.0,407.32,191.68
104580,2024-09-16,CUST0113,Corporate,North,Wireless Mouse,Electronics,599,2,10.0,1198,1078.2,814.64,263.56
104581,2024-09-16,CUST0011,Consumer,West,Bookshelf,Furniture,3499,1,0.0,3499,3499.0,2169.38,1329.62
104582,2024-09-17,CUST0071,Corporate,Central,Notebook Set,Stationery,199,1,0.0,199,199.0,89.55,109.45
104583,2024-09-17,CUST0126,Consumer,West,27in Monitor,Electronics,12999,1,10.0,12999,11699.1,8839.32,2859.78
104584,2024-09-17,CUST0200,Corporate,West,Standing Desk,Furniture,14999,2,5.0,29998,28498.1,18598.76,9899.34
104585,2024-09-17,CUST0292,Consumer,North,USB-C Hub,Electronics,1299,1,0.0,1299,1299.0,883.32,415.68
104586,2024-09-18,CUST0334,Consumer,West,Table Lamp,Furniture,899,1,5.0,899,854.05,557.38,296.67
104587,2024-09-18,CUST0124,Consumer,Central,Bookshelf,Furniture,3499,1,10.0,3499,3149.1,2169.38,979.72
104588,2024-09-18,CUST0051,Enterprise,South,Wireless Mouse,Electronics,599,2,0.0,1198,1198.0,814.64,383.36
104589,2024-09-18,CUST0150,Consumer,East,Wireless Mouse,Electronics,599,1,20.0,599,479.2,407.32,71.88
104590,2024-09-18,CUST0396,Enterprise,South,Water Bottle,Accessories,349,1,20.0,349,279.2,191.95,87.25
104591,2024-09-18,CUST0388,Consumer,North,Mechanical Keyboard,Electronics,2499,2,0.0,4998,4998.0,3398.64,1599.36
104592,2024-09-19,CUST0398,Consumer,North,Photo Frame Set,Home Decor,549,1,0.0,549,549.0,274.5,274.5
104593,2024-09-19,CUST0361,Consumer,West,Wall Clock,Home Decor,749,2,0.0,1498,1498.0,749.0,749.0
104594,2024-09-19,CUST0034,Enterprise,South,Office Chair,Furniture,6499,1,15.0,6499,5524.15,4029.38,1494.77
104595,2024-09-19,CUST0087,Small Business,North,Backpack,Accessories,1799,3,10.0,5397,4857.3,2968.35,1888.95
104596,2024-09-19,CUST0339,Consumer,West,Wall Clock,Home Decor,749,1,0.0,749,749.0,374.5,374.5
104597,2024-09-19,CUST0392,Consumer,South,Table Lamp,Furniture,899,1,0.0,899,899.0,557.38,341.62
104598,2024-09-19,CUST0231,Corporate,South,Bookshelf,Furniture,3499,1,0.0,3499,3499.0,2169.38,1329.62
104599,2024-09-20,CUST0310,Consumer,East,Wireless Mouse,Electronics,599,2,0.0,1198,1198.0,814.64,383.36
104600,2024-09-20,CUST0306,Enterprise,West,Wireless Mouse,Electronics,599,1,0.0,599,599.0,407.32,191.68
104601,2024-09-20,CUST0169,Consumer,North,Table Lamp,Furniture,899,1,5.0,899,854.05,557.38,296.67
104602,2024-09-20,CUST0132,Consumer,West,Standing Desk,Furniture,14999,2,20.0,29998,23998.4,18598.76,5399.64
104603,2024-09-20,CUST0084,Consumer,West,Wireless Mouse,Electronics,599,1,10.0,599,539.1,407.32,131.78
104604,2024-09-20,CUST0201,Small Business,South,USB-C Hub,Electronics,1299,4,5.0,5196,4936.2,3533.28,1402.92
104605,2024-09-20,CUST0021,Small Business,Central,Wall Clock,Home Decor,749,2,0.0,1498,1498.0,749.0,749.0
104606,2024-09-21,CUST0322,Small Business,Central,Whiteboard,Stationery,1499,2,0.0,2998,2998.0,1349.1,1648.9
104607,2024-09-21,CUST0261,Small Business,South,Bookshelf,Furniture,3499,1,0.0,3499,3499.0,2169.38,1329.62
104608,2024-09-21,CUST0328,Small Business,North,Water Bottle,Accessories,349,1,5.0,349,331.55,191.95,139.6
104609,2024-09-21,CUST0353,Small Business,East,Table Lamp,Furniture,899,3,5.0,2697,2562.15,1672.14,890.01
104610,2024-09-21,CUST0335,Consumer,East,Office Chair,Furniture,6499,1,0.0,6499,6499.0,4029.38,2469.62
104611,2024-09-21,CUST0144,Consumer,West,Backpack,Accessories,1799,1,0.0,1799,1799.0,989.45,809.55
104612,2024-09-21,CUST0260,Consumer,Central,Standing Desk,Furniture,14999,3,15.0,44997,38247.45,27898.14,10349.31
104613,2024-09-22,CUST0057,Consumer,Central,USB-C Hub,Electronics,1299,2,0.0,2598,2598.0,1766.64,831.36
104614,2024-09-22,CUST0163,Small Business,East,Office Chair,Furniture,6499,1,0.0,6499,6499.0,4029.38,2469.62
104615,2024-09-22,CUST0166,Corporate,North,Table Lamp,Furniture,899,1,10.0,899,809.1,557.38,251.72
104616,2024-09-22,CUST0281,Corporate,Central,Table Lamp,Furniture,899,2,20.0,1798,1438.4,1114.76,323.64
104617,2024-09-23,CUST0291,Consumer,West,Bookshelf,Furniture,3499,2,15.0,6998,5948.3,4338.76,1609.54
104618,2024-09-23,CUST0340,Consumer,South,Notebook Set,Stationery,199,1,15.0,199,169.15,89.55,79.6
104619,2024-09-23,CUST0150,Consumer,East,Bookshelf,Furniture,3499,2,0.0,6998,6998.0,4338.76,2659.24
104620,2024-09-23,CUST0093,Corporate,North,Wall Clock,Home Decor,749,1,0.0,749,749.0,374.5,374.5
104621,2024-09-23,CUST0060,Consumer,East,Bookshelf,Furniture,3499,3,10.0,10497,9447.3,6508.14,2939.16
104622,2024-09-24,CUST0247,Consumer,Central,Mechanical Keyboard,Electronics,2499,1,0.0,2499,2499.0,1699.32,799.68
104623,2024-09-24,CUST0365,Enterprise,South,Mechanical Keyboard,Electronics,2499,1,0.0,2499,2499.0,1699.32,799.68
104624,2024-09-24,CUST0211,Small Business,East,Bluetooth Speaker,Electronics,1999,1,0.0,1999,1999.0,1359.32,639.68
104625,2024-09-24,CUST0252,Consumer,North,Whiteboard,Stationery,1499,1,0.0,1499,1499.0,674.55,824.45
104626,2024-09-24,CUST0190,Consumer,Central,Mechanical Keyboard,Electronics,2499,1,0.0,2499,2499.0,1699.32,799.68
104627,2024-09-24,CUST0063,Corporate,West,Water Bottle,Accessories,349,1,5.0,349,331.55,191.95,139.6
104628,2024-09-24,CUST0213,Small Business,North,Wireless Mouse,Electronics,599,1,0.0,599,599.0,407.32,191.68
104629,2024-09-24,CUST0057,Consumer,Central,Mechanical Keyboard,Electronics,2499,1,10.0,2499,2249.1,1699.32,549.78
104630,2024-09-24,CUST0214,Consumer,Central,Standing Desk,Furniture,14999,1,0.0,14999,14999.0,9299.38,5699.62
104631,2024-09-24,CUST0274,Corporate,Central,Water Bottle,Accessories,349,1,0.0,349,349.0,191.95,157.05
104632,2024-09-24,CUST0072,Consumer,West,Mechanical Keyboard,Electronics,2499,1,0.0,2499,2499.0,1699.32,799.68
104633,2024-09-24,CUST0022,Consumer,Central,Mechanical Keyboard,Electronics,2499,1,15.0,2499,2124.15,1699.32,424.83
104634,2024-09-24,CUST0333,Consumer,North,Sticky Notes Pack,Stationery,99,1,0.0,99,99.0,44.55,54.45
104635,2024-09-25,CUST0384,Corporate,West,Standing Desk,Furniture,14999,1,0.0,14999,14999.0,9299.38,5699.62
104636,2024-09-25,CUST0379,Corporate,West,Standing Desk,Furniture,14999,2,5.0,29998,28498.1,18598.76,9899.34
104637,2024-09-25,CUST0289,Consumer,North,Notebook Set,Stationery,199,4,15.0,796,676.6,358.2,318.4
104638,2024-09-26,CUST0103,Consumer,Central,Mechanical Keyboard,Electronics,2499,1,0.0,2499,2499.0,1699.32,799.68
104639,2024-09-26,CUST0247,Consumer,Central,Photo Frame Set,Home Decor,549,1,0.0,549,549.0,274.5,274.5
104640,2024-09-26,CUST0314,Enterprise,West,Office Chair,Furniture,6499,1,0.0,6499,6499.0,4029.38,2469.62
104641,2024-09-26,CUST0357,Consumer,South,Bookshelf,Furniture,3499,2,0.0,6998,6998.0,4338.76,2659.24
104642,2024-09-26,CUST0360,Small Business,East,Standing Desk,Furniture,14999,1,5.0,14999,14249.05,9299.38,4949.67
104643,2024-09-26,CUST0022,Consumer,Central,Wireless Mouse,Electronics,599,2,0.0,1198,1198.0,814.64,383.36
104644,2024-09-26,CUST0224,Consumer,East,Sticky Notes Pack,Stationery,99,1,10.0,99,89.1,44.55,44.55
104645,2024-09-26,CUST0191,Consumer,North,Notebook Set,Stationery,199,1,0.0,199,199.0,89.55,109.45
104646,2024-09-26,CUST0011,Consumer,West,Photo Frame Set,Home Decor,549,2,0.0,1098,1098.0,549.0,549.0
104647,2024-09-26,CUST0303,Small Business,East,27in Monitor,Electronics,12999,1,0.0,12999,12999.0,8839.32,4159.68
104648,2024-09-27,CUST0243,Corporate,Central,Bluetooth Speaker,Electronics,1999,1,0.0,1999,1999.0,1359.32,639.68
104649,2024-09-27,CUST0089,Corporate,Central,Table Lamp,Furniture,899,1,0.0,899,899.0,557.38,341.62
104650,2024-09-27,CUST0228,Consumer,North,27in Monitor,Electronics,12999,2,0.0,25998,25998.0,17678.64,8319.36
104651,2024-09-27,CUST0125,Consumer,South,Bluetooth Speaker,Electronics,1999,2,0.0,3998,3998.0,2718.64,1279.36
104652,2024-09-28,CUST0384,Corporate,West,Standing Desk,Furniture,14999,1,0.0,14999,14999.0,9299.38,5699.62
104653,2024-09-28,CUST0074,Corporate,South,Water Bottle,Accessories,349,1,10.0,349,314.1,191.95,122.15
104654,2024-09-28,CUST0120,Small Business,West,Whiteboard,Stationery,1499,1,0.0,1499,1499.0,674.55,824.45
104655,2024-09-28,CUST0378,Consumer,North,Backpack,Accessories,1799,1,0.0,1799,1799.0,989.45,809.55
104656,2024-09-28,CUST0027,Consumer,East,Backpack,Accessories,1799,2,10.0,3598,3238.2,1978.9,1259.3
104657,2024-09-28,CUST0149,Consumer,South,Table Lamp,Furniture,899,1,10.0,899,809.1,557.38,251.72
104658,2024-09-28,CUST0085,Consumer,Central,Sticky Notes Pack,Stationery,99,2,0.0,198,198.0,89.1,108.9
104659,2024-09-28,CUST0024,Consumer,West,27in Monitor,Electronics,12999,1,0.0,12999,12999.0,8839.32,4159.68
104660,2024-09-28,CUST0271,Corporate,Central,Wall Clock,Home Decor,749,2,0.0,1498,1498.0,749.0,749.0
104661,2024-09-28,CUST0031,Small Business,North,Photo Frame Set,Home Decor,549,1,5.0,549,521.55,274.5,247.05
104662,2024-09-28,CUST0300,Consumer,Central,Bookshelf,Furniture,3499,1,5.0,3499,3324.05,2169.38,1154.67
104663,2024-09-29,CUST0022,Consumer,Central,Photo Frame Set,Home Decor,549,2,5.0,1098,1043.1,549.0,494.1
104664,2024-09-29,CUST0257,Enterprise,East,Wall Clock,Home Decor,749,4,0.0,2996,2996.0,1498.0,1498.0
104665,2024-09-29,CUST0318,Consumer,South,27in Monitor,Electronics,12999,1,0.0,12999,12999.0,8839.32,4159.68
104666,2024-09-29,CUST0141,Enterprise,Central,Backpack,Accessories,1799,1,0.0,1799,1799.0,989.45,809.55
104667,2024-09-29,CUST0238,Consumer,North,Water Bottle,Accessories,349,1,0.0,349,349.0,191.95,157.05
104668,2024-09-29,CUST0183,Corporate,Central,Whiteboard,Stationery,1499,2,5.0,2998,2848.1,1349.1,1499.0
104669,2024-09-29,CUST0043,Consumer,West,Photo Frame Set,Home Decor,549,1,0.0,549,549.0,274.5,274.5
104670,2024-09-29,CUST0347,Small Business,North,USB-C Hub,Electronics,1299,1,0.0,1299,1299.0,883.32,415.68
104671,2024-09-30,CUST0345,Consumer,Central,Mechanical Keyboard,Electronics,2499,1,0.0,2499,2499.0,1699.32,799.68
104672,2024-09-30,CUST0371,Consumer,Central,USB-C Hub,Electronics,1299,3,10.0,3897,3507.3,2649.96,857.34
104673,2024-09-30,CUST0262,Enterprise,Central,Bluetooth Speaker,Electronics,1999,1,0.0,1999,1999.0,1359.32,639.68
104674,2024-09-30,CUST0234,Consumer,Central,Office Chair,Furniture,6499,2,0.0,12998,12998.0,8058.76,4939.24
104675,2024-09-30,CUST0006,Consumer,Central,27in Monitor,Electronics,12999,1,0.0,12999,12999.0,8839.32,4159.68
104676,2024-10-01,CUST0117,Corporate,East,Notebook Set,Stationery,199,1,0.0,199,199.0,89.55,109.45
104677,2024-10-01,CUST0151,Corporate,Central,Backpack,Accessories,1799,1,0.0,1799,1799.0,989.45,809.55
104678,2024-10-01,CUST0095,Corporate,North,Mechanical Keyboard,Electronics,2499,1,15.0,2499,2124.15,1699.32,424.83
104679,2024-10-01,CUST0356,Small Business,West,Whiteboard,Stationery,1499,1,0.0,1499,1499.0,674.55,824.45
104680,2024-10-01,CUST0074,Corporate,South,Wall Clock,Home Decor,749,1,0.0,749,749.0,374.5,374.5
104681,2024-10-01,CUST0369,Consumer,Central,Whiteboard,Stationery,1499,1,0.0,1499,1499.0,674.55,824.45
104682,2024-10-01,CUST0278,Small Business,South,USB-C Hub,Electronics,1299,1,0.0,1299,1299.0,883.32,415.68
104683,2024-10-01,CUST0270,Consumer,South,Bookshelf,Furniture,3499,2,10.0,6998,6298.2,4338.76,1959.44
104684,2024-10-01,CUST0016,Consumer,North,Wall Clock,Home Decor,749,2,0.0,1498,1498.0,749.0,749.0
104685,2024-10-01,CUST0261,Small Business,South,Backpack,Accessories,1799,1,15.0,1799,1529.15,989.45,539.7
104686,2024-10-01,CUST0360,Small Business,East,Bookshelf,Furniture,3499,1,0.0,3499,3499.0,2169.38,1329.62
104687,2024-10-02,CUST0268,Small Business,South,Notebook Set,Stationery,199,2,0.0,398,398.0,179.1,218.9
104688,2024-10-02,CUST0033,Consumer,Central,USB-C Hub,Electronics,1299,1,0.0,1299,1299.0,883.32,415.68
104689,2024-10-02,CUST0351,Small Business,East,Sticky Notes Pack,Stationery,99,2,0.0,198,198.0,89.1,108.9
104690,2024-10-02,CUST0358,Small Business,West,Notebook Set,Stationery,199,1,0.0,199,199.0,89.55,109.45
104691,2024-10-02,CUST0058,Consumer,Central,27in Monitor,Electronics,12999,1,0.0,12999,12999.0,8839.32,4159.68
104692,2024-10-02,CUST0036,Corporate,South,USB-C Hub,Electronics,1299,1,0.0,1299,1299.0,883.32,415.68
104693,2024-10-02,CUST0400,Corporate,North,Bookshelf,Furniture,3499,2,5.0,6998,6648.1,4338.76,2309.34
104694,2024-10-02,CUST0129,Consumer,South,Bookshelf,Furniture,3499,1,0.0,3499,3499.0,2169.38,1329.62
104695,2024-10-02,CUST0331,Consumer,West,27in Monitor,Electronics,12999,2,0.0,25998,25998.0,17678.64,8319.36
104696,2024-10-02,CUST0227,Enterprise,West,Mechanical Keyboard,Electronics,2499,1,5.0,2499,2374.05,1699.32,674.73
104697,2024-10-02,CUST0201,Small Business,South,Wall Clock,Home Decor,749,1,0.0,749,749.0,374.5,374.5
104698,2024-10-02,CUST0270,Consumer,South,Sticky Notes Pack,Stationery,99,2,5.0,198,188.1,89.1,99.0
104699,2024-10-02,CUST0066,Small Business,Central,Bookshelf,Furniture,3499,1,10.0,3499,3149.1,2169.38,979.72
104700,2024-10-02,CUST0072,Consumer,West,Bluetooth Speaker,Electronics,1999,2,0.0,3998,3998.0,2718.64,1279.36
104701,2024-10-02,CUST0190,Consumer,Central,Notebook Set,Stationery,199,1,0.0,199,199.0,89.55,109.45
104702,2024-10-02,CUST0070,Enterprise,East,Office Chair,Furniture,6499,2,0.0,12998,12998.0,8058.76,4939.24
104703,2024-10-03,CUST0316,Small Business,North,Sticky Notes Pack,Stationery,99,2,10.0,198,178.2,89.1,89.1
104704,2024-10-03,CUST0080,Consumer,South,Photo Frame Set,Home Decor,549,2,10.0,1098,988.2,549.0,439.2
104705,2024-10-03,CUST0221,Small Business,South,Bookshelf,Furniture,3499,2,5.0,6998,6648.1,4338.76,2309.34
104706,2024-10-03,CUST0221,Small Business,South,Standing Desk,Furniture,14999,1,0.0,14999,14999.0,9299.38,5699.62
104707,2024-10-03,CUST0172,Consumer,South,Office Chair,Furniture,6499,1,15.0,6499,5524.15,4029.38,1494.77
104708,2024-10-03,CUST0032,Consumer,Central,Wireless Mouse,Electronics,599,1,20.0,599,479.2,407.32,71.88
104709,2024-10-03,CUST0272,Corporate,Central,Photo Frame Set,Home Decor,549,1,0.0,549,549.0,274.5,274.5
104710,2024-10-03,CUST0310,Consumer,East,Backpack,Accessories,1799,1,0.0,1799,1799.0,989.45,809.55
104711,2024-10-03,CUST0013,Corporate,North,Table Lamp,Furniture,899,4,5.0,3596,3416.2,2229.52,1186.68
104712,2024-10-03,CUST0384,Corporate,West,Photo Frame Set,Home Decor,549,2,0.0,1098,1098.0,549.0,549.0
104713,2024-10-03,CUST0115,Small Business,North,Photo Frame Set,Home Decor,549,1,0.0,549,549.0,274.5,274.5
104714,2024-10-03,CUST0206,Consumer,South,Whiteboard,Stationery,1499,1,5.0,1499,1424.05,674.55,749.5
104715,2024-10-04,CUST0178,Consumer,North,Sticky Notes Pack,Stationery,99,2,10.0,198,178.2,89.1,89.1
104716,2024-10-04,CUST0118,Consumer,North,Bookshelf,Furniture,3499,1,0.0,3499,3499.0,2169.38,1329.62
104717,2024-10-04,CUST0154,Consumer,South,Photo Frame Set,Home Decor,549,2,0.0,1098,1098.0,549.0,549.0
104718,2024-10-04,CUST0107,Consumer,West,Bookshelf,Furniture,3499,2,5.0,6998,6648.1,4338.76,2309.34
104719,2024-10-04,CUST0007,Consumer,East,Wireless Mouse,Electronics,599,1,0.0,599,599.0,407.32,191.68
104720,2024-10-04,CUST0007,Consumer,East,Backpack,Accessories,1799,1,5.0,1799,1709.05,989.45,719.6
104721,2024-10-04,CUST0078,Consumer,Central,Table Lamp,Furniture,899,4,5.0,3596,3416.2,2229.52,1186.68
104722,2024-10-04,CUST0314,Enterprise,West,Wall Clock,Home Decor,749,1,0.0,749,749.0,374.5,374.5
104723,2024-10-04,CUST0147,Small Business,East,USB-C Hub,Electronics,1299,2,0.0,2598,2598.0,1766.64,831.36
104724,2024-10-04,CUST0233,Small Business,North,Sticky Notes Pack,Stationery,99,1,0.0,99,99.0,44.55,54.45
104725,2024-10-04,CUST0353,Small Business,East,27in Monitor,Electronics,12999,1,0.0,12999,12999.0,8839.32,4159.68
104726,2024-10-04,CUST0140,Enterprise,North,USB-C Hub,Electronics,1299,1,5.0,1299,1234.05,883.32,350.73
104727,2024-10-05,CUST0237,Consumer,South,Bookshelf,Furniture,3499,1,5.0,3499,3324.05,2169.38,1154.67
104728,2024-10-05,CUST0239,Small Business,South,Table Lamp,Furniture,899,1,5.0,899,854.05,557.38,296.67
104729,2024-10-05,CUST0010,Small Business,West,Whiteboard,Stationery,1499,2,0.0,2998,2998.0,1349.1,1648.9
104730,2024-10-05,CUST0101,Consumer,Central,Whiteboard,Stationery,1499,2,0.0,2998,2998.0,1349.1,1648.9
104731,2024-10-05,CUST0276,Small Business,West,USB-C Hub,Electronics,1299,1,5.0,1299,1234.05,883.32,350.73
104732,2024-10-05,CUST0221,Small Business,South,Photo Frame Set,Home Decor,549,1,15.0,549,466.65,274.5,192.15
104733,2024-10-05,CUST0246,Corporate,South,Wall Clock,Home Decor,749,1,10.0,749,674.1,374.5,299.6
104734,2024-10-05,CUST0021,Small Business,Central,Wireless Mouse,Electronics,599,3,5.0,1797,1707.15,1221.96,485.19
104735,2024-10-05,CUST0216,Consumer,South,Whiteboard,Stationery,1499,1,0.0,1499,1499.0,674.55,824.45
104736,2024-10-05,CUST0358,Small Business,West,Photo Frame Set,Home Decor,549,1,0.0,549,549.0,274.5,274.5
104737,2024-10-05,CUST0342,Consumer,East,Mechanical Keyboard,Electronics,2499,2,0.0,4998,4998.0,3398.64,1599.36
104738,2024-10-05,CUST0065,Consumer,North,Wireless Mouse,Electronics,599,1,0.0,599,599.0,407.32,191.68
104739,2024-10-06,CUST0242,Enterprise,West,Wall Clock,Home Decor,749,1,0.0,749,749.0,374.5,374.5
104740,2024-10-06,CUST0356,Small Business,West,Sticky Notes Pack,Stationery,99,2,15.0,198,168.3,89.1,79.2
104741,2024-10-06,CUST0324,Consumer,North,Wireless Mouse,Electronics,599,3,15.0,1797,1527.45,1221.96,305.49
104742,2024-10-06,CUST0207,Consumer,West,Table Lamp,Furniture,899,2,5.0,1798,1708.1,1114.76,593.34
104743,2024-10-06,CUST0027,Consumer,East,Whiteboard,Stationery,1499,1,0.0,1499,1499.0,674.55,824.45
104744,2024-10-06,CUST0234,Consumer,Central,Table Lamp,Furniture,899,1,10.0,899,809.1,557.38,251.72
104745,2024-10-06,CUST0155,Enterprise,South,Backpack,Accessories,1799,1,10.0,1799,1619.1,989.45,629.65
104746,2024-10-06,CUST0329,Consumer,Central,Office Chair,Furniture,6499,1,5.0,6499,6174.05,4029.38,2144.67
104747,2024-10-06,CUST0253,Corporate,East,Wall Clock,Home Decor,749,1,0.0,749,749.0,374.5,374.5
104748,2024-10-06,CUST0243,Corporate,Central,Photo Frame Set,Home Decor,549,1,0.0,549,549.0,274.5,274.5
104749,2024-10-07,CUST0296,Small Business,West,Office Chair,Furniture,6499,1,0.0,6499,6499.0,4029.38,2469.62
104750,2024-10-07,CUST0151,Corporate,Central,Standing Desk,Furniture,14999,1,0.0,14999,14999.0,9299.38,5699.62
104751,2024-10-07,CUST0058,Consumer,Central,Bluetooth Speaker,Electronics,1999,1,0.0,1999,1999.0,1359.32,639.68
104752,2024-10-07,CUST0362,Small Business,North,Wireless Mouse,Electronics,599,1,0.0,599,599.0,407.32,191.68
104753,2024-10-07,CUST0026,Corporate,West,Wireless Mouse,Electronics,599,1,0.0,599,599.0,407.32,191.68
104754,2024-10-07,CUST0071,Corporate,Central,Bluetooth Speaker,Electronics,1999,1,0.0,1999,1999.0,1359.32,639.68
104755,2024-10-07,CUST0388,Consumer,North,Table Lamp,Furniture,899,1,15.0,899,764.15,557.38,206.77
104756,2024-10-07,CUST0364,Small Business,North,Bluetooth Speaker,Electronics,1999,1,10.0,1999,1799.1,1359.32,439.78
104757,2024-10-07,CUST0065,Consumer,North,Office Chair,Furniture,6499,1,0.0,6499,6499.0,4029.38,2469.62
104758,2024-10-07,CUST0220,Corporate,South,Table Lamp,Furniture,899,2,20.0,1798,1438.4,1114.76,323.64
104759,2024-10-08,CUST0062,Consumer,North,Office Chair,Furniture,6499,1,0.0,6499,6499.0,4029.38,2469.62
104760,2024-10-08,CUST0239,Small Business,South,Standing Desk,Furniture,14999,1,0.0,14999,14999.0,9299.38,5699.62
104761,2024-10-08,CUST0126,Consumer,West,USB-C Hub,Electronics,1299,1,0.0,1299,1299.0,883.32,415.68
104762,2024-10-08,CUST0197,Small Business,North,Standing Desk,Furniture,14999,3,0.0,44997,44997.0,27898.14,17098.86
104763,2024-10-08,CUST0135,Enterprise,North,Office Chair,Furniture,6499,1,0.0,6499,6499.0,4029.38,2469.62
104764,2024-10-08,CUST0234,Consumer,Central,27in Monitor,Electronics,12999,1,20.0,12999,10399.2,8839.32,1559.88
104765,2024-10-08,CUST0243,Corporate,Central,Water Bottle,Accessories,349,1,0.0,349,349.0,191.95,157.05
104766,2024-10-08,CUST0156,Consumer,East,Office Chair,Furniture,6499,1,0.0,6499,6499.0,4029.38,2469.62
104767,2024-10-08,CUST0171,Small Business,North,Backpack,Accessories,1799,1,5.0,1799,1709.05,989.45,719.6
104768,2024-10-09,CUST0126,Consumer,West,Office Chair,Furniture,6499,2,5.0,12998,12348.1,8058.76,4289.34
104769,2024-10-09,CUST0271,Corporate,Central,Bookshelf,Furniture,3499,2,15.0,6998,5948.3,4338.76,1609.54
104770,2024-10-09,CUST0223,Consumer,South,Table Lamp,Furniture,899,1,0.0,899,899.0,557.38,341.62
104771,2024-10-09,CUST0369,Consumer,Central,Table Lamp,Furniture,899,2,0.0,1798,1798.0,1114.76,683.24
104772,2024-10-09,CUST0065,Consumer,North,Backpack,Accessories,1799,2,0.0,3598,3598.0,1978.9,1619.1
104773,2024-10-09,CUST0287,Consumer,East,27in Monitor,Electronics,12999,1,15.0,12999,11049.15,8839.32,2209.83
104774,2024-10-09,CUST0009,Small Business,North,27in Monitor,Electronics,12999,1,0.0,12999,12999.0,8839.32,4159.68
104775,2024-10-09,CUST0312,Consumer,North,27in Monitor,Electronics,12999,1,0.0,12999,12999.0,8839.32,4159.68
104776,2024-10-10,CUST0105,Corporate,West,Wall Clock,Home Decor,749,1,15.0,749,636.65,374.5,262.15
104777,2024-10-10,CUST0062,Consumer,North,Standing Desk,Furniture,14999,1,0.0,14999,14999.0,9299.38,5699.62
104778,2024-10-10,CUST0317,Consumer,North,Backpack,Accessories,1799,1,0.0,1799,1799.0,989.45,809.55
104779,2024-10-10,CUST0194,Small Business,Central,USB-C Hub,Electronics,1299,1,15.0,1299,1104.15,883.32,220.83
104780,2024-10-10,CUST0389,Corporate,South,Standing Desk,Furniture,14999,1,0.0,14999,14999.0,9299.38,5699.62
104781,2024-10-10,CUST0313,Consumer,Central,Photo Frame Set,Home Decor,549,2,15.0,1098,933.3,549.0,384.3
104782,2024-10-10,CUST0022,Consumer,Central,Table Lamp,Furniture,899,1,0.0,899,899.0,557.38,341.62
104783,2024-10-10,CUST0343,Consumer,East,Mechanical Keyboard,Electronics,2499,2,0.0,4998,4998.0,3398.64,1599.36
104784,2024-10-10,CUST0358,Small Business,West,Mechanical Keyboard,Electronics,2499,1,0.0,2499,2499.0,1699.32,799.68
104785,2024-10-10,CUST0292,Consumer,North,Photo Frame Set,Home Decor,549,1,0.0,549,549.0,274.5,274.5
104786,2024-10-10,CUST0171,Small Business,North,Office Chair,Furniture,6499,1,0.0,6499,6499.0,4029.38,2469.62
104787,2024-10-11,CUST0376,Consumer,North,Sticky Notes Pack,Stationery,99,1,0.0,99,99.0,44.55,54.45
104788,2024-10-11,CUST0220,Corporate,South,Notebook Set,Stationery,199,1,10.0,199,179.1,89.55,89.55
104789,2024-10-11,CUST0271,Corporate,Central,Whiteboard,Stationery,1499,1,15.0,1499,1274.15,674.55,599.6
104790,2024-10-11,CUST0117,Corporate,East,Photo Frame Set,Home Decor,549,1,10.0,549,494.1,274.5,219.6
104791,2024-10-12,CUST0347,Small Business,North,Bookshelf,Furniture,3499,1,0.0,3499,3499.0,2169.38,1329.62
104792,2024-10-12,CUST0315,Corporate,South,Wireless Mouse,Electronics,599,2,0.0,1198,1198.0,814.64,383.36
104793,2024-10-12,CUST0034,Enterprise,South,Bluetooth Speaker,Electronics,1999,1,0.0,1999,1999.0,1359.32,639.68
104794,2024-10-12,CUST0341,Consumer,South,Wall Clock,Home Decor,749,1,20.0,749,599.2,374.5,224.7
104795,2024-10-12,CUST0365,Enterprise,South,Water Bottle,Accessories,349,3,10.0,1047,942.3,575.85,366.45
104796,2024-10-12,CUST0258,Small Business,East,Wall Clock,Home Decor,749,1,0.0,749,749.0,374.5,374.5
104797,2024-10-12,CUST0052,Corporate,North,Wall Clock,Home Decor,749,1,20.0,749,599.2,374.5,224.7
104798,2024-10-13,CUST0327,Small Business,East,Bookshelf,Furniture,3499,1,10.0,3499,3149.1,2169.38,979.72
104799,2024-10-13,CUST0300,Consumer,Central,Mechanical Keyboard,Electronics,2499,1,0.0,2499,2499.0,1699.32,799.68
104800,2024-10-13,CUST0352,Corporate,North,27in Monitor,Electronics,12999,3,0.0,38997,38997.0,26517.96,12479.04
104801,2024-10-13,CUST0125,Consumer,South,Backpack,Accessories,1799,2,10.0,3598,3238.2,1978.9,1259.3
104802,2024-10-13,CUST0137,Small Business,East,Office Chair,Furniture,6499,1,5.0,6499,6174.05,4029.38,2144.67
104803,2024-10-13,CUST0306,Enterprise,West,Sticky Notes Pack,Stationery,99,1,0.0,99,99.0,44.55,54.45
104804,2024-10-13,CUST0037,Consumer,Central,Mechanical Keyboard,Electronics,2499,3,0.0,7497,7497.0,5097.96,2399.04
104805,2024-10-13,CUST0368,Corporate,East,Photo Frame Set,Home Decor,549,1,0.0,549,549.0,274.5,274.5
104806,2024-10-13,CUST0054,Corporate,East,Water Bottle,Accessories,349,2,0.0,698,698.0,383.9,314.1
104807,2024-10-13,CUST0058,Consumer,Central,Standing Desk,Furniture,14999,3,0.0,44997,44997.0,27898.14,17098.86
104808,2024-10-13,CUST0127,Corporate,West,Bookshelf,Furniture,3499,1,0.0,3499,3499.0,2169.38,1329.62
104809,2024-10-13,CUST0030,Consumer,Central,Photo Frame Set,Home Decor,549,1,0.0,549,549.0,274.5,274.5
104810,2024-10-13,CUST0081,Corporate,West,Standing Desk,Furniture,14999,1,0.0,14999,14999.0,9299.38,5699.62
104811,2024-10-13,CUST0102,Small Business,Central,Sticky Notes Pack,Stationery,99,2,10.0,198,178.2,89.1,89.1
104812,2024-10-13,CUST0110,Consumer,West,Photo Frame Set,Home Decor,549,3,0.0,1647,1647.0,823.5,823.5
104813,2024-10-13,CUST0272,Corporate,Central,Wall Clock,Home Decor,749,1,5.0,749,711.55,374.5,337.05
104814,2024-10-13,CUST0345,Consumer,Central,Water Bottle,Accessories,349,1,0.0,349,349.0,191.95,157.05
104815,2024-10-13,CUST0067,Consumer,West,Sticky Notes Pack,Stationery,99,1,0.0,99,99.0,44.55,54.45
104816,2024-10-14,CUST0108,Corporate,East,27in Monitor,Electronics,12999,1,0.0,12999,12999.0,8839.32,4159.68
104817,2024-10-14,CUST0162,Small Business,North,27in Monitor,Electronics,12999,1,0.0,12999,12999.0,8839.32,4159.68
104818,2024-10-14,CUST0224,Consumer,East,27in Monitor,Electronics,12999,1,15.0,12999,11049.15,8839.32,2209.83
104819,2024-10-14,CUST0389,Corporate,South,Table Lamp,Furniture,899,1,0.0,899,899.0,557.38,341.62
104820,2024-10-14,CUST0054,Corporate,East,Table Lamp,Furniture,899,2,10.0,1798,1618.2,1114.76,503.44
104821,2024-10-14,CUST0151,Corporate,Central,Sticky Notes Pack,Stationery,99,4,15.0,396,336.6,178.2,158.4
104822,2024-10-14,CUST0119,Corporate,East,Backpack,Accessories,1799,2,5.0,3598,3418.1,1978.9,1439.2
104823,2024-10-14,CUST0366,Consumer,East,Standing Desk,Furniture,14999,1,20.0,14999,11999.2,9299.38,2699.82
104824,2024-10-15,CUST0175,Small Business,North,Notebook Set,Stationery,199,1,15.0,199,169.15,89.55,79.6
104825,2024-10-15,CUST0302,Small Business,East,Notebook Set,Stationery,199,2,0.0,398,398.0,179.1,218.9
104826,2024-10-15,CUST0374,Small Business,East,Standing Desk,Furniture,14999,1,20.0,14999,11999.2,9299.38,2699.82
104827,2024-10-15,CUST0355,Consumer,Central,Table Lamp,Furniture,899,1,15.0,899,764.15,557.38,206.77
104828,2024-10-15,CUST0070,Enterprise,East,Water Bottle,Accessories,349,1,0.0,349,349.0,191.95,157.05
104829,2024-10-15,CUST0298,Consumer,West,USB-C Hub,Electronics,1299,2,0.0,2598,2598.0,1766.64,831.36
104830,2024-10-15,CUST0061,Consumer,Central,Table Lamp,Furniture,899,1,0.0,899,899.0,557.38,341.62
104831,2024-10-15,CUST0206,Consumer,South,Table Lamp,Furniture,899,1,10.0,899,809.1,557.38,251.72
104832,2024-10-15,CUST0126,Consumer,West,Bookshelf,Furniture,3499,1,0.0,3499,3499.0,2169.38,1329.62
104833,2024-10-15,CUST0289,Consumer,North,Water Bottle,Accessories,349,1,0.0,349,349.0,191.95,157.05
104834,2024-10-15,CUST0087,Small Business,North,Backpack,Accessories,1799,1,0.0,1799,1799.0,989.45,809.55
104835,2024-10-15,CUST0357,Consumer,South,Photo Frame Set,Home Decor,549,2,0.0,1098,1098.0,549.0,549.0
104836,2024-10-15,CUST0215,Small Business,Central,Notebook Set,Stationery,199,2,0.0,398,398.0,179.1,218.9
104837,2024-10-15,CUST0357,Consumer,South,Bluetooth Speaker,Electronics,1999,1,15.0,1999,1699.15,1359.32,339.83
104838,2024-10-16,CUST0360,Small Business,East,Sticky Notes Pack,Stationery,99,2,5.0,198,188.1,89.1,99.0
104839,2024-10-16,CUST0112,Consumer,South,Sticky Notes Pack,Stationery,99,1,0.0,99,99.0,44.55,54.45
104840,2024-10-16,CUST0332,Corporate,South,Standing Desk,Furniture,14999,2,0.0,29998,29998.0,18598.76,11399.24
104841,2024-10-16,CUST0149,Consumer,South,Office Chair,Furniture,6499,2,0.0,12998,12998.0,8058.76,4939.24
104842,2024-10-16,CUST0399,Corporate,Central,Bluetooth Speaker,Electronics,1999,1,20.0,1999,1599.2,1359.32,239.88
104843,2024-10-16,CUST0035,Enterprise,South,Standing Desk,Furniture,14999,2,0.0,29998,29998.0,18598.76,11399.24
104844,2024-10-16,CUST0376,Consumer,North,Mechanical Keyboard,Electronics,2499,1,20.0,2499,1999.2,1699.32,299.88
104845,2024-10-16,CUST0351,Small Business,East,Wireless Mouse,Electronics,599,1,10.0,599,539.1,407.32,131.78
104846,2024-10-16,CUST0193,Corporate,East,Whiteboard,Stationery,1499,4,0.0,5996,5996.0,2698.2,3297.8
104847,2024-10-16,CUST0298,Consumer,West,Office Chair,Furniture,6499,1,10.0,6499,5849.1,4029.38,1819.72
104848,2024-10-17,CUST0060,Consumer,East,Backpack,Accessories,1799,1,0.0,1799,1799.0,989.45,809.55
104849,2024-10-17,CUST0155,Enterprise,South,27in Monitor,Electronics,12999,1,0.0,12999,12999.0,8839.32,4159.68
104850,2024-10-17,CUST0122,Corporate,West,Wireless Mouse,Electronics,599,4,5.0,2396,2276.2,1629.28,646.92
104851,2024-10-17,CUST0320,Consumer,North,Notebook Set,Stationery,199,2,0.0,398,398.0,179.1,218.9
104852,2024-10-17,CUST0317,Consumer,North,Photo Frame Set,Home Decor,549,1,5.0,549,521.55,274.5,247.05
104853,2024-10-17,CUST0085,Consumer,Central,Bluetooth Speaker,Electronics,1999,1,10.0,1999,1799.1,1359.32,439.78
104854,2024-10-18,CUST0392,Consumer,South,Backpack,Accessories,1799,1,15.0,1799,1529.15,989.45,539.7
104855,2024-10-18,CUST0245,Consumer,Central,Wall Clock,Home Decor,749,1,0.0,749,749.0,374.5,374.5
104856,2024-10-18,CUST0293,Corporate,North,Bookshelf,Furniture,3499,1,0.0,3499,3499.0,2169.38,1329.62
104857,2024-10-18,CUST0055,Small Business,South,Wireless Mouse,Electronics,599,2,0.0,1198,1198.0,814.64,383.36
104858,2024-10-18,CUST0002,Enterprise,North,Sticky Notes Pack,Stationery,99,1,5.0,99,94.05,44.55,49.5
104859,2024-10-18,CUST0328,Small Business,North,Wall Clock,Home Decor,749,1,0.0,749,749.0,374.5,374.5
104860,2024-10-18,CUST0157,Small Business,Central,Sticky Notes Pack,Stationery,99,1,0.0,99,99.0,44.55,54.45
104861,2024-10-18,CUST0112,Consumer,South,Table Lamp,Furniture,899,1,5.0,899,854.05,557.38,296.67
104862,2024-10-18,CUST0073,Consumer,East,Water Bottle,Accessories,349,1,0.0,349,349.0,191.95,157.05
104863,2024-10-18,CUST0260,Consumer,Central,Wall Clock,Home Decor,749,1,0.0,749,749.0,374.5,374.5
104864,2024-10-18,CUST0149,Consumer,South,Whiteboard,Stationery,1499,1,0.0,1499,1499.0,674.55,824.45
104865,2024-10-18,CUST0182,Consumer,Central,Wall Clock,Home Decor,749,1,0.0,749,749.0,374.5,374.5
104866,2024-10-19,CUST0251,Consumer,East,Office Chair,Furniture,6499,1,5.0,6499,6174.05,4029.38,2144.67
104867,2024-10-19,CUST0319,Consumer,West,Bluetooth Speaker,Electronics,1999,1,0.0,1999,1999.0,1359.32,639.68
104868,2024-10-19,CUST0182,Consumer,Central,USB-C Hub,Electronics,1299,2,0.0,2598,2598.0,1766.64,831.36
104869,2024-10-19,CUST0132,Consumer,West,Whiteboard,Stationery,1499,1,0.0,1499,1499.0,674.55,824.45
104870,2024-10-19,CUST0186,Small Business,South,USB-C Hub,Electronics,1299,1,0.0,1299,1299.0,883.32,415.68
104871,2024-10-19,CUST0097,Small Business,South,Wireless Mouse,Electronics,599,1,5.0,599,569.05,407.32,161.73
104872,2024-10-19,CUST0300,Consumer,Central,Table Lamp,Furniture,899,1,0.0,899,899.0,557.38,341.62
104873,2024-10-19,CUST0247,Consumer,Central,Table Lamp,Furniture,899,1,0.0,899,899.0,557.38,341.62
104874,2024-10-19,CUST0309,Corporate,South,27in Monitor,Electronics,12999,1,10.0,12999,11699.1,8839.32,2859.78
104875,2024-10-19,CUST0322,Small Business,Central,USB-C Hub,Electronics,1299,1,0.0,1299,1299.0,883.32,415.68
104876,2024-10-19,CUST0257,Enterprise,East,Table Lamp,Furniture,899,1,0.0,899,899.0,557.38,341.62
104877,2024-10-19,CUST0271,Corporate,Central,Wall Clock,Home Decor,749,1,0.0,749,749.0,374.5,374.5
104878,2024-10-19,CUST0228,Consumer,North,Mechanical Keyboard,Electronics,2499,1,10.0,2499,2249.1,1699.32,549.78
104879,2024-10-19,CUST0145,Consumer,Central,Mechanical Keyboard,Electronics,2499,3,0.0,7497,7497.0,5097.96,2399.04
104880,2024-10-19,CUST0192,Corporate,North,Bluetooth Speaker,Electronics,1999,1,20.0,1999,1599.2,1359.32,239.88
104881,2024-10-19,CUST0078,Consumer,Central,Photo Frame Set,Home Decor,549,1,5.0,549,521.55,274.5,247.05
104882,2024-10-19,CUST0132,Consumer,West,Backpack,Accessories,1799,1,0.0,1799,1799.0,989.45,809.55
104883,2024-10-20,CUST0095,Corporate,North,USB-C Hub,Electronics,1299,1,0.0,1299,1299.0,883.32,415.68
104884,2024-10-20,CUST0045,Consumer,South,USB-C Hub,Electronics,1299,1,15.0,1299,1104.15,883.32,220.83
104885,2024-10-20,CUST0256,Small Business,North,Wall Clock,Home Decor,749,1,0.0,749,749.0,374.5,374.5
104886,2024-10-20,CUST0277,Corporate,South,Office Chair,Furniture,6499,2,0.0,12998,12998.0,8058.76,4939.24
104887,2024-10-20,CUST0073,Consumer,East,Wall Clock,Home Decor,749,2,5.0,1498,1423.1,749.0,674.1
104888,2024-10-20,CUST0283,Consumer,North,USB-C Hub,Electronics,1299,1,0.0,1299,1299.0,883.32,415.68
104889,2024-10-20,CUST0085,Consumer,Central,Office Chair,Furniture,6499,1,0.0,6499,6499.0,4029.38,2469.62
104890,2024-10-20,CUST0051,Enterprise,South,Table Lamp,Furniture,899,1,5.0,899,854.05,557.38,296.67
104891,2024-10-20,CUST0123,Consumer,West,Sticky Notes Pack,Stationery,99,1,0.0,99,99.0,44.55,54.45
104892,2024-10-20,CUST0216,Consumer,South,Water Bottle,Accessories,349,2,10.0,698,628.2,383.9,244.3
104893,2024-10-20,CUST0142,Consumer,West,Mechanical Keyboard,Electronics,2499,1,5.0,2499,2374.05,1699.32,674.73
104894,2024-10-20,CUST0094,Small Business,North,USB-C Hub,Electronics,1299,2,10.0,2598,2338.2,1766.64,571.56
104895,2024-10-20,CUST0239,Small Business,South,Water Bottle,Accessories,349,2,10.0,698,628.2,383.9,244.3
104896,2024-10-20,CUST0169,Consumer,North,Sticky Notes Pack,Stationery,99,1,0.0,99,99.0,44.55,54.45
104897,2024-10-20,CUST0206,Consumer,South,Backpack,Accessories,1799,1,0.0,1799,1799.0,989.45,809.55
104898,2024-10-20,CUST0304,Small Business,East,Notebook Set,Stationery,199,1,5.0,199,189.05,89.55,99.5
104899,2024-10-20,CUST0186,Small Business,South,Standing Desk,Furniture,14999,2,0.0,29998,29998.0,18598.76,11399.24
104900,2024-10-21,CUST0278,Small Business,South,27in Monitor,Electronics,12999,1,0.0,12999,12999.0,8839.32,4159.68
104901,2024-10-21,CUST0080,Consumer,South,Table Lamp,Furniture,899,1,20.0,899,719.2,557.38,161.82
104902,2024-10-21,CUST0034,Enterprise,South,Table Lamp,Furniture,899,2,5.0,1798,1708.1,1114.76,593.34
104903,2024-10-21,CUST0125,Consumer,South,Sticky Notes Pack,Stationery,99,1,0.0,99,99.0,44.55,54.45
104904,2024-10-21,CUST0069,Consumer,West,USB-C Hub,Electronics,1299,1,0.0,1299,1299.0,883.32,415.68
104905,2024-10-21,CUST0299,Small Business,South,Backpack,Accessories,1799,1,0.0,1799,1799.0,989.45,809.55
104906,2024-10-21,CUST0059,Consumer,Central,Sticky Notes Pack,Stationery,99,2,0.0,198,198.0,89.1,108.9
104907,2024-10-21,CUST0277,Corporate,South,USB-C Hub,Electronics,1299,1,0.0,1299,1299.0,883.32,415.68
104908,2024-10-21,CUST0342,Consumer,East,Bluetooth Speaker,Electronics,1999,1,0.0,1999,1999.0,1359.32,639.68
104909,2024-10-21,CUST0237,Consumer,South,Whiteboard,Stationery,1499,1,5.0,1499,1424.05,674.55,749.5
104910,2024-10-21,CUST0334,Consumer,West,Bluetooth Speaker,Electronics,1999,2,0.0,3998,3998.0,2718.64,1279.36
104911,2024-10-21,CUST0218,Small Business,East,Bookshelf,Furniture,3499,2,0.0,6998,6998.0,4338.76,2659.24
104912,2024-10-22,CUST0288,Small Business,Central,Table Lamp,Furniture,899,1,0.0,899,899.0,557.38,341.62
104913,2024-10-22,CUST0142,Consumer,West,Photo Frame Set,Home Decor,549,1,5.0,549,521.55,274.5,247.05
104914,2024-10-22,CUST0331,Consumer,West,Photo Frame Set,Home Decor,549,1,0.0,549,549.0,274.5,274.5
104915,2024-10-22,CUST0090,Consumer,West,27in Monitor,Electronics,12999,3,10.0,38997,35097.3,26517.96,8579.34
104916,2024-10-22,CUST0206,Consumer,South,Photo Frame Set,Home Decor,549,2,20.0,1098,878.4,549.0,329.4
104917,2024-10-22,CUST0394,Corporate,South,Mechanical Keyboard,Electronics,2499,1,5.0,2499,2374.05,1699.32,674.73
104918,2024-10-22,CUST0302,Small Business,East,Bookshelf,Furniture,3499,1,5.0,3499,3324.05,2169.38,1154.67
104919,2024-10-22,CUST0094,Small Business,North,Table Lamp,Furniture,899,1,0.0,899,899.0,557.38,341.62
104920,2024-10-23,CUST0367,Enterprise,South,Office Chair,Furniture,6499,1,0.0,6499,6499.0,4029.38,2469.62
104921,2024-10-23,CUST0270,Consumer,South,Bluetooth Speaker,Electronics,1999,1,0.0,1999,1999.0,1359.32,639.68
104922,2024-10-23,CUST0225,Consumer,East,Bluetooth Speaker,Electronics,1999,1,10.0,1999,1799.1,1359.32,439.78
104923,2024-10-23,CUST0156,Consumer,East,Standing Desk,Furniture,14999,1,10.0,14999,13499.1,9299.38,4199.72
104924,2024-10-23,CUST0172,Consumer,South,27in Monitor,Electronics,12999,1,5.0,12999,12349.05,8839.32,3509.73
104925,2024-10-23,CUST0160,Small Business,North,Bookshelf,Furniture,3499,1,0.0,3499,3499.0,2169.38,1329.62
104926,2024-10-23,CUST0090,Consumer,West,Notebook Set,Stationery,199,1,20.0,199,159.2,89.55,69.65
104927,2024-10-23,CUST0117,Corporate,East,Bookshelf,Furniture,3499,1,0.0,3499,3499.0,2169.38,1329.62
104928,2024-10-23,CUST0298,Consumer,West,Water Bottle,Accessories,349,2,5.0,698,663.1,383.9,279.2
104929,2024-10-23,CUST0006,Consumer,Central,27in Monitor,Electronics,12999,1,0.0,12999,12999.0,8839.32,4159.68
104930,2024-10-23,CUST0041,Consumer,East,Table Lamp,Furniture,899,1,0.0,899,899.0,557.38,341.62
104931,2024-10-23,CUST0057,Consumer,Central,Water Bottle,Accessories,349,1,15.0,349,296.65,191.95,104.7
104932,2024-10-23,CUST0353,Small Business,East,Office Chair,Furniture,6499,2,0.0,12998,12998.0,8058.76,4939.24
104933,2024-10-23,CUST0250,Corporate,East,27in Monitor,Electronics,12999,1,5.0,12999,12349.05,8839.32,3509.73
104934,2024-10-23,CUST0308,Consumer,South,Standing Desk,Furniture,14999,1,0.0,14999,14999.0,9299.38,5699.62
104935,2024-10-24,CUST0273,Corporate,North,Bluetooth Speaker,Electronics,1999,2,10.0,3998,3598.2,2718.64,879.56
104936,2024-10-24,CUST0256,Small Business,North,27in Monitor,Electronics,12999,1,0.0,12999,12999.0,8839.32,4159.68
104937,2024-10-24,CUST0087,Small Business,North,Water Bottle,Accessories,349,2,0.0,698,698.0,383.9,314.1
104938,2024-10-24,CUST0202,Consumer,South,Bookshelf,Furniture,3499,1,0.0,3499,3499.0,2169.38,1329.62
104939,2024-10-24,CUST0181,Consumer,East,Backpack,Accessories,1799,4,10.0,7196,6476.4,3957.8,2518.6
104940,2024-10-24,CUST0365,Enterprise,South,Sticky Notes Pack,Stationery,99,1,15.0,99,84.15,44.55,39.6
104941,2024-10-25,CUST0361,Consumer,West,27in Monitor,Electronics,12999,2,0.0,25998,25998.0,17678.64,8319.36
104942,2024-10-25,CUST0256,Small Business,North,Wall Clock,Home Decor,749,1,0.0,749,749.0,374.5,374.5
104943,2024-10-25,CUST0061,Consumer,Central,Notebook Set,Stationery,199,2,0.0,398,398.0,179.1,218.9
104944,2024-10-25,CUST0141,Enterprise,Central,Water Bottle,Accessories,349,1,0.0,349,349.0,191.95,157.05
104945,2024-10-25,CUST0004,Small Business,West,Wall Clock,Home Decor,749,2,0.0,1498,1498.0,749.0,749.0
104946,2024-10-26,CUST0123,Consumer,West,Photo Frame Set,Home Decor,549,1,10.0,549,494.1,274.5,219.6
104947,2024-10-26,CUST0304,Small Business,East,Water Bottle,Accessories,349,1,0.0,349,349.0,191.95,157.05
104948,2024-10-26,CUST0382,Small Business,Central,Table Lamp,Furniture,899,2,0.0,1798,1798.0,1114.76,683.24
104949,2024-10-26,CUST0270,Consumer,South,Bluetooth Speaker,Electronics,1999,1,0.0,1999,1999.0,1359.32,639.68
104950,2024-10-26,CUST0335,Consumer,East,Mechanical Keyboard,Electronics,2499,1,0.0,2499,2499.0,1699.32,799.68
104951,2024-10-26,CUST0115,Small Business,North,Mechanical Keyboard,Electronics,2499,1,0.0,2499,2499.0,1699.32,799.68
104952,2024-10-26,CUST0032,Consumer,Central,Wall Clock,Home Decor,749,2,0.0,1498,1498.0,749.0,749.0
104953,2024-10-26,CUST0305,Small Business,East,USB-C Hub,Electronics,1299,1,0.0,1299,1299.0,883.32,415.68
104954,2024-10-26,CUST0167,Consumer,East,Wireless Mouse,Electronics,599,1,10.0,599,539.1,407.32,131.78
104955,2024-10-26,CUST0273,Corporate,North,Water Bottle,Accessories,349,2,0.0,698,698.0,383.9,314.1
104956,2024-10-26,CUST0192,Corporate,North,Table Lamp,Furniture,899,2,0.0,1798,1798.0,1114.76,683.24
104957,2024-10-27,CUST0360,Small Business,East,Sticky Notes Pack,Stationery,99,1,20.0,99,79.2,44.55,34.65
104958,2024-10-27,CUST0083,Consumer,West,Mechanical Keyboard,Electronics,2499,1,0.0,2499,2499.0,1699.32,799.68
104959,2024-10-27,CUST0394,Corporate,South,Water Bottle,Accessories,349,1,0.0,349,349.0,191.95,157.05
104960,2024-10-27,CUST0065,Consumer,North,Wireless Mouse,Electronics,599,1,0.0,599,599.0,407.32,191.68
104961,2024-10-27,CUST0363,Consumer,East,Wireless Mouse,Electronics,599,3,10.0,1797,1617.3,1221.96,395.34
104962,2024-10-27,CUST0149,Consumer,South,Notebook Set,Stationery,199,1,15.0,199,169.15,89.55,79.6
104963,2024-10-27,CUST0204,Corporate,East,Water Bottle,Accessories,349,1,5.0,349,331.55,191.95,139.6
104964,2024-10-27,CUST0044,Corporate,North,Mechanical Keyboard,Electronics,2499,2,0.0,4998,4998.0,3398.64,1599.36
104965,2024-10-27,CUST0030,Consumer,Central,Bookshelf,Furniture,3499,1,0.0,3499,3499.0,2169.38,1329.62
104966,2024-10-27,CUST0287,Consumer,East,Table Lamp,Furniture,899,1,10.0,899,809.1,557.38,251.72
104967,2024-10-27,CUST0209,Consumer,West,Wireless Mouse,Electronics,599,1,0.0,599,599.0,407.32,191.68
104968,2024-10-27,CUST0388,Consumer,North,Wireless Mouse,Electronics,599,1,5.0,599,569.05,407.32,161.73
104969,2024-10-27,CUST0173,Small Business,North,Office Chair,Furniture,6499,1,10.0,6499,5849.1,4029.38,1819.72
104970,2024-10-27,CUST0169,Consumer,North,Wall Clock,Home Decor,749,1,0.0,749,749.0,374.5,374.5
104971,2024-10-27,CUST0312,Consumer,North,Table Lamp,Furniture,899,1,0.0,899,899.0,557.38,341.62
104972,2024-10-28,CUST0218,Small Business,East,Notebook Set,Stationery,199,2,0.0,398,398.0,179.1,218.9
104973,2024-10-28,CUST0298,Consumer,West,Standing Desk,Furniture,14999,1,0.0,14999,14999.0,9299.38,5699.62
104974,2024-10-28,CUST0085,Consumer,Central,Notebook Set,Stationery,199,2,0.0,398,398.0,179.1,218.9
104975,2024-10-28,CUST0161,Consumer,South,Bluetooth Speaker,Electronics,1999,1,0.0,1999,1999.0,1359.32,639.68
104976,2024-10-28,CUST0143,Consumer,Central,Sticky Notes Pack,Stationery,99,2,5.0,198,188.1,89.1,99.0
104977,2024-10-28,CUST0224,Consumer,East,USB-C Hub,Electronics,1299,2,0.0,2598,2598.0,1766.64,831.36
104978,2024-10-29,CUST0380,Consumer,North,Whiteboard,Stationery,1499,1,5.0,1499,1424.05,674.55,749.5
104979,2024-10-29,CUST0221,Small Business,South,27in Monitor,Electronics,12999,1,0.0,12999,12999.0,8839.32,4159.68
104980,2024-10-29,CUST0118,Consumer,North,USB-C Hub,Electronics,1299,1,0.0,1299,1299.0,883.32,415.68
104981,2024-10-29,CUST0209,Consumer,West,Standing Desk,Furniture,14999,1,10.0,14999,13499.1,9299.38,4199.72
104982,2024-10-29,CUST0338,Small Business,Central,Backpack,Accessories,1799,1,5.0,1799,1709.05,989.45,719.6
104983,2024-10-29,CUST0275,Small Business,North,USB-C Hub,Electronics,1299,1,0.0,1299,1299.0,883.32,415.68
104984,2024-10-29,CUST0157,Small Business,Central,Wall Clock,Home Decor,749,1,0.0,749,749.0,374.5,374.5
104985,2024-10-29,CUST0089,Corporate,Central,Wireless Mouse,Electronics,599,1,0.0,599,599.0,407.32,191.68
104986,2024-10-29,CUST0104,Small Business,East,Mechanical Keyboard,Electronics,2499,1,0.0,2499,2499.0,1699.32,799.68
104987,2024-10-29,CUST0274,Corporate,Central,Sticky Notes Pack,Stationery,99,1,0.0,99,99.0,44.55,54.45
104988,2024-10-29,CUST0115,Small Business,North,Sticky Notes Pack,Stationery,99,1,0.0,99,99.0,44.55,54.45
104989,2024-10-29,CUST0305,Small Business,East,Notebook Set,Stationery,199,1,5.0,199,189.05,89.55,99.5
104990,2024-10-29,CUST0400,Corporate,North,USB-C Hub,Electronics,1299,2,0.0,2598,2598.0,1766.64,831.36
104991,2024-10-30,CUST0249,Enterprise,East,Bluetooth Speaker,Electronics,1999,1,0.0,1999,1999.0,1359.32,639.68
104992,2024-10-30,CUST0132,Consumer,West,USB-C Hub,Electronics,1299,1,0.0,1299,1299.0,883.32,415.68
104993,2024-10-30,CUST0103,Consumer,Central,USB-C Hub,Electronics,1299,1,0.0,1299,1299.0,883.32,415.68
104994,2024-10-30,CUST0105,Corporate,West,Notebook Set,Stationery,199,1,0.0,199,199.0,89.55,109.45
104995,2024-10-30,CUST0153,Consumer,South,Water Bottle,Accessories,349,2,10.0,698,628.2,383.9,244.3
104996,2024-10-30,CUST0106,Consumer,Central,Wall Clock,Home Decor,749,2,10.0,1498,1348.2,749.0,599.2
104997,2024-10-30,CUST0285,Small Business,North,USB-C Hub,Electronics,1299,2,0.0,2598,2598.0,1766.64,831.36
104998,2024-10-30,CUST0305,Small Business,East,Water Bottle,Accessories,349,1,0.0,349,349.0,191.95,157.05
104999,2024-10-30,CUST0142,Consumer,West,USB-C Hub,Electronics,1299,1,20.0,1299,1039.2,883.32,155.88
105000,2024-10-30,CUST0399,Corporate,Central,Notebook Set,Stationery,199,1,0.0,199,199.0,89.55,109.45
105001,2024-10-30,CUST0125,Consumer,South,Bluetooth Speaker,Electronics,1999,4,10.0,7996,7196.4,5437.28,1759.12
105002,2024-10-30,CUST0334,Consumer,West,USB-C Hub,Electronics,1299,3,5.0,3897,3702.15,2649.96,1052.19
105003,2024-10-30,CUST0022,Consumer,Central,Mechanical Keyboard,Electronics,2499,1,0.0,2499,2499.0,1699.32,799.68
105004,2024-10-31,CUST0091,Consumer,North,27in Monitor,Electronics,12999,1,0.0,12999,12999.0,8839.32,4159.68
105005,2024-10-31,CUST0043,Consumer,West,Office Chair,Furniture,6499,1,10.0,6499,5849.1,4029.38,1819.72
105006,2024-10-31,CUST0364,Small Business,North,Photo Frame Set,Home Decor,549,1,0.0,549,549.0,274.5,274.5
105007,2024-10-31,CUST0209,Consumer,West,Table Lamp,Furniture,899,1,0.0,899,899.0,557.38,341.62
105008,2024-10-31,CUST0063,Corporate,West,Wall Clock,Home Decor,749,1,0.0,749,749.0,374.5,374.5
105009,2024-10-31,CUST0161,Consumer,South,Wall Clock,Home Decor,749,1,0.0,749,749.0,374.5,374.5
105010,2024-11-01,CUST0353,Small Business,East,Bookshelf,Furniture,3499,1,20.0,3499,2799.2,2169.38,629.82
105011,2024-11-01,CUST0061,Consumer,Central,Wall Clock,Home Decor,749,1,15.0,749,636.65,374.5,262.15
105012,2024-11-01,CUST0276,Small Business,West,Office Chair,Furniture,6499,1,0.0,6499,6499.0,4029.38,2469.62
105013,2024-11-01,CUST0042,Consumer,South,Wall Clock,Home Decor,749,2,0.0,1498,1498.0,749.0,749.0
105014,2024-11-01,CUST0385,Small Business,Central,Mechanical Keyboard,Electronics,2499,1,0.0,2499,2499.0,1699.32,799.68
105015,2024-11-01,CUST0383,Small Business,East,Bookshelf,Furniture,3499,1,0.0,3499,3499.0,2169.38,1329.62
105016,2024-11-02,CUST0392,Consumer,South,Sticky Notes Pack,Stationery,99,2,5.0,198,188.1,89.1,99.0
105017,2024-11-02,CUST0153,Consumer,South,Wall Clock,Home Decor,749,2,0.0,1498,1498.0,749.0,749.0
105018,2024-11-02,CUST0125,Consumer,South,Water Bottle,Accessories,349,1,0.0,349,349.0,191.95,157.05
105019,2024-11-02,CUST0165,Consumer,South,Sticky Notes Pack,Stationery,99,1,0.0,99,99.0,44.55,54.45
105020,2024-11-02,CUST0343,Consumer,East,USB-C Hub,Electronics,1299,1,0.0,1299,1299.0,883.32,415.68
105021,2024-11-02,CUST0025,Consumer,North,Bluetooth Speaker,Electronics,1999,1,0.0,1999,1999.0,1359.32,639.68
105022,2024-11-02,CUST0136,Consumer,West,Bluetooth Speaker,Electronics,1999,2,5.0,3998,3798.1,2718.64,1079.46
105023,2024-11-02,CUST0078,Consumer,Central,Office Chair,Furniture,6499,2,0.0,12998,12998.0,8058.76,4939.24
105024,2024-11-02,CUST0150,Consumer,East,Wireless Mouse,Electronics,599,1,0.0,599,599.0,407.32,191.68
105025,2024-11-02,CUST0349,Consumer,Central,Wall Clock,Home Decor,749,1,0.0,749,749.0,374.5,374.5
105026,2024-11-02,CUST0009,Small Business,North,27in Monitor,Electronics,12999,1,0.0,12999,12999.0,8839.32,4159.68
105027,2024-11-02,CUST0190,Consumer,Central,Bluetooth Speaker,Electronics,1999,2,10.0,3998,3598.2,2718.64,879.56
105028,2024-11-02,CUST0020,Consumer,South,Wireless Mouse,Electronics,599,1,0.0,599,599.0,407.32,191.68
105029,2024-11-02,CUST0131,Consumer,South,Mechanical Keyboard,Electronics,2499,1,0.0,2499,2499.0,1699.32,799.68
105030,2024-11-02,CUST0310,Consumer,East,Table Lamp,Furniture,899,1,0.0,899,899.0,557.38,341.62
105031,2024-11-03,CUST0209,Consumer,West,Table Lamp,Furniture,899,2,0.0,1798,1798.0,1114.76,683.24
105032,2024-11-03,CUST0181,Consumer,East,Bluetooth Speaker,Electronics,1999,1,10.0,1999,1799.1,1359.32,439.78
105033,2024-11-03,CUST0185,Consumer,Central,Wireless Mouse,Electronics,599,1,5.0,599,569.05,407.32,161.73
105034,2024-11-03,CUST0296,Small Business,West,Sticky Notes Pack,Stationery,99,1,5.0,99,94.05,44.55,49.5
105035,2024-11-03,CUST0159,Consumer,North,Sticky Notes Pack,Stationery,99,4,0.0,396,396.0,178.2,217.8
105036,2024-11-03,CUST0126,Consumer,West,Wireless Mouse,Electronics,599,1,0.0,599,599.0,407.32,191.68
105037,2024-11-03,CUST0149,Consumer,South,Office Chair,Furniture,6499,1,0.0,6499,6499.0,4029.38,2469.62
105038,2024-11-03,CUST0252,Consumer,North,Table Lamp,Furniture,899,1,0.0,899,899.0,557.38,341.62
105039,2024-11-03,CUST0344,Consumer,Central,Standing Desk,Furniture,14999,2,20.0,29998,23998.4,18598.76,5399.64
105040,2024-11-03,CUST0203,Consumer,South,USB-C Hub,Electronics,1299,1,15.0,1299,1104.15,883.32,220.83
105041,2024-11-03,CUST0324,Consumer,North,Water Bottle,Accessories,349,2,0.0,698,698.0,383.9,314.1
105042,2024-11-03,CUST0062,Consumer,North,Wall Clock,Home Decor,749,1,5.0,749,711.55,374.5,337.05
105043,2024-11-03,CUST0385,Small Business,Central,Water Bottle,Accessories,349,1,0.0,349,349.0,191.95,157.05
105044,2024-11-03,CUST0306,Enterprise,West,Bluetooth Speaker,Electronics,1999,2,5.0,3998,3798.1,2718.64,1079.46
105045,2024-11-04,CUST0227,Enterprise,West,27in Monitor,Electronics,12999,1,0.0,12999,12999.0,8839.32,4159.68
105046,2024-11-04,CUST0148,Small Business,Central,Sticky Notes Pack,Stationery,99,1,0.0,99,99.0,44.55,54.45
105047,2024-11-04,CUST0212,Small Business,North,Bluetooth Speaker,Electronics,1999,1,0.0,1999,1999.0,1359.32,639.68
105048,2024-11-04,CUST0080,Consumer,South,Mechanical Keyboard,Electronics,2499,4,15.0,9996,8496.6,6797.28,1699.32
105049,2024-11-04,CUST0254,Consumer,West,Table Lamp,Furniture,899,2,0.0,1798,1798.0,1114.76,683.24
105050,2024-11-04,CUST0237,Consumer,South,Notebook Set,Stationery,199,1,0.0,199,199.0,89.55,109.45
105051,2024-11-04,CUST0289,Consumer,North,Wall Clock,Home Decor,749,1,0.0,749,749.0,374.5,374.5
105052,2024-11-05,CUST0102,Small Business,Central,Photo Frame Set,Home Decor,549,1,5.0,549,521.55,274.5,247.05
105053,2024-11-05,CUST0251,Consumer,East,Office Chair,Furniture,6499,2,10.0,12998,11698.2,8058.76,3639.44
105054,2024-11-05,CUST0167,Consumer,East,Backpack,Accessories,1799,1,15.0,1799,1529.15,989.45,539.7
105055,2024-11-05,CUST0094,Small Business,North,27in Monitor,Electronics,12999,1,0.0,12999,12999.0,8839.32,4159.68
105056,2024-11-05,CUST0304,Small Business,East,Bookshelf,Furniture,3499,2,15.0,6998,5948.3,4338.76,1609.54
105057,2024-11-05,CUST0052,Corporate,North,Sticky Notes Pack,Stationery,99,1,0.0,99,99.0,44.55,54.45
105058,2024-11-05,CUST0280,Corporate,South,Bluetooth Speaker,Electronics,1999,1,0.0,1999,1999.0,1359.32,639.68
105059,2024-11-05,CUST0359,Enterprise,West,Backpack,Accessories,1799,1,20.0,1799,1439.2,989.45,449.75
105060,2024-11-05,CUST0101,Consumer,Central,Water Bottle,Accessories,349,1,0.0,349,349.0,191.95,157.05
105061,2024-11-06,CUST0395,Consumer,Central,Office Chair,Furniture,6499,1,15.0,6499,5524.15,4029.38,1494.77
105062,2024-11-06,CUST0299,Small Business,South,Sticky Notes Pack,Stationery,99,1,0.0,99,99.0,44.55,54.45
105063,2024-11-06,CUST0201,Small Business,South,Backpack,Accessories,1799,2,10.0,3598,3238.2,1978.9,1259.3
105064,2024-11-06,CUST0085,Consumer,Central,Wall Clock,Home Decor,749,3,0.0,2247,2247.0,1123.5,1123.5
105065,2024-11-06,CUST0276,Small Business,West,Standing Desk,Furniture,14999,2,0.0,29998,29998.0,18598.76,11399.24
105066,2024-11-06,CUST0146,Consumer,Central,Sticky Notes Pack,Stationery,99,3,0.0,297,297.0,133.65,163.35
105067,2024-11-06,CUST0297,Corporate,South,Backpack,Accessories,1799,1,0.0,1799,1799.0,989.45,809.55
105068,2024-11-06,CUST0231,Corporate,South,Wall Clock,Home Decor,749,1,15.0,749,636.65,374.5,262.15
105069,2024-11-06,CUST0396,Enterprise,South,Bookshelf,Furniture,3499,1,0.0,3499,3499.0,2169.38,1329.62
105070,2024-11-06,CUST0241,Enterprise,West,Wireless Mouse,Electronics,599,1,0.0,599,599.0,407.32,191.68
105071,2024-11-07,CUST0209,Consumer,West,Wireless Mouse,Electronics,599,1,0.0,599,599.0,407.32,191.68
105072,2024-11-07,CUST0247,Consumer,Central,Water Bottle,Accessories,349,1,0.0,349,349.0,191.95,157.05
105073,2024-11-07,CUST0049,Small Business,Central,Whiteboard,Stationery,1499,2,0.0,2998,2998.0,1349.1,1648.9
105074,2024-11-07,CUST0143,Consumer,Central,Whiteboard,Stationery,1499,2,0.0,2998,2998.0,1349.1,1648.9
105075,2024-11-07,CUST0005,Consumer,North,Table Lamp,Furniture,899,1,5.0,899,854.05,557.38,296.67
105076,2024-11-07,CUST0325,Enterprise,West,Sticky Notes Pack,Stationery,99,1,10.0,99,89.1,44.55,44.55
105077,2024-11-07,CUST0366,Consumer,East,27in Monitor,Electronics,12999,1,0.0,12999,12999.0,8839.32,4159.68
105078,2024-11-07,CUST0206,Consumer,South,27in Monitor,Electronics,12999,1,0.0,12999,12999.0,8839.32,4159.68
105079,2024-11-07,CUST0160,Small Business,North,Table Lamp,Furniture,899,1,10.0,899,809.1,557.38,251.72
105080,2024-11-07,CUST0305,Small Business,East,Office Chair,Furniture,6499,2,0.0,12998,12998.0,8058.76,4939.24
105081,2024-11-07,CUST0106,Consumer,Central,Wireless Mouse,Electronics,599,2,5.0,1198,1138.1,814.64,323.46
105082,2024-11-08,CUST0382,Small Business,Central,Water Bottle,Accessories,349,1,0.0,349,349.0,191.95,157.05
105083,2024-11-08,CUST0268,Small Business,South,USB-C Hub,Electronics,1299,2,15.0,2598,2208.3,1766.64,441.66
105084,2024-11-08,CUST0231,Corporate,South,Photo Frame Set,Home Decor,549,1,0.0,549,549.0,274.5,274.5
105085,2024-11-08,CUST0060,Consumer,East,Bluetooth Speaker,Electronics,1999,2,0.0,3998,3998.0,2718.64,1279.36
105086,2024-11-08,CUST0216,Consumer,South,Backpack,Accessories,1799,1,15.0,1799,1529.15,989.45,539.7
105087,2024-11-08,CUST0351,Small Business,East,Notebook Set,Stationery,199,1,0.0,199,199.0,89.55,109.45
105088,2024-11-08,CUST0086,Consumer,North,Photo Frame Set,Home Decor,549,1,0.0,549,549.0,274.5,274.5
105089,2024-11-08,CUST0364,Small Business,North,Bluetooth Speaker,Electronics,1999,1,0.0,1999,1999.0,1359.32,639.68
105090,2024-11-08,CUST0282,Consumer,East,Wall Clock,Home Decor,749,1,5.0,749,711.55,374.5,337.05
105091,2024-11-08,CUST0371,Consumer,Central,Mechanical Keyboard,Electronics,2499,1,0.0,2499,2499.0,1699.32,799.68
105092,2024-11-08,CUST0101,Consumer,Central,Sticky Notes Pack,Stationery,99,2,20.0,198,158.4,89.1,69.3
105093,2024-11-08,CUST0131,Consumer,South,Table Lamp,Furniture,899,1,0.0,899,899.0,557.38,341.62
105094,2024-11-08,CUST0250,Corporate,East,Table Lamp,Furniture,899,1,10.0,899,809.1,557.38,251.72
105095,2024-11-08,CUST0279,Small Business,North,Wireless Mouse,Electronics,599,1,20.0,599,479.2,407.32,71.88
105096,2024-11-08,CUST0135,Enterprise,North,Table Lamp,Furniture,899,2,0.0,1798,1798.0,1114.76,683.24
105097,2024-11-08,CUST0359,Enterprise,West,Wall Clock,Home Decor,749,1,0.0,749,749.0,374.5,374.5
105098,2024-11-09,CUST0105,Corporate,West,Wireless Mouse,Electronics,599,2,0.0,1198,1198.0,814.64,383.36
105099,2024-11-09,CUST0261,Small Business,South,Photo Frame Set,Home Decor,549,1,0.0,549,549.0,274.5,274.5
105100,2024-11-09,CUST0070,Enterprise,East,Wireless Mouse,Electronics,599,3,0.0,1797,1797.0,1221.96,575.04
105101,2024-11-09,CUST0257,Enterprise,East,Wall Clock,Home Decor,749,1,0.0,749,749.0,374.5,374.5
105102,2024-11-09,CUST0019,Consumer,East,Backpack,Accessories,1799,2,0.0,3598,3598.0,1978.9,1619.1
105103,2024-11-09,CUST0044,Corporate,North,Table Lamp,Furniture,899,1,0.0,899,899.0,557.38,341.62
105104,2024-11-09,CUST0395,Consumer,Central,Bookshelf,Furniture,3499,2,0.0,6998,6998.0,4338.76,2659.24
105105,2024-11-09,CUST0324,Consumer,North,Sticky Notes Pack,Stationery,99,1,0.0,99,99.0,44.55,54.45
105106,2024-11-09,CUST0380,Consumer,North,Whiteboard,Stationery,1499,2,0.0,2998,2998.0,1349.1,1648.9
105107,2024-11-09,CUST0197,Small Business,North,Notebook Set,Stationery,199,1,0.0,199,199.0,89.55,109.45
105108,2024-11-09,CUST0079,Consumer,Central,Wireless Mouse,Electronics,599,1,5.0,599,569.05,407.32,161.73
105109,2024-11-09,CUST0155,Enterprise,South,Mechanical Keyboard,Electronics,2499,1,5.0,2499,2374.05,1699.32,674.73
105110,2024-11-09,CUST0251,Consumer,East,27in Monitor,Electronics,12999,1,15.0,12999,11049.15,8839.32,2209.83
105111,2024-11-10,CUST0273,Corporate,North,Mechanical Keyboard,Electronics,2499,2,0.0,4998,4998.0,3398.64,1599.36
105112,2024-11-10,CUST0131,Consumer,South,Photo Frame Set,Home Decor,549,1,10.0,549,494.1,274.5,219.6
105113,2024-11-10,CUST0361,Consumer,West,Notebook Set,Stationery,199,3,0.0,597,597.0,268.65,328.35
105114,2024-11-10,CUST0330,Consumer,South,USB-C Hub,Electronics,1299,1,0.0,1299,1299.0,883.32,415.68
105115,2024-11-10,CUST0347,Small Business,North,Backpack,Accessories,1799,1,10.0,1799,1619.1,989.45,629.65
105116,2024-11-10,CUST0225,Consumer,East,Wall Clock,Home Decor,749,1,15.0,749,636.65,374.5,262.15
105117,2024-11-10,CUST0048,Small Business,North,Standing Desk,Furniture,14999,1,0.0,14999,14999.0,9299.38,5699.62
105118,2024-11-10,CUST0228,Consumer,North,Wall Clock,Home Decor,749,1,0.0,749,749.0,374.5,374.5
105119,2024-11-10,CUST0314,Enterprise,West,Backpack,Accessories,1799,1,0.0,1799,1799.0,989.45,809.55
105120,2024-11-10,CUST0144,Consumer,West,Backpack,Accessories,1799,1,5.0,1799,1709.05,989.45,719.6
105121,2024-11-11,CUST0008,Corporate,East,Sticky Notes Pack,Stationery,99,1,10.0,99,89.1,44.55,44.55
105122,2024-11-11,CUST0291,Consumer,West,Mechanical Keyboard,Electronics,2499,4,10.0,9996,8996.4,6797.28,2199.12
105123,2024-11-11,CUST0300,Consumer,Central,Notebook Set,Stationery,199,2,0.0,398,398.0,179.1,218.9
105124,2024-11-11,CUST0110,Consumer,West,Bookshelf,Furniture,3499,1,0.0,3499,3499.0,2169.38,1329.62
105125,2024-11-11,CUST0137,Small Business,East,Standing Desk,Furniture,14999,1,0.0,14999,14999.0,9299.38,5699.62
105126,2024-11-11,CUST0356,Small Business,West,Backpack,Accessories,1799,1,0.0,1799,1799.0,989.45,809.55
105127,2024-11-12,CUST0296,Small Business,West,Wall Clock,Home Decor,749,1,0.0,749,749.0,374.5,374.5
105128,2024-11-12,CUST0167,Consumer,East,Whiteboard,Stationery,1499,4,0.0,5996,5996.0,2698.2,3297.8
105129,2024-11-12,CUST0386,Corporate,East,Table Lamp,Furniture,899,1,5.0,899,854.05,557.38,296.67
105130,2024-11-12,CUST0344,Consumer,Central,27in Monitor,Electronics,12999,1,15.0,12999,11049.15,8839.32,2209.83
105131,2024-11-12,CUST0225,Consumer,East,Table Lamp,Furniture,899,1,0.0,899,899.0,557.38,341.62
105132,2024-11-12,CUST0284,Consumer,South,Water Bottle,Accessories,349,1,0.0,349,349.0,191.95,157.05
105133,2024-11-12,CUST0291,Consumer,West,Notebook Set,Stationery,199,3,0.0,597,597.0,268.65,328.35
105134,2024-11-12,CUST0117,Corporate,East,Table Lamp,Furniture,899,1,0.0,899,899.0,557.38,341.62
105135,2024-11-13,CUST0106,Consumer,Central,Whiteboard,Stationery,1499,1,0.0,1499,1499.0,674.55,824.45
105136,2024-11-13,CUST0151,Corporate,Central,Bluetooth Speaker,Electronics,1999,2,0.0,3998,3998.0,2718.64,1279.36
105137,2024-11-13,CUST0026,Corporate,West,Backpack,Accessories,1799,1,0.0,1799,1799.0,989.45,809.55
105138,2024-11-13,CUST0021,Small Business,Central,Whiteboard,Stationery,1499,2,0.0,2998,2998.0,1349.1,1648.9
105139,2024-11-13,CUST0272,Corporate,Central,Photo Frame Set,Home Decor,549,1,5.0,549,521.55,274.5,247.05
105140,2024-11-13,CUST0108,Corporate,East,Table Lamp,Furniture,899,1,0.0,899,899.0,557.38,341.62
105141,2024-11-13,CUST0079,Consumer,Central,Whiteboard,Stationery,1499,1,0.0,1499,1499.0,674.55,824.45
105142,2024-11-13,CUST0387,Consumer,East,Table Lamp,Furniture,899,1,0.0,899,899.0,557.38,341.62
105143,2024-11-14,CUST0391,Enterprise,Central,Sticky Notes Pack,Stationery,99,3,0.0,297,297.0,133.65,163.35
105144,2024-11-14,CUST0272,Corporate,Central,Wall Clock,Home Decor,749,1,0.0,749,749.0,374.5,374.5
105145,2024-11-14,CUST0151,Corporate,Central,USB-C Hub,Electronics,1299,2,15.0,2598,2208.3,1766.64,441.66
105146,2024-11-14,CUST0080,Consumer,South,Wireless Mouse,Electronics,599,1,5.0,599,569.05,407.32,161.73
105147,2024-11-14,CUST0205,Small Business,East,Bluetooth Speaker,Electronics,1999,1,0.0,1999,1999.0,1359.32,639.68
105148,2024-11-14,CUST0025,Consumer,North,Sticky Notes Pack,Stationery,99,1,5.0,99,94.05,44.55,49.5
105149,2024-11-14,CUST0300,Consumer,Central,Water Bottle,Accessories,349,1,0.0,349,349.0,191.95,157.05
105150,2024-11-15,CUST0394,Corporate,South,Mechanical Keyboard,Electronics,2499,1,15.0,2499,2124.15,1699.32,424.83
105151,2024-11-15,CUST0329,Consumer,Central,Water Bottle,Accessories,349,2,0.0,698,698.0,383.9,314.1
105152,2024-11-15,CUST0223,Consumer,South,27in Monitor,Electronics,12999,1,0.0,12999,12999.0,8839.32,4159.68
105153,2024-11-15,CUST0323,Small Business,West,Wireless Mouse,Electronics,599,1,0.0,599,599.0,407.32,191.68
105154,2024-11-15,CUST0089,Corporate,Central,Photo Frame Set,Home Decor,549,1,0.0,549,549.0,274.5,274.5
105155,2024-11-15,CUST0204,Corporate,East,Standing Desk,Furniture,14999,1,0.0,14999,14999.0,9299.38,5699.62
105156,2024-11-15,CUST0190,Consumer,Central,Wireless Mouse,Electronics,599,1,20.0,599,479.2,407.32,71.88
105157,2024-11-15,CUST0198,Corporate,North,Sticky Notes Pack,Stationery,99,1,0.0,99,99.0,44.55,54.45
105158,2024-11-15,CUST0063,Corporate,West,Wireless Mouse,Electronics,599,1,5.0,599,569.05,407.32,161.73
105159,2024-11-15,CUST0308,Consumer,South,Wireless Mouse,Electronics,599,1,0.0,599,599.0,407.32,191.68
105160,2024-11-16,CUST0217,Consumer,East,Backpack,Accessories,1799,1,0.0,1799,1799.0,989.45,809.55
105161,2024-11-16,CUST0348,Consumer,Central,27in Monitor,Electronics,12999,4,10.0,51996,46796.4,35357.28,11439.12
105162,2024-11-16,CUST0358,Small Business,West,Table Lamp,Furniture,899,2,0.0,1798,1798.0,1114.76,683.24
105163,2024-11-16,CUST0373,Consumer,West,Photo Frame Set,Home Decor,549,2,10.0,1098,988.2,549.0,439.2
105164,2024-11-16,CUST0026,Corporate,West,Mechanical Keyboard,Electronics,2499,2,0.0,4998,4998.0,3398.64,1599.36
105165,2024-11-16,CUST0036,Corporate,South,Photo Frame Set,Home Decor,549,1,15.0,549,466.65,274.5,192.15
105166,2024-11-16,CUST0282,Consumer,East,Whiteboard,Stationery,1499,2,0.0,2998,2998.0,1349.1,1648.9
105167,2024-11-16,CUST0312,Consumer,North,USB-C Hub,Electronics,1299,1,10.0,1299,1169.1,883.32,285.78
105168,2024-11-16,CUST0115,Small Business,North,Bookshelf,Furniture,3499,1,0.0,3499,3499.0,2169.38,1329.62
105169,2024-11-16,CUST0308,Consumer,South,Sticky Notes Pack,Stationery,99,1,0.0,99,99.0,44.55,54.45
105170,2024-11-16,CUST0321,Small Business,North,Whiteboard,Stationery,1499,4,0.0,5996,5996.0,2698.2,3297.8
105171,2024-11-16,CUST0137,Small Business,East,Bluetooth Speaker,Electronics,1999,1,0.0,1999,1999.0,1359.32,639.68
105172,2024-11-16,CUST0225,Consumer,East,Bluetooth Speaker,Electronics,1999,4,0.0,7996,7996.0,5437.28,2558.72
105173,2024-11-16,CUST0245,Consumer,Central,Notebook Set,Stationery,199,1,5.0,199,189.05,89.55,99.5
105174,2024-11-16,CUST0210,Consumer,Central,Whiteboard,Stationery,1499,1,20.0,1499,1199.2,674.55,524.65
105175,2024-11-17,CUST0036,Corporate,South,Wireless Mouse,Electronics,599,1,0.0,599,599.0,407.32,191.68
105176,2024-11-17,CUST0183,Corporate,Central,27in Monitor,Electronics,12999,1,15.0,12999,11049.15,8839.32,2209.83
105177,2024-11-17,CUST0207,Consumer,West,USB-C Hub,Electronics,1299,1,15.0,1299,1104.15,883.32,220.83
105178,2024-11-17,CUST0294,Consumer,East,Backpack,Accessories,1799,1,0.0,1799,1799.0,989.45,809.55
105179,2024-11-17,CUST0273,Corporate,North,Sticky Notes Pack,Stationery,99,1,0.0,99,99.0,44.55,54.45
105180,2024-11-17,CUST0032,Consumer,Central,Bookshelf,Furniture,3499,1,0.0,3499,3499.0,2169.38,1329.62
105181,2024-11-17,CUST0091,Consumer,North,Mechanical Keyboard,Electronics,2499,1,5.0,2499,2374.05,1699.32,674.73
105182,2024-11-17,CUST0057,Consumer,Central,Sticky Notes Pack,Stationery,99,2,0.0,198,198.0,89.1,108.9
105183,2024-11-17,CUST0368,Corporate,East,Notebook Set,Stationery,199,2,10.0,398,358.2,179.1,179.1
105184,2024-11-18,CUST0269,Consumer,West,Table Lamp,Furniture,899,2,5.0,1798,1708.1,1114.76,593.34
105185,2024-11-18,CUST0272,Corporate,Central,Table Lamp,Furniture,899,1,0.0,899,899.0,557.38,341.62
105186,2024-11-18,CUST0359,Enterprise,West,Table Lamp,Furniture,899,1,15.0,899,764.15,557.38,206.77
105187,2024-11-18,CUST0176,Consumer,Central,Notebook Set,Stationery,199,1,0.0,199,199.0,89.55,109.45
105188,2024-11-18,CUST0092,Small Business,West,Water Bottle,Accessories,349,1,5.0,349,331.55,191.95,139.6
105189,2024-11-18,CUST0126,Consumer,West,27in Monitor,Electronics,12999,2,0.0,25998,25998.0,17678.64,8319.36
105190,2024-11-18,CUST0047,Consumer,West,USB-C Hub,Electronics,1299,4,0.0,5196,5196.0,3533.28,1662.72
105191,2024-11-18,CUST0254,Consumer,West,Whiteboard,Stationery,1499,2,15.0,2998,2548.3,1349.1,1199.2
105192,2024-11-19,CUST0213,Small Business,North,Wireless Mouse,Electronics,599,1,0.0,599,599.0,407.32,191.68
105193,2024-11-19,CUST0070,Enterprise,East,Backpack,Accessories,1799,1,0.0,1799,1799.0,989.45,809.55
105194,2024-11-19,CUST0200,Corporate,West,Table Lamp,Furniture,899,2,0.0,1798,1798.0,1114.76,683.24
105195,2024-11-19,CUST0334,Consumer,West,Wall Clock,Home Decor,749,1,5.0,749,711.55,374.5,337.05
105196,2024-11-19,CUST0377,Corporate,West,27in Monitor,Electronics,12999,1,5.0,12999,12349.05,8839.32,3509.73
105197,2024-11-19,CUST0234,Consumer,Central,Mechanical Keyboard,Electronics,2499,2,0.0,4998,4998.0,3398.64,1599.36
105198,2024-11-19,CUST0310,Consumer,East,Whiteboard,Stationery,1499,1,10.0,1499,1349.1,674.55,674.55
105199,2024-11-19,CUST0196,Consumer,West,Wall Clock,Home Decor,749,1,0.0,749,749.0,374.5,374.5
105200,2024-11-19,CUST0284,Consumer,South,USB-C Hub,Electronics,1299,1,0.0,1299,1299.0,883.32,415.68
105201,2024-11-20,CUST0106,Consumer,Central,Water Bottle,Accessories,349,1,0.0,349,349.0,191.95,157.05
105202,2024-11-20,CUST0168,Consumer,East,Wall Clock,Home Decor,749,1,0.0,749,749.0,374.5,374.5
105203,2024-11-20,CUST0148,Small Business,Central,Mechanical Keyboard,Electronics,2499,1,0.0,2499,2499.0,1699.32,799.68
105204,2024-11-20,CUST0220,Corporate,South,Wireless Mouse,Electronics,599,1,0.0,599,599.0,407.32,191.68
105205,2024-11-20,CUST0180,Consumer,Central,Table Lamp,Furniture,899,1,0.0,899,899.0,557.38,341.62
105206,2024-11-21,CUST0183,Corporate,Central,Wall Clock,Home Decor,749,1,0.0,749,749.0,374.5,374.5
105207,2024-11-21,CUST0096,Consumer,Central,Wireless Mouse,Electronics,599,1,0.0,599,599.0,407.32,191.68
105208,2024-11-21,CUST0133,Consumer,West,27in Monitor,Electronics,12999,1,5.0,12999,12349.05,8839.32,3509.73
105209,2024-11-21,CUST0259,Small Business,East,Wall Clock,Home Decor,749,1,0.0,749,749.0,374.5,374.5
105210,2024-11-21,CUST0053,Enterprise,South,Backpack,Accessories,1799,2,10.0,3598,3238.2,1978.9,1259.3
105211,2024-11-21,CUST0215,Small Business,Central,Table Lamp,Furniture,899,2,0.0,1798,1798.0,1114.76,683.24
105212,2024-11-21,CUST0394,Corporate,South,27in Monitor,Electronics,12999,1,5.0,12999,12349.05,8839.32,3509.73
105213,2024-11-21,CUST0285,Small Business,North,Table Lamp,Furniture,899,1,0.0,899,899.0,557.38,341.62
105214,2024-11-21,CUST0216,Consumer,South,Office Chair,Furniture,6499,1,5.0,6499,6174.05,4029.38,2144.67
105215,2024-11-21,CUST0284,Consumer,South,Table Lamp,Furniture,899,2,5.0,1798,1708.1,1114.76,593.34
105216,2024-11-22,CUST0153,Consumer,South,USB-C Hub,Electronics,1299,1,5.0,1299,1234.05,883.32,350.73
105217,2024-11-22,CUST0090,Consumer,West,Sticky Notes Pack,Stationery,99,1,0.0,99,99.0,44.55,54.45
105218,2024-11-22,CUST0209,Consumer,West,Backpack,Accessories,1799,2,0.0,3598,3598.0,1978.9,1619.1
105219,2024-11-22,CUST0136,Consumer,West,Photo Frame Set,Home Decor,549,1,5.0,549,521.55,274.5,247.05
105220,2024-11-22,CUST0220,Corporate,South,Wall Clock,Home Decor,749,2,0.0,1498,1498.0,749.0,749.0
105221,2024-11-22,CUST0050,Consumer,Central,Table Lamp,Furniture,899,1,0.0,899,899.0,557.38,341.62
105222,2024-11-22,CUST0141,Enterprise,Central,USB-C Hub,Electronics,1299,1,5.0,1299,1234.05,883.32,350.73
105223,2024-11-22,CUST0353,Small Business,East,27in Monitor,Electronics,12999,1,5.0,12999,12349.05,8839.32,3509.73
105224,2024-11-22,CUST0030,Consumer,Central,Water Bottle,Accessories,349,1,20.0,349,279.2,191.95,87.25
105225,2024-11-22,CUST0236,Small Business,West,Standing Desk,Furniture,14999,1,20.0,14999,11999.2,9299.38,2699.82
105226,2024-11-22,CUST0253,Corporate,East,USB-C Hub,Electronics,1299,1,0.0,1299,1299.0,883.32,415.68
105227,2024-11-22,CUST0254,Consumer,West,Photo Frame Set,Home Decor,549,2,15.0,1098,933.3,549.0,384.3
105228,2024-11-22,CUST0397,Corporate,West,Wall Clock,Home Decor,749,2,15.0,1498,1273.3,749.0,524.3
105229,2024-11-22,CUST0156,Consumer,East,Backpack,Accessories,1799,1,0.0,1799,1799.0,989.45,809.55
105230,2024-11-22,CUST0215,Small Business,Central,USB-C Hub,Electronics,1299,1,5.0,1299,1234.05,883.32,350.73
105231,2024-11-23,CUST0003,Small Business,North,Notebook Set,Stationery,199,1,0.0,199,199.0,89.55,109.45
105232,2024-11-23,CUST0204,Corporate,East,27in Monitor,Electronics,12999,1,10.0,12999,11699.1,8839.32,2859.78
105233,2024-11-23,CUST0292,Consumer,North,Office Chair,Furniture,6499,2,5.0,12998,12348.1,8058.76,4289.34
105234,2024-11-23,CUST0310,Consumer,East,Bluetooth Speaker,Electronics,1999,2,0.0,3998,3998.0,2718.64,1279.36
105235,2024-11-23,CUST0205,Small Business,East,27in Monitor,Electronics,12999,1,20.0,12999,10399.2,8839.32,1559.88
105236,2024-11-23,CUST0343,Consumer,East,USB-C Hub,Electronics,1299,1,0.0,1299,1299.0,883.32,415.68
105237,2024-11-23,CUST0067,Consumer,West,Backpack,Accessories,1799,1,5.0,1799,1709.05,989.45,719.6
105238,2024-11-23,CUST0067,Consumer,West,Standing Desk,Furniture,14999,1,0.0,14999,14999.0,9299.38,5699.62
105239,2024-11-23,CUST0034,Enterprise,South,Backpack,Accessories,1799,1,5.0,1799,1709.05,989.45,719.6
105240,2024-11-23,CUST0206,Consumer,South,Standing Desk,Furniture,14999,1,5.0,14999,14249.05,9299.38,4949.67
105241,2024-11-23,CUST0246,Corporate,South,Whiteboard,Stationery,1499,1,5.0,1499,1424.05,674.55,749.5
105242,2024-11-23,CUST0399,Corporate,Central,Sticky Notes Pack,Stationery,99,1,0.0,99,99.0,44.55,54.45
105243,2024-11-24,CUST0106,Consumer,Central,Wireless Mouse,Electronics,599,1,20.0,599,479.2,407.32,71.88
105244,2024-11-24,CUST0157,Small Business,Central,Notebook Set,Stationery,199,1,0.0,199,199.0,89.55,109.45
105245,2024-11-24,CUST0232,Small Business,East,Wireless Mouse,Electronics,599,4,0.0,2396,2396.0,1629.28,766.72
105246,2024-11-24,CUST0164,Small Business,Central,Wall Clock,Home Decor,749,1,0.0,749,749.0,374.5,374.5
105247,2024-11-24,CUST0386,Corporate,East,Notebook Set,Stationery,199,1,0.0,199,199.0,89.55,109.45
105248,2024-11-24,CUST0275,Small Business,North,Sticky Notes Pack,Stationery,99,2,5.0,198,188.1,89.1,99.0
105249,2024-11-24,CUST0129,Consumer,South,Whiteboard,Stationery,1499,1,10.0,1499,1349.1,674.55,674.55
105250,2024-11-24,CUST0248,Enterprise,East,Wall Clock,Home Decor,749,1,0.0,749,749.0,374.5,374.5
105251,2024-11-24,CUST0344,Consumer,Central,USB-C Hub,Electronics,1299,3,0.0,3897,3897.0,2649.96,1247.04
105252,2024-11-24,CUST0352,Corporate,North,Photo Frame Set,Home Decor,549,1,0.0,549,549.0,274.5,274.5
105253,2024-11-24,CUST0005,Consumer,North,Backpack,Accessories,1799,1,5.0,1799,1709.05,989.45,719.6
105254,2024-11-24,CUST0216,Consumer,South,Standing Desk,Furniture,14999,2,10.0,29998,26998.2,18598.76,8399.44
105255,2024-11-25,CUST0051,Enterprise,South,Table Lamp,Furniture,899,1,5.0,899,854.05,557.38,296.67
105256,2024-11-25,CUST0223,Consumer,South,Water Bottle,Accessories,349,1,20.0,349,279.2,191.95,87.25
105257,2024-11-25,CUST0318,Consumer,South,Standing Desk,Furniture,14999,3,10.0,44997,40497.3,27898.14,12599.16
105258,2024-11-25,CUST0200,Corporate,West,Office Chair,Furniture,6499,1,0.0,6499,6499.0,4029.38,2469.62
105259,2024-11-25,CUST0386,Corporate,East,USB-C Hub,Electronics,1299,1,0.0,1299,1299.0,883.32,415.68
105260,2024-11-25,CUST0117,Corporate,East,Notebook Set,Stationery,199,1,0.0,199,199.0,89.55,109.45
105261,2024-11-25,CUST0380,Consumer,North,USB-C Hub,Electronics,1299,1,0.0,1299,1299.0,883.32,415.68
105262,2024-11-25,CUST0246,Corporate,South,Photo Frame Set,Home Decor,549,2,10.0,1098,988.2,549.0,439.2
105263,2024-11-25,CUST0181,Consumer,East,USB-C Hub,Electronics,1299,1,20.0,1299,1039.2,883.32,155.88
105264,2024-11-25,CUST0209,Consumer,West,USB-C Hub,Electronics,1299,1,0.0,1299,1299.0,883.32,415.68
105265,2024-11-26,CUST0238,Consumer,North,Whiteboard,Stationery,1499,1,0.0,1499,1499.0,674.55,824.45
105266,2024-11-26,CUST0001,Consumer,North,Notebook Set,Stationery,199,2,0.0,398,398.0,179.1,218.9
105267,2024-11-26,CUST0272,Corporate,Central,Wall Clock,Home Decor,749,1,5.0,749,711.55,374.5,337.05
105268,2024-11-26,CUST0336,Consumer,South,Notebook Set,Stationery,199,1,0.0,199,199.0,89.55,109.45
105269,2024-11-26,CUST0064,Consumer,North,Water Bottle,Accessories,349,1,5.0,349,331.55,191.95,139.6
105270,2024-11-26,CUST0326,Small Business,South,Bluetooth Speaker,Electronics,1999,1,0.0,1999,1999.0,1359.32,639.68
105271,2024-11-26,CUST0350,Small Business,West,Photo Frame Set,Home Decor,549,1,0.0,549,549.0,274.5,274.5
105272,2024-11-26,CUST0313,Consumer,Central,27in Monitor,Electronics,12999,2,0.0,25998,25998.0,17678.64,8319.36
105273,2024-11-26,CUST0182,Consumer,Central,Whiteboard,Stationery,1499,1,0.0,1499,1499.0,674.55,824.45
105274,2024-11-26,CUST0399,Corporate,Central,Bookshelf,Furniture,3499,1,15.0,3499,2974.15,2169.38,804.77
105275,2024-11-26,CUST0054,Corporate,East,27in Monitor,Electronics,12999,1,0.0,12999,12999.0,8839.32,4159.68
105276,2024-11-26,CUST0022,Consumer,Central,Backpack,Accessories,1799,4,0.0,7196,7196.0,3957.8,3238.2
105277,2024-11-27,CUST0067,Consumer,West,Water Bottle,Accessories,349,1,5.0,349,331.55,191.95,139.6
105278,2024-11-27,CUST0343,Consumer,East,Office Chair,Furniture,6499,1,0.0,6499,6499.0,4029.38,2469.62
105279,2024-11-27,CUST0157,Small Business,Central,Notebook Set,Stationery,199,1,0.0,199,199.0,89.55,109.45
105280,2024-11-27,CUST0394,Corporate,South,Standing Desk,Furniture,14999,4,20.0,59996,47996.8,37197.52,10799.28
105281,2024-11-27,CUST0386,Corporate,East,Office Chair,Furniture,6499,1,0.0,6499,6499.0,4029.38,2469.62
105282,2024-11-28,CUST0191,Consumer,North,Standing Desk,Furniture,14999,1,0.0,14999,14999.0,9299.38,5699.62
105283,2024-11-28,CUST0160,Small Business,North,Wall Clock,Home Decor,749,1,0.0,749,749.0,374.5,374.5
105284,2024-11-28,CUST0210,Consumer,Central,Backpack,Accessories,1799,1,5.0,1799,1709.05,989.45,719.6
105285,2024-11-28,CUST0190,Consumer,Central,Bluetooth Speaker,Electronics,1999,1,0.0,1999,1999.0,1359.32,639.68
105286,2024-11-28,CUST0258,Small Business,East,Wall Clock,Home Decor,749,1,20.0,749,599.2,374.5,224.7
105287,2024-11-28,CUST0216,Consumer,South,Bookshelf,Furniture,3499,1,0.0,3499,3499.0,2169.38,1329.62
105288,2024-11-28,CUST0070,Enterprise,East,Photo Frame Set,Home Decor,549,2,0.0,1098,1098.0,549.0,549.0
105289,2024-11-28,CUST0074,Corporate,South,Backpack,Accessories,1799,2,5.0,3598,3418.1,1978.9,1439.2
105290,2024-11-28,CUST0010,Small Business,West,Bluetooth Speaker,Electronics,1999,1,0.0,1999,1999.0,1359.32,639.68
105291,2024-11-29,CUST0131,Consumer,South,Wall Clock,Home Decor,749,1,0.0,749,749.0,374.5,374.5
105292,2024-11-29,CUST0187,Corporate,South,Sticky Notes Pack,Stationery,99,1,0.0,99,99.0,44.55,54.45
105293,2024-11-29,CUST0016,Consumer,North,Mechanical Keyboard,Electronics,2499,1,5.0,2499,2374.05,1699.32,674.73
105294,2024-11-29,CUST0359,Enterprise,West,USB-C Hub,Electronics,1299,1,0.0,1299,1299.0,883.32,415.68
105295,2024-11-29,CUST0195,Consumer,Central,Backpack,Accessories,1799,1,5.0,1799,1709.05,989.45,719.6
105296,2024-11-29,CUST0132,Consumer,West,Bluetooth Speaker,Electronics,1999,1,0.0,1999,1999.0,1359.32,639.68
105297,2024-11-29,CUST0165,Consumer,South,Bookshelf,Furniture,3499,1,5.0,3499,3324.05,2169.38,1154.67
105298,2024-11-29,CUST0254,Consumer,West,Bluetooth Speaker,Electronics,1999,1,0.0,1999,1999.0,1359.32,639.68
105299,2024-11-29,CUST0284,Consumer,South,Mechanical Keyboard,Electronics,2499,1,5.0,2499,2374.05,1699.32,674.73
105300,2024-11-29,CUST0127,Corporate,West,Photo Frame Set,Home Decor,549,1,0.0,549,549.0,274.5,274.5
105301,2024-11-30,CUST0196,Consumer,West,Table Lamp,Furniture,899,1,0.0,899,899.0,557.38,341.62
105302,2024-11-30,CUST0013,Corporate,North,Photo Frame Set,Home Decor,549,1,10.0,549,494.1,274.5,219.6
105303,2024-11-30,CUST0119,Corporate,East,Wall Clock,Home Decor,749,1,0.0,749,749.0,374.5,374.5
105304,2024-11-30,CUST0373,Consumer,West,USB-C Hub,Electronics,1299,1,0.0,1299,1299.0,883.32,415.68
105305,2024-11-30,CUST0394,Corporate,South,Wireless Mouse,Electronics,599,2,10.0,1198,1078.2,814.64,263.56
105306,2024-11-30,CUST0395,Consumer,Central,Wall Clock,Home Decor,749,2,0.0,1498,1498.0,749.0,749.0
105307,2024-11-30,CUST0303,Small Business,East,Table Lamp,Furniture,899,1,5.0,899,854.05,557.38,296.67
105308,2024-11-30,CUST0150,Consumer,East,Mechanical Keyboard,Electronics,2499,1,0.0,2499,2499.0,1699.32,799.68
105309,2024-11-30,CUST0193,Corporate,East,Bluetooth Speaker,Electronics,1999,2,5.0,3998,3798.1,2718.64,1079.46
105310,2024-11-30,CUST0024,Consumer,West,Backpack,Accessories,1799,1,0.0,1799,1799.0,989.45,809.55
105311,2024-11-30,CUST0198,Corporate,North,Mechanical Keyboard,Electronics,2499,1,0.0,2499,2499.0,1699.32,799.68
105312,2024-11-30,CUST0378,Consumer,North,Sticky Notes Pack,Stationery,99,1,20.0,99,79.2,44.55,34.65
105313,2024-11-30,CUST0088,Small Business,East,Whiteboard,Stationery,1499,1,5.0,1499,1424.05,674.55,749.5
105314,2024-12-01,CUST0044,Corporate,North,Bookshelf,Furniture,3499,1,0.0,3499,3499.0,2169.38,1329.62
105315,2024-12-01,CUST0189,Small Business,North,Mechanical Keyboard,Electronics,2499,1,0.0,2499,2499.0,1699.32,799.68
105316,2024-12-01,CUST0292,Consumer,North,Backpack,Accessories,1799,1,0.0,1799,1799.0,989.45,809.55
105317,2024-12-01,CUST0294,Consumer,East,Mechanical Keyboard,Electronics,2499,1,10.0,2499,2249.1,1699.32,549.78
105318,2024-12-01,CUST0206,Consumer,South,Wireless Mouse,Electronics,599,2,0.0,1198,1198.0,814.64,383.36
105319,2024-12-01,CUST0093,Corporate,North,Whiteboard,Stationery,1499,2,5.0,2998,2848.1,1349.1,1499.0
105320,2024-12-01,CUST0334,Consumer,West,Bookshelf,Furniture,3499,1,5.0,3499,3324.05,2169.38,1154.67
105321,2024-12-01,CUST0269,Consumer,West,Standing Desk,Furniture,14999,2,0.0,29998,29998.0,18598.76,11399.24
105322,2024-12-01,CUST0339,Consumer,West,Photo Frame Set,Home Decor,549,1,0.0,549,549.0,274.5,274.5
105323,2024-12-01,CUST0037,Consumer,Central,Office Chair,Furniture,6499,1,5.0,6499,6174.05,4029.38,2144.67
105324,2024-12-01,CUST0257,Enterprise,East,Wireless Mouse,Electronics,599,3,0.0,1797,1797.0,1221.96,575.04
105325,2024-12-01,CUST0070,Enterprise,East,Table Lamp,Furniture,899,1,,899,764.15,557.38,206.77
105326,2024-12-01,CUST0076,Small Business,East,Backpack,Accessories,1799,1,0.0,1799,1799.0,989.45,809.55
105327,2024-12-02,CUST0320,Consumer,North,Sticky Notes Pack,Stationery,99,1,0.0,99,99.0,44.55,54.45
105328,2024-12-02,CUST0189,Small Business,North,Notebook Set,Stationery,199,1,5.0,199,189.05,89.55,99.5
105329,2024-12-02,CUST0181,Consumer,East,Office Chair,Furniture,6499,1,0.0,6499,6499.0,4029.38,2469.62
105330,2024-12-02,CUST0316,Small Business,North,Whiteboard,Stationery,1499,1,5.0,1499,1424.05,674.55,749.5
105331,2024-12-02,CUST0237,Consumer,South,Wall Clock,Home Decor,749,2,0.0,1498,1498.0,749.0,749.0
105332,2024-12-02,CUST0152,Consumer,North,Bookshelf,Furniture,3499,1,10.0,3499,3149.1,2169.38,979.72
105333,2024-12-02,CUST0290,Small Business,South,Table Lamp,Furniture,899,2,0.0,1798,1798.0,1114.76,683.24
105334,2024-12-02,CUST0171,Small Business,North,Wireless Mouse,Electronics,599,2,0.0,1198,1198.0,814.64,383.36
105335,2024-12-02,CUST0265,Corporate,East,Wall Clock,Home Decor,749,1,15.0,749,636.65,374.5,262.15
105336,2024-12-02,CUST0059,Consumer,Central,Sticky Notes Pack,Stationery,99,1,10.0,99,89.1,44.55,44.55
105337,2024-12-02,CUST0038,Consumer,East,Photo Frame Set,Home Decor,549,1,10.0,549,494.1,274.5,219.6
105338,2024-12-02,CUST0210,Consumer,Central,USB-C Hub,Electronics,1299,1,0.0,1299,1299.0,883.32,415.68
105339,2024-12-02,CUST0168,Consumer,East,Photo Frame Set,Home Decor,549,1,10.0,549,494.1,274.5,219.6
105340,2024-12-03,CUST0037,Consumer,Central,27in Monitor,Electronics,12999,1,0.0,12999,12999.0,8839.32,4159.68
105341,2024-12-03,CUST0355,Consumer,Central,Notebook Set,Stationery,199,2,0.0,398,398.0,179.1,218.9
105342,2024-12-03,CUST0266,Small Business,Central,Whiteboard,Stationery,1499,1,10.0,1499,1349.1,674.55,674.55
105343,2024-12-03,CUST0060,Consumer,East,Mechanical Keyboard,Electronics,2499,1,0.0,2499,2499.0,1699.32,799.68
105344,2024-12-03,CUST0012,Enterprise,Central,Notebook Set,Stationery,199,1,0.0,199,199.0,89.55,109.45
105345,2024-12-03,CUST0373,Consumer,West,Office Chair,Furniture,6499,2,0.0,12998,12998.0,8058.76,4939.24
105346,2024-12-03,CUST0307,Small Business,Central,Photo Frame Set,Home Decor,549,1,0.0,549,549.0,274.5,274.5
105347,2024-12-03,CUST0046,Small Business,South,Sticky Notes Pack,Stationery,99,3,0.0,297,297.0,133.65,163.35
105348,2024-12-03,CUST0141,Enterprise,Central,Sticky Notes Pack,Stationery,99,1,0.0,99,99.0,44.55,54.45
105349,2024-12-03,CUST0333,Consumer,North,Backpack,Accessories,1799,1,0.0,1799,1799.0,989.45,809.55
105350,2024-12-03,CUST0137,Small Business,East,USB-C Hub,Electronics,1299,1,0.0,1299,1299.0,883.32,415.68
105351,2024-12-03,CUST0130,Small Business,West,Backpack,Accessories,1799,2,0.0,3598,3598.0,1978.9,1619.1
105352,2024-12-04,CUST0314,Enterprise,West,27in Monitor,Electronics,12999,1,0.0,12999,12999.0,8839.32,4159.68
105353,2024-12-04,CUST0168,Consumer,East,Wireless Mouse,Electronics,599,4,5.0,2396,2276.2,1629.28,646.92
105354,2024-12-04,CUST0308,Consumer,South,Notebook Set,Stationery,199,2,5.0,398,378.1,179.1,199.0
105355,2024-12-04,CUST0182,Consumer,Central,USB-C Hub,Electronics,1299,1,0.0,1299,1299.0,883.32,415.68
105356,2024-12-04,CUST0004,Small Business,West,Bluetooth Speaker,Electronics,1999,1,0.0,1999,1999.0,1359.32,639.68
105357,2024-12-05,CUST0272,Corporate,Central,Notebook Set,Stationery,199,3,10.0,597,537.3,268.65,268.65
105358,2024-12-05,CUST0284,Consumer,South,Photo Frame Set,Home Decor,549,1,0.0,549,549.0,274.5,274.5
105359,2024-12-05,CUST0360,Small Business,East,Table Lamp,Furniture,899,2,0.0,1798,1798.0,1114.76,683.24
105360,2024-12-05,CUST0399,Corporate,Central,Backpack,Accessories,1799,1,,1799,1799.0,989.45,809.55
105361,2024-12-05,CUST0091,Consumer,North,Bookshelf,Furniture,3499,1,5.0,3499,3324.05,2169.38,1154.67
105362,2024-12-05,CUST0134,Consumer,Central,Water Bottle,Accessories,349,1,5.0,349,331.55,191.95,139.6
105363,2024-12-05,CUST0006,Consumer,Central,Standing Desk,Furniture,14999,2,0.0,29998,29998.0,18598.76,11399.24
105364,2024-12-05,CUST0166,Corporate,North,Bookshelf,Furniture,3499,2,0.0,6998,6998.0,4338.76,2659.24
105365,2024-12-05,CUST0395,Consumer,Central,Bluetooth Speaker,Electronics,1999,1,0.0,1999,1999.0,1359.32,639.68
105366,2024-12-05,CUST0312,Consumer,North,USB-C Hub,Electronics,1299,1,0.0,1299,1299.0,883.32,415.68
105367,2024-12-05,CUST0218,Small Business,East,Mechanical Keyboard,Electronics,2499,2,0.0,4998,4998.0,3398.64,1599.36
105368,2024-12-05,CUST0105,Corporate,West,Mechanical Keyboard,Electronics,2499,1,0.0,2499,2499.0,1699.32,799.68
105369,2024-12-05,CUST0303,Small Business,East,Table Lamp,Furniture,899,1,0.0,899,899.0,557.38,341.62
105370,2024-12-05,CUST0210,Consumer,Central,Whiteboard,Stationery,1499,1,0.0,1499,1499.0,674.55,824.45
105371,2024-12-05,CUST0049,Small Business,Central,Wall Clock,Home Decor,749,2,0.0,1498,1498.0,749.0,749.0
105372,2024-12-06,CUST0009,Small Business,North,Sticky Notes Pack,Stationery,99,1,5.0,99,94.05,44.55,49.5
105373,2024-12-06,CUST0376,Consumer,North,USB-C Hub,Electronics,1299,1,0.0,1299,1299.0,883.32,415.68
105374,2024-12-06,CUST0377,Corporate,West,Water Bottle,Accessories,349,1,0.0,349,349.0,191.95,157.05
105375,2024-12-06,CUST0244,Consumer,South,USB-C Hub,Electronics,1299,1,0.0,1299,1299.0,883.32,415.68
105376,2024-12-06,CUST0055,Small Business,South,27in Monitor,Electronics,12999,2,0.0,25998,25998.0,17678.64,8319.36
105377,2024-12-06,CUST0237,Consumer,South,Water Bottle,Accessories,349,1,20.0,349,279.2,191.95,87.25
105378,2024-12-06,CUST0220,Corporate,South,Standing Desk,Furniture,14999,1,10.0,14999,13499.1,9299.38,4199.72
105379,2024-12-06,CUST0189,Small Business,North,27in Monitor,Electronics,12999,2,0.0,25998,25998.0,17678.64,8319.36
105380,2024-12-06,CUST0151,Corporate,Central,Notebook Set,Stationery,199,1,10.0,199,179.1,89.55,89.55
105381,2024-12-06,CUST0322,Small Business,Central,Whiteboard,Stationery,1499,1,0.0,1499,1499.0,674.55,824.45
105382,2024-12-06,CUST0312,Consumer,North,Wall Clock,Home Decor,749,4,0.0,2996,2996.0,1498.0,1498.0
105383,2024-12-07,CUST0317,Consumer,North,Office Chair,Furniture,6499,1,5.0,6499,6174.05,4029.38,2144.67
105384,2024-12-07,CUST0300,Consumer,Central,Backpack,Accessories,1799,2,0.0,3598,3598.0,1978.9,1619.1
105385,2024-12-07,CUST0294,Consumer,East,Notebook Set,Stationery,199,2,5.0,398,378.1,179.1,199.0
105386,2024-12-07,CUST0182,Consumer,Central,Backpack,Accessories,1799,3,0.0,5397,5397.0,2968.35,2428.65
105387,2024-12-07,CUST0163,Small Business,East,Notebook Set,Stationery,199,1,0.0,199,199.0,89.55,109.45
105388,2024-12-07,CUST0328,Small Business,North,Wall Clock,Home Decor,749,2,5.0,1498,1423.1,749.0,674.1
105389,2024-12-07,CUST0191,Consumer,North,Bluetooth Speaker,Electronics,1999,1,5.0,1999,1899.05,1359.32,539.73
105390,2024-12-07,CUST0373,Consumer,West,Standing Desk,Furniture,14999,2,0.0,29998,29998.0,18598.76,11399.24
105391,2024-12-07,CUST0012,Enterprise,Central,Sticky Notes Pack,Stationery,99,1,0.0,99,99.0,44.55,54.45
105392,2024-12-07,CUST0085,Consumer,Central,Office Chair,Furniture,6499,1,0.0,6499,6499.0,4029.38,2469.62
105393,2024-12-07,CUST0081,Corporate,West,Wireless Mouse,Electronics,599,1,0.0,599,599.0,407.32,191.68
105394,2024-12-07,CUST0074,Corporate,South,Mechanical Keyboard,Electronics,2499,2,0.0,4998,4998.0,3398.64,1599.36
105395,2024-12-07,CUST0162,Small Business,North,Bookshelf,Furniture,3499,1,0.0,3499,3499.0,2169.38,1329.62
105396,2024-12-07,CUST0010,Small Business,West,Photo Frame Set,Home Decor,549,1,5.0,549,521.55,274.5,247.05
105397,2024-12-07,CUST0164,Small Business,Central,Table Lamp,Furniture,899,1,0.0,899,899.0,557.38,341.62
105398,2024-12-07,CUST0053,Enterprise,South,USB-C Hub,Electronics,1299,3,0.0,3897,3897.0,2649.96,1247.04
105399,2024-12-08,CUST0273,Corporate,North,Mechanical Keyboard,Electronics,2499,2,0.0,4998,4998.0,3398.64,1599.36
105400,2024-12-08,CUST0311,Consumer,East,USB-C Hub,Electronics,1299,1,0.0,1299,1299.0,883.32,415.68
105401,2024-12-08,CUST0048,Small Business,North,Bookshelf,Furniture,3499,1,0.0,3499,3499.0,2169.38,1329.62
105402,2024-12-08,CUST0215,Small Business,Central,Water Bottle,Accessories,349,1,0.0,349,349.0,191.95,157.05
105403,2024-12-08,CUST0273,Corporate,North,27in Monitor,Electronics,12999,1,0.0,12999,12999.0,8839.32,4159.68
105404,2024-12-08,CUST0122,Corporate,West,27in Monitor,Electronics,12999,1,0.0,12999,12999.0,8839.32,4159.68
105405,2024-12-08,CUST0208,Small Business,North,Bluetooth Speaker,Electronics,1999,3,0.0,5997,5997.0,4077.96,1919.04
105406,2024-12-08,CUST0026,Corporate,West,Wall Clock,Home Decor,749,1,0.0,749,749.0,374.5,374.5
105407,2024-12-08,CUST0018,Small Business,West,Water Bottle,Accessories,349,1,0.0,349,349.0,191.95,157.05
105408,2024-12-08,CUST0399,Corporate,Central,Wireless Mouse,Electronics,599,3,20.0,1797,1437.6,1221.96,215.64
105409,2024-12-08,CUST0355,Consumer,Central,27in Monitor,Electronics,12999,1,0.0,12999,12999.0,8839.32,4159.68
105410,2024-12-08,CUST0332,Corporate,South,Sticky Notes Pack,Stationery,99,3,15.0,297,252.45,133.65,118.8
105411,2024-12-08,CUST0348,Consumer,Central,Bluetooth Speaker,Electronics,1999,1,10.0,1999,1799.1,1359.32,439.78
105412,2024-12-08,CUST0014,Consumer,East,Table Lamp,Furniture,899,1,20.0,899,719.2,557.38,161.82
105413,2024-12-08,CUST0053,Enterprise,South,Wall Clock,Home Decor,749,2,0.0,1498,1498.0,749.0,749.0
105414,2024-12-09,CUST0060,Consumer,East,Notebook Set,Stationery,199,1,0.0,199,199.0,89.55,109.45
105415,2024-12-09,CUST0147,Small Business,East,Whiteboard,Stationery,1499,1,0.0,1499,1499.0,674.55,824.45
105416,2024-12-09,CUST0303,Small Business,East,Backpack,Accessories,1799,2,0.0,3598,3598.0,1978.9,1619.1
105417,2024-12-09,CUST0160,Small Business,North,Mechanical Keyboard,Electronics,2499,1,5.0,2499,2374.05,1699.32,674.73
105418,2024-12-09,CUST0241,Enterprise,West,Wireless Mouse,Electronics,599,1,0.0,599,599.0,407.32,191.68
105419,2024-12-09,CUST0167,Consumer,East,Wireless Mouse,Electronics,599,1,0.0,599,599.0,407.32,191.68
105420,2024-12-09,CUST0332,Corporate,South,Wireless Mouse,Electronics,599,1,20.0,599,479.2,407.32,71.88
105421,2024-12-09,CUST0334,Consumer,West,Standing Desk,Furniture,14999,2,0.0,29998,29998.0,18598.76,11399.24
105422,2024-12-09,CUST0350,Small Business,West,Mechanical Keyboard,Electronics,2499,1,15.0,2499,2124.15,1699.32,424.83
105423,2024-12-10,CUST0312,Consumer,North,Photo Frame Set,Home Decor,549,1,0.0,549,549.0,274.5,274.5
105424,2024-12-10,CUST0290,Small Business,South,Whiteboard,Stationery,1499,1,20.0,1499,1199.2,674.55,524.65
105425,2024-12-10,CUST0397,Corporate,West,Whiteboard,Stationery,1499,1,20.0,1499,1199.2,674.55,524.65
105426,2024-12-10,CUST0259,Small Business,East,Wireless Mouse,Electronics,599,1,0.0,599,599.0,407.32,191.68
105427,2024-12-10,CUST0166,Corporate,North,27in Monitor,Electronics,12999,1,0.0,12999,12999.0,8839.32,4159.68
105428,2024-12-10,CUST0269,Consumer,West,Bookshelf,Furniture,3499,2,5.0,6998,6648.1,4338.76,2309.34
105429,2024-12-10,CUST0098,Consumer,West,Bookshelf,Furniture,3499,1,10.0,3499,3149.1,2169.38,979.72
105430,2024-12-10,CUST0103,Consumer,Central,Wireless Mouse,Electronics,599,1,0.0,599,599.0,407.32,191.68
105431,2024-12-11,CUST0356,Small Business,West,Mechanical Keyboard,Electronics,2499,2,0.0,4998,4998.0,3398.64,1599.36
105432,2024-12-11,CUST0218,Small Business,East,Bookshelf,Furniture,3499,1,0.0,3499,3499.0,2169.38,1329.62
105433,2024-12-11,CUST0221,Small Business,South,Mechanical Keyboard,Electronics,2499,1,15.0,2499,2124.15,1699.32,424.83
105434,2024-12-11,CUST0139,Consumer,North,Sticky Notes Pack,Stationery,99,1,0.0,99,99.0,44.55,54.45
105435,2024-12-11,CUST0348,Consumer,Central,Sticky Notes Pack,Stationery,99,1,0.0,99,99.0,44.55,54.45
105436,2024-12-11,CUST0198,Corporate,North,Sticky Notes Pack,Stationery,99,1,0.0,99,99.0,44.55,54.45
105437,2024-12-11,CUST0313,Consumer,Central,Backpack,Accessories,1799,1,0.0,1799,1799.0,989.45,809.55
105438,2024-12-11,CUST0376,Consumer,North,Photo Frame Set,Home Decor,549,1,0.0,549,549.0,274.5,274.5
105439,2024-12-11,CUST0105,Corporate,West,Wireless Mouse,Electronics,599,1,0.0,599,599.0,407.32,191.68
105440,2024-12-12,CUST0256,Small Business,North,Bookshelf,Furniture,3499,1,0.0,3499,3499.0,2169.38,1329.62
105441,2024-12-12,CUST0241,Enterprise,West,Bluetooth Speaker,Electronics,1999,4,0.0,7996,7996.0,5437.28,2558.72
105442,2024-12-12,CUST0315,Corporate,South,USB-C Hub,Electronics,1299,2,0.0,2598,2598.0,1766.64,831.36
105443,2024-12-12,CUST0316,Small Business,North,Bluetooth Speaker,Electronics,1999,4,0.0,7996,7996.0,5437.28,2558.72
105444,2024-12-12,CUST0266,Small Business,Central,USB-C Hub,Electronics,1299,2,20.0,2598,2078.4,1766.64,311.76
105445,2024-12-12,CUST0080,Consumer,South,Backpack,Accessories,1799,1,15.0,1799,1529.15,989.45,539.7
105446,2024-12-12,CUST0040,Consumer,East,Sticky Notes Pack,Stationery,99,3,0.0,297,297.0,133.65,163.35
105447,2024-12-12,CUST0010,Small Business,West,Mechanical Keyboard,Electronics,2499,1,0.0,2499,2499.0,1699.32,799.68
105448,2024-12-12,CUST0339,Consumer,West,Whiteboard,Stationery,1499,2,10.0,2998,2698.2,1349.1,1349.1
105449,2024-12-12,CUST0280,Corporate,South,Mechanical Keyboard,Electronics,2499,1,0.0,2499,2499.0,1699.32,799.68
105450,2024-12-13,CUST0239,Small Business,South,Notebook Set,Stationery,199,1,0.0,199,199.0,89.55,109.45
105451,2024-12-13,CUST0138,Small Business,North,Bluetooth Speaker,Electronics,1999,2,10.0,3998,3598.2,2718.64,879.56
105452,2024-12-13,CUST0232,Small Business,East,Table Lamp,Furniture,899,1,0.0,899,899.0,557.38,341.62
105453,2024-12-13,CUST0222,Small Business,South,Backpack,Accessories,1799,2,0.0,3598,3598.0,1978.9,1619.1
105454,2024-12-13,CUST0010,Small Business,West,Standing Desk,Furniture,14999,1,0.0,14999,14999.0,9299.38,5699.62
105455,2024-12-13,CUST0333,Consumer,North,Water Bottle,Accessories,349,2,0.0,698,698.0,383.9,314.1
105456,2024-12-13,CUST0243,Corporate,Central,Wireless Mouse,Electronics,599,1,15.0,599,509.15,407.32,101.83
105457,2024-12-13,CUST0137,Small Business,East,Backpack,Accessories,1799,1,0.0,1799,1799.0,989.45,809.55
105458,2024-12-13,CUST0114,Corporate,North,Standing Desk,Furniture,14999,2,5.0,29998,28498.1,18598.76,9899.34
105459,2024-12-13,CUST0208,Small Business,North,Mechanical Keyboard,Electronics,2499,1,0.0,2499,2499.0,1699.32,799.68
105460,2024-12-13,CUST0360,Small Business,East,Table Lamp,Furniture,899,1,0.0,899,899.0,557.38,341.62
105461,2024-12-13,CUST0120,Small Business,West,Notebook Set,Stationery,199,1,5.0,199,189.05,89.55,99.5
105462,2024-12-13,CUST0040,Consumer,East,Water Bottle,Accessories,349,1,5.0,349,331.55,191.95,139.6
105463,2024-12-13,CUST0234,Consumer,Central,Water Bottle,Accessories,349,1,15.0,349,296.65,191.95,104.7
105464,2024-12-13,CUST0048,Small Business,North,Bookshelf,Furniture,3499,1,0.0,3499,3499.0,2169.38,1329.62
105465,2024-12-13,CUST0369,Consumer,Central,Table Lamp,Furniture,899,1,0.0,899,899.0,557.38,341.62
105466,2024-12-14,CUST0238,Consumer,North,Whiteboard,Stationery,1499,3,0.0,4497,4497.0,2023.65,2473.35
105467,2024-12-14,CUST0302,Small Business,East,Backpack,Accessories,1799,4,0.0,7196,7196.0,3957.8,3238.2
105468,2024-12-14,CUST0396,Enterprise,South,Wireless Mouse,Electronics,599,1,10.0,599,539.1,407.32,131.78
105469,2024-12-14,CUST0236,Small Business,West,Notebook Set,Stationery,199,2,20.0,398,318.4,179.1,139.3
105470,2024-12-14,CUST0013,Corporate,North,Wireless Mouse,Electronics,599,2,5.0,1198,1138.1,814.64,323.46
105471,2024-12-14,CUST0100,Consumer,Central,Bluetooth Speaker,Electronics,1999,1,5.0,1999,1899.05,1359.32,539.73
105472,2024-12-14,CUST0046,Small Business,South,Standing Desk,Furniture,14999,1,0.0,14999,14999.0,9299.38,5699.62
105473,2024-12-14,CUST0171,Small Business,North,Wireless Mouse,Electronics,599,1,0.0,599,599.0,407.32,191.68
105474,2024-12-14,CUST0146,Consumer,Central,Wall Clock,Home Decor,749,4,0.0,2996,2996.0,1498.0,1498.0
105475,2024-12-14,CUST0012,Enterprise,Central,Bluetooth Speaker,Electronics,1999,1,0.0,1999,1999.0,1359.32,639.68
105476,2024-12-14,CUST0264,Small Business,East,27in Monitor,Electronics,12999,1,10.0,12999,11699.1,8839.32,2859.78
105477,2024-12-14,CUST0254,Consumer,West,Wireless Mouse,Electronics,599,2,0.0,1198,1198.0,814.64,383.36
105478,2024-12-14,CUST0354,Consumer,East,Water Bottle,Accessories,349,1,0.0,349,349.0,191.95,157.05
105479,2024-12-14,CUST0217,Consumer,East,Mechanical Keyboard,Electronics,2499,2,0.0,4998,4998.0,3398.64,1599.36
105480,2024-12-14,CUST0324,Consumer,North,Bookshelf,Furniture,3499,2,0.0,6998,6998.0,4338.76,2659.24
105481,2024-12-14,CUST0182,Consumer,Central,Photo Frame Set,Home Decor,549,4,5.0,2196,2086.2,1098.0,988.2
105482,2024-12-14,CUST0082,Small Business,South,Backpack,Accessories,1799,2,15.0,3598,3058.3,1978.9,1079.4
105483,2024-12-15,CUST0298,Consumer,West,Photo Frame Set,Home Decor,549,1,0.0,549,549.0,274.5,274.5
105484,2024-12-15,CUST0282,Consumer,East,Water Bottle,Accessories,349,1,0.0,349,349.0,191.95,157.05
105485,2024-12-15,CUST0052,Corporate,North,Wall Clock,Home Decor,749,1,15.0,749,636.65,374.5,262.15
105486,2024-12-15,CUST0020,Consumer,South,Table Lamp,Furniture,899,1,0.0,899,899.0,557.38,341.62
105487,2024-12-15,CUST0089,Corporate,Central,Standing Desk,Furniture,14999,2,0.0,29998,29998.0,18598.76,11399.24
105488,2024-12-15,CUST0072,Consumer,West,Wall Clock,Home Decor,749,1,15.0,749,636.65,374.5,262.15
105489,2024-12-15,CUST0163,Small Business,East,27in Monitor,Electronics,12999,1,0.0,12999,12999.0,8839.32,4159.68
105490,2024-12-16,CUST0336,Consumer,South,Sticky Notes Pack,Stationery,99,1,0.0,99,99.0,44.55,54.45
105491,2024-12-16,CUST0030,Consumer,Central,Notebook Set,Stationery,199,1,20.0,199,159.2,89.55,69.65
105492,2024-12-16,CUST0223,Consumer,South,Backpack,Accessories,1799,1,15.0,1799,1529.15,989.45,539.7
105493,2024-12-16,CUST0181,Consumer,East,Whiteboard,Stationery,1499,1,5.0,1499,1424.05,674.55,749.5
105494,2024-12-16,CUST0037,Consumer,Central,Sticky Notes Pack,Stationery,99,1,0.0,99,99.0,44.55,54.45
105495,2024-12-16,CUST0012,Enterprise,Central,Bluetooth Speaker,Electronics,1999,1,15.0,1999,1699.15,1359.32,339.83
105496,2024-12-16,CUST0038,Consumer,East,USB-C Hub,Electronics,1299,1,10.0,1299,1169.1,883.32,285.78
105497,2024-12-17,CUST0207,Consumer,West,Water Bottle,Accessories,349,1,20.0,349,279.2,191.95,87.25
105498,2024-12-17,CUST0349,Consumer,Central,Wall Clock,Home Decor,749,1,0.0,749,749.0,374.5,374.5
105499,2024-12-17,CUST0254,Consumer,West,Notebook Set,Stationery,199,1,0.0,199,199.0,89.55,109.45
105500,2024-12-17,CUST0166,Corporate,North,Sticky Notes Pack,Stationery,99,1,0.0,99,99.0,44.55,54.45
105501,2024-12-17,CUST0362,Small Business,North,Bookshelf,Furniture,3499,1,0.0,3499,3499.0,2169.38,1329.62
105502,2024-12-17,CUST0086,Consumer,North,Bookshelf,Furniture,3499,2,0.0,6998,6998.0,4338.76,2659.24
105503,2024-12-18,CUST0101,Consumer,Central,Water Bottle,Accessories,349,1,0.0,349,349.0,191.95,157.05
105504,2024-12-18,CUST0094,Small Business,North,Wall Clock,Home Decor,749,2,10.0,1498,1348.2,749.0,599.2
105505,2024-12-18,CUST0118,Consumer,North,Backpack,Accessories,1799,1,0.0,1799,1799.0,989.45,809.55
105506,2024-12-18,CUST0225,Consumer,East,Whiteboard,Stationery,1499,1,5.0,1499,1424.05,674.55,749.5
105507,2024-12-18,CUST0334,Consumer,West,Mechanical Keyboard,Electronics,2499,1,0.0,2499,2499.0,1699.32,799.68
105508,2024-12-18,CUST0007,Consumer,East,Backpack,Accessories,1799,3,15.0,5397,4587.45,2968.35,1619.1
105509,2024-12-18,CUST0214,Consumer,Central,Backpack,Accessories,1799,1,20.0,1799,1439.2,989.45,449.75
105510,2024-12-18,CUST0203,Consumer,South,Office Chair,Furniture,6499,3,0.0,19497,19497.0,12088.14,7408.86
105511,2024-12-18,CUST0141,Enterprise,Central,Wall Clock,Home Decor,749,2,0.0,1498,1498.0,749.0,749.0
105512,2024-12-19,CUST0053,Enterprise,South,Table Lamp,Furniture,899,1,5.0,899,854.05,557.38,296.67
105513,2024-12-19,CUST0036,Corporate,South,Wall Clock,Home Decor,749,2,0.0,1498,1498.0,749.0,749.0
105514,2024-12-19,CUST0177,Small Business,West,Table Lamp,Furniture,899,2,0.0,1798,1798.0,1114.76,683.24
105515,2024-12-19,CUST0221,Small Business,South,Whiteboard,Stationery,1499,1,0.0,1499,1499.0,674.55,824.45
105516,2024-12-19,CUST0131,Consumer,South,Whiteboard,Stationery,1499,2,5.0,2998,2848.1,1349.1,1499.0
105517,2024-12-19,CUST0028,Small Business,Central,Mechanical Keyboard,Electronics,2499,1,0.0,2499,2499.0,1699.32,799.68
105518,2024-12-19,CUST0080,Consumer,South,Bluetooth Speaker,Electronics,1999,1,10.0,1999,1799.1,1359.32,439.78
105519,2024-12-19,CUST0046,Small Business,South,Standing Desk,Furniture,14999,4,20.0,59996,47996.8,37197.52,10799.28
105520,2024-12-19,CUST0325,Enterprise,West,Backpack,Accessories,1799,1,0.0,1799,1799.0,989.45,809.55
105521,2024-12-19,CUST0169,Consumer,North,Backpack,Accessories,1799,1,0.0,1799,1799.0,989.45,809.55
105522,2024-12-19,CUST0274,Corporate,Central,Backpack,Accessories,1799,2,0.0,3598,3598.0,1978.9,1619.1
105523,2024-12-19,CUST0037,Consumer,Central,27in Monitor,Electronics,12999,2,0.0,25998,25998.0,17678.64,8319.36
105524,2024-12-20,CUST0223,Consumer,South,Bluetooth Speaker,Electronics,1999,1,5.0,1999,1899.05,1359.32,539.73
105525,2024-12-20,CUST0399,Corporate,Central,Wireless Mouse,Electronics,599,4,5.0,2396,2276.2,1629.28,646.92
105526,2024-12-20,CUST0348,Consumer,Central,Photo Frame Set,Home Decor,549,4,0.0,2196,2196.0,1098.0,1098.0
105527,2024-12-20,CUST0042,Consumer,South,27in Monitor,Electronics,12999,1,0.0,12999,12999.0,8839.32,4159.68
105528,2024-12-20,CUST0150,Consumer,East,27in Monitor,Electronics,12999,1,0.0,12999,12999.0,8839.32,4159.68
105529,2024-12-20,CUST0187,Corporate,South,Bluetooth Speaker,Electronics,1999,1,0.0,1999,1999.0,1359.32,639.68
105530,2024-12-20,CUST0220,Corporate,South,Bluetooth Speaker,Electronics,1999,1,0.0,1999,1999.0,1359.32,639.68
105531,2024-12-20,CUST0127,Corporate,West,Wall Clock,Home Decor,749,1,10.0,749,674.1,374.5,299.6
105532,2024-12-20,CUST0052,Corporate,North,27in Monitor,Electronics,12999,1,0.0,12999,12999.0,8839.32,4159.68
105533,2024-12-20,CUST0131,Consumer,South,Standing Desk,Furniture,14999,1,5.0,14999,14249.05,9299.38,4949.67
105534,2024-12-20,CUST0196,Consumer,West,Bluetooth Speaker,Electronics,1999,3,5.0,5997,5697.15,4077.96,1619.19
105535,2024-12-21,CUST0031,Small Business,North,USB-C Hub,Electronics,1299,2,0.0,2598,2598.0,1766.64,831.36
105536,2024-12-21,CUST0005,Consumer,North,Backpack,Accessories,1799,1,20.0,1799,1439.2,989.45,449.75
105537,2024-12-21,CUST0196,Consumer,West,Standing Desk,Furniture,14999,1,0.0,14999,14999.0,9299.38,5699.62
105538,2024-12-21,CUST0331,Consumer,West,Standing Desk,Furniture,14999,1,5.0,14999,14249.05,9299.38,4949.67
105539,2024-12-21,CUST0199,Corporate,South,Bluetooth Speaker,Electronics,1999,1,0.0,1999,1999.0,1359.32,639.68
105540,2024-12-21,CUST0240,Consumer,North,USB-C Hub,Electronics,1299,1,0.0,1299,1299.0,883.32,415.68
105541,2024-12-21,CUST0358,Small Business,West,Notebook Set,Stationery,199,1,0.0,199,199.0,89.55,109.45
105542,2024-12-21,CUST0258,Small Business,East,Standing Desk,Furniture,14999,2,0.0,29998,29998.0,18598.76,11399.24
105543,2024-12-21,CUST0288,Small Business,Central,Table Lamp,Furniture,899,1,0.0,899,899.0,557.38,341.62
105544,2024-12-21,CUST0030,Consumer,Central,Water Bottle,Accessories,349,1,0.0,349,349.0,191.95,157.05
105545,2024-12-21,CUST0102,Small Business,Central,Backpack,Accessories,1799,1,5.0,1799,1709.05,989.45,719.6
105546,2024-12-22,CUST0272,Corporate,Central,Whiteboard,Stationery,1499,2,0.0,2998,2998.0,1349.1,1648.9
105547,2024-12-22,CUST0019,Consumer,East,Notebook Set,Stationery,199,1,20.0,199,159.2,89.55,69.65
105548,2024-12-22,CUST0397,Corporate,West,USB-C Hub,Electronics,1299,2,5.0,2598,2468.1,1766.64,701.46
105549,2024-12-22,CUST0163,Small Business,East,Bluetooth Speaker,Electronics,1999,1,0.0,1999,1999.0,1359.32,639.68
105550,2024-12-22,CUST0232,Small Business,East,Table Lamp,Furniture,899,1,0.0,899,899.0,557.38,341.62
105551,2024-12-22,CUST0124,Consumer,Central,27in Monitor,Electronics,12999,3,5.0,38997,37047.15,26517.96,10529.19
105552,2024-12-22,CUST0331,Consumer,West,Wall Clock,Home Decor,749,4,10.0,2996,2696.4,1498.0,1198.4
105553,2024-12-22,CUST0372,Consumer,South,Bookshelf,Furniture,3499,1,0.0,3499,3499.0,2169.38,1329.62
105554,2024-12-22,CUST0233,Small Business,North,Photo Frame Set,Home Decor,549,2,0.0,1098,1098.0,549.0,549.0
105555,2024-12-22,CUST0142,Consumer,West,Notebook Set,Stationery,199,1,0.0,199,199.0,89.55,109.45
105556,2024-12-22,CUST0223,Consumer,South,Sticky Notes Pack,Stationery,99,1,5.0,99,94.05,44.55,49.5
105557,2024-12-23,CUST0294,Consumer,East,Backpack,Accessories,1799,2,5.0,3598,3418.1,1978.9,1439.2
105558,2024-12-23,CUST0131,Consumer,South,27in Monitor,Electronics,12999,4,0.0,51996,51996.0,35357.28,16638.72
105559,2024-12-23,CUST0319,Consumer,West,Wall Clock,Home Decor,749,1,0.0,749,749.0,374.5,374.5
105560,2024-12-23,CUST0294,Consumer,East,Sticky Notes Pack,Stationery,99,1,0.0,99,99.0,44.55,54.45
105561,2024-12-23,CUST0035,Enterprise,South,USB-C Hub,Electronics,1299,1,0.0,1299,1299.0,883.32,415.68
105562,2024-12-23,CUST0254,Consumer,West,Water Bottle,Accessories,349,4,0.0,1396,1396.0,767.8,628.2
105563,2024-12-23,CUST0308,Consumer,South,Bookshelf,Furniture,3499,1,5.0,3499,3324.05,2169.38,1154.67
105564,2024-12-23,CUST0385,Small Business,Central,Bluetooth Speaker,Electronics,1999,1,0.0,1999,1999.0,1359.32,639.68
105565,2024-12-23,CUST0082,Small Business,South,Mechanical Keyboard,Electronics,2499,1,0.0,2499,2499.0,1699.32,799.68
105566,2024-12-23,CUST0362,Small Business,North,Photo Frame Set,Home Decor,549,1,0.0,549,549.0,274.5,274.5
105567,2024-12-24,CUST0260,Consumer,Central,Sticky Notes Pack,Stationery,99,2,0.0,198,198.0,89.1,108.9
105568,2024-12-24,CUST0352,Corporate,North,Water Bottle,Accessories,349,1,0.0,349,349.0,191.95,157.05
105569,2024-12-24,CUST0091,Consumer,North,27in Monitor,Electronics,12999,1,0.0,12999,12999.0,8839.32,4159.68
105570,2024-12-24,CUST0190,Consumer,Central,Standing Desk,Furniture,14999,1,0.0,14999,14999.0,9299.38,5699.62
105571,2024-12-24,CUST0333,Consumer,North,Wireless Mouse,Electronics,599,1,0.0,599,599.0,407.32,191.68
105572,2024-12-24,CUST0189,Small Business,North,USB-C Hub,Electronics,1299,1,0.0,1299,1299.0,883.32,415.68
105573,2024-12-24,CUST0114,Corporate,North,Bluetooth Speaker,Electronics,1999,1,0.0,1999,1999.0,1359.32,639.68
105574,2024-12-24,CUST0387,Consumer,East,Bluetooth Speaker,Electronics,1999,1,0.0,1999,1999.0,1359.32,639.68
105575,2024-12-24,CUST0194,Small Business,Central,Notebook Set,Stationery,199,4,15.0,796,676.6,358.2,318.4
105576,2024-12-24,CUST0004,Small Business,West,Wireless Mouse,Electronics,599,2,5.0,1198,1138.1,814.64,323.46
105577,2024-12-25,CUST0216,Consumer,South,Water Bottle,Accessories,349,1,0.0,349,349.0,191.95,157.05
105578,2024-12-25,CUST0045,Consumer,South,Bookshelf,Furniture,3499,1,0.0,3499,3499.0,2169.38,1329.62
105579,2024-12-25,CUST0346,Small Business,North,Sticky Notes Pack,Stationery,99,1,0.0,99,99.0,44.55,54.45
105580,2024-12-25,CUST0239,Small Business,South,Office Chair,Furniture,6499,1,0.0,6499,6499.0,4029.38,2469.62
105581,2024-12-25,CUST0246,Corporate,South,Office Chair,Furniture,6499,2,0.0,12998,12998.0,8058.76,4939.24
105582,2024-12-25,CUST0040,Consumer,East,Table Lamp,Furniture,899,2,0.0,1798,1798.0,1114.76,683.24
105583,2024-12-26,CUST0080,Consumer,South,Wireless Mouse,Electronics,599,2,,1198,1198.0,814.64,383.36
105584,2024-12-26,CUST0014,Consumer,East,Bluetooth Speaker,Electronics,1999,1,0.0,1999,1999.0,1359.32,639.68
105585,2024-12-26,CUST0173,Small Business,North,Office Chair,Furniture,6499,1,5.0,6499,6174.05,4029.38,2144.67
105586,2024-12-26,CUST0359,Enterprise,West,Wireless Mouse,Electronics,599,1,0.0,599,599.0,407.32,191.68
105587,2024-12-26,CUST0131,Consumer,South,Bluetooth Speaker,Electronics,1999,2,0.0,3998,3998.0,2718.64,1279.36
105588,2024-12-26,CUST0311,Consumer,East,Wall Clock,Home Decor,749,1,15.0,749,636.65,374.5,262.15
105589,2024-12-27,CUST0022,Consumer,Central,Wall Clock,Home Decor,749,2,0.0,1498,1498.0,749.0,749.0
105590,2024-12-27,CUST0314,Enterprise,West,Bluetooth Speaker,Electronics,1999,1,0.0,1999,1999.0,1359.32,639.68
105591,2024-12-27,CUST0050,Consumer,Central,Backpack,Accessories,1799,1,0.0,1799,1799.0,989.45,809.55
105592,2024-12-27,CUST0074,Corporate,South,Wireless Mouse,Electronics,599,2,10.0,1198,1078.2,814.64,263.56
105593,2024-12-27,CUST0198,Corporate,North,Bookshelf,Furniture,3499,1,0.0,3499,3499.0,2169.38,1329.62
105594,2024-12-27,CUST0036,Corporate,South,Notebook Set,Stationery,199,2,10.0,398,358.2,179.1,179.1
105595,2024-12-27,CUST0057,Consumer,Central,Bookshelf,Furniture,3499,1,0.0,3499,3499.0,2169.38,1329.62
105596,2024-12-27,CUST0386,Corporate,East,Wireless Mouse,Electronics,599,1,0.0,599,599.0,407.32,191.68
105597,2024-12-27,CUST0390,Corporate,South,Whiteboard,Stationery,1499,2,0.0,2998,2998.0,1349.1,1648.9
105598,2024-12-27,CUST0093,Corporate,North,Bluetooth Speaker,Electronics,1999,2,0.0,3998,3998.0,2718.64,1279.36
105599,2024-12-27,CUST0083,Consumer,West,Water Bottle,Accessories,349,1,10.0,349,314.1,191.95,122.15
105600,2024-12-27,CUST0329,Consumer,Central,Office Chair,Furniture,6499,2,0.0,12998,12998.0,8058.76,4939.24
105601,2024-12-28,CUST0130,Small Business,West,Sticky Notes Pack,Stationery,99,4,0.0,396,396.0,178.2,217.8
105602,2024-12-28,CUST0119,Corporate,East,Notebook Set,Stationery,199,2,0.0,398,398.0,179.1,218.9
105603,2024-12-28,CUST0097,Small Business,South,Bluetooth Speaker,Electronics,1999,1,5.0,1999,1899.05,1359.32,539.73
105604,2024-12-28,CUST0128,Corporate,South,Photo Frame Set,Home Decor,549,2,0.0,1098,1098.0,549.0,549.0
105605,2024-12-28,CUST0259,Small Business,East,Photo Frame Set,Home Decor,549,1,0.0,549,549.0,274.5,274.5
105606,2024-12-28,CUST0033,Consumer,Central,Sticky Notes Pack,Stationery,99,1,0.0,99,99.0,44.55,54.45
105607,2024-12-28,CUST0286,Consumer,North,Wireless Mouse,Electronics,599,1,5.0,599,569.05,407.32,161.73
105608,2024-12-28,CUST0280,Corporate,South,Office Chair,Furniture,6499,1,0.0,6499,6499.0,4029.38,2469.62
105609,2024-12-28,CUST0277,Corporate,South,Sticky Notes Pack,Stationery,99,1,0.0,99,99.0,44.55,54.45
105610,2024-12-28,CUST0179,Enterprise,Central,Bookshelf,Furniture,3499,1,0.0,3499,3499.0,2169.38,1329.62
105611,2024-12-28,CUST0154,Consumer,South,27in Monitor,Electronics,12999,1,0.0,12999,12999.0,8839.32,4159.68
105612,2024-12-28,CUST0004,Small Business,West,Table Lamp,Furniture,899,1,0.0,899,899.0,557.38,341.62
105613,2024-12-28,CUST0370,Consumer,West,Mechanical Keyboard,Electronics,2499,1,20.0,2499,1999.2,1699.32,299.88
105614,2024-12-28,CUST0059,Consumer,Central,Mechanical Keyboard,Electronics,2499,1,5.0,2499,2374.05,1699.32,674.73
105615,2024-12-28,CUST0202,Consumer,South,Whiteboard,Stationery,1499,4,10.0,5996,5396.4,2698.2,2698.2
105616,2024-12-29,CUST0029,Small Business,West,USB-C Hub,Electronics,1299,1,0.0,1299,1299.0,883.32,415.68
105617,2024-12-29,CUST0187,Corporate,South,Mechanical Keyboard,Electronics,2499,1,10.0,2499,2249.1,1699.32,549.78
105618,2024-12-29,CUST0264,Small Business,East,USB-C Hub,Electronics,1299,1,10.0,1299,1169.1,883.32,285.78
105619,2024-12-29,CUST0148,Small Business,Central,Wireless Mouse,Electronics,599,1,10.0,599,539.1,407.32,131.78
105620,2024-12-29,CUST0235,Consumer,Central,Standing Desk,Furniture,14999,1,0.0,14999,14999.0,9299.38,5699.62
105621,2024-12-29,CUST0276,Small Business,West,Office Chair,Furniture,6499,3,0.0,19497,19497.0,12088.14,7408.86
105622,2024-12-29,CUST0224,Consumer,East,Notebook Set,Stationery,199,1,0.0,199,199.0,89.55,109.45
105623,2024-12-29,CUST0137,Small Business,East,27in Monitor,Electronics,12999,1,0.0,12999,12999.0,8839.32,4159.68
105624,2024-12-29,CUST0258,Small Business,East,Standing Desk,Furniture,14999,1,5.0,14999,14249.05,9299.38,4949.67
105625,2024-12-29,CUST0350,Small Business,West,Office Chair,Furniture,6499,2,0.0,12998,12998.0,8058.76,4939.24
105626,2024-12-29,CUST0343,Consumer,East,27in Monitor,Electronics,12999,1,20.0,12999,10399.2,8839.32,1559.88
105627,2024-12-29,CUST0077,Corporate,East,Sticky Notes Pack,Stationery,99,1,0.0,99,99.0,44.55,54.45
105628,2024-12-30,CUST0388,Consumer,North,Photo Frame Set,Home Decor,549,1,0.0,549,549.0,274.5,274.5
105629,2024-12-30,CUST0321,Small Business,North,Whiteboard,Stationery,1499,2,0.0,2998,2998.0,1349.1,1648.9
105630,2024-12-31,CUST0227,Enterprise,West,Water Bottle,Accessories,349,2,0.0,698,698.0,383.9,314.1
105631,2024-12-31,CUST0052,Corporate,North,Backpack,Accessories,1799,1,0.0,1799,1799.0,989.45,809.55
105632,2024-12-31,CUST0072,Consumer,West,USB-C Hub,Electronics,1299,2,0.0,2598,2598.0,1766.64,831.36
105633,2024-12-31,CUST0121,Corporate,South,Water Bottle,Accessories,349,1,0.0,349,349.0,191.95,157.05
105634,2024-12-31,CUST0043,Consumer,West,Notebook Set,Stationery,199,1,0.0,199,199.0,89.55,109.45
105635,2024-12-31,CUST0037,Consumer,Central,Whiteboard,Stationery,1499,1,0.0,1499,1499.0,674.55,824.45
105636,2024-12-31,CUST0293,Corporate,North,Wall Clock,Home Decor,749,4,0.0,2996,2996.0,1498.0,1498.0
105637,2024-12-31,CUST0110,Consumer,West,Office Chair,Furniture,6499,1,5.0,6499,6174.05,4029.38,2144.67
105638,2024-12-31,CUST0023,Consumer,East,Sticky Notes Pack,Stationery,99,1,0.0,99,99.0,44.55,54.45
105639,2024-12-31,CUST0192,Corporate,North,Wall Clock,Home Decor,749,1,0.0,749,749.0,374.5,374.5
105640,2024-12-31,CUST0174,Consumer,East,Office Chair,Furniture,6499,1,0.0,6499,6499.0,4029.38,2469.62
105276,2024-11-26,CUST0022,Consumer,Central,Backpack,Accessories,1799,4,0.0,7196,7196.0,3957.8,3238.2
101604,2023-08-28,CUST0274,Corporate,Central,Photo Frame Set,Home Decor,549,4,10.0,2196,1976.4,1098.0,878.4
101207,2023-07-02,CUST0072,Consumer,West,Mechanical Keyboard,Electronics,2499,1,0.0,2499,2499.0,1699.32,799.68
101587,2023-08-25,CUST0082,Small Business,South,Standing Desk,Furniture,14999,2,0.0,29998,29998.0,18598.76,11399.24
105402,2024-12-08,CUST0215,Small Business,Central,Water Bottle,Accessories,349,1,0.0,349,349.0,191.95,157.05
103204,2024-02-27,CUST0238,Consumer,North,Bluetooth Speaker,Electronics,1999,1,10.0,1999,1799.1,1359.32,439.78
104944,2024-10-25,CUST0141,Enterprise,Central,Water Bottle,Accessories,349,1,0.0,349,349.0,191.95,157.05
100944,2023-05-31,CUST0328,Small Business,North,Whiteboard,Stationery,1499,1,0.0,1499,1499.0,674.55,824.45
105026,2024-11-02,CUST0009,Small Business,North,27in Monitor,Electronics,12999,1,0.0,12999,12999.0,8839.32,4159.68
101999,2023-10-15,CUST0292,Consumer,North,Wall Clock,Home Decor,749,1,0.0,749,749.0,374.5,374.5
103341,2024-03-18,CUST0007,Consumer,East,Bluetooth Speaker,Electronics,1999,1,10.0,1999,1799.1,1359.32,439.78
105382,2024-12-06,CUST0312,Consumer,North,Wall Clock,Home Decor,749,4,0.0,2996,2996.0,1498.0,1498.0
103307,2024-03-13,CUST0112,Consumer,South,Photo Frame Set,Home Decor,549,1,5.0,549,521.55,274.5,247.05
101826,2023-09-27,CUST0092,Small Business,West,Wall Clock,Home Decor,749,1,10.0,749,674.1,374.5,299.6
104035,2024-06-26,CUST0077,Corporate,East,Photo Frame Set,Home Decor,549,1,15.0,549,466.65,274.5,192.15
